v_coco_id,coco_Id
False,412922
False,565227
False,19624
False,311284
False,311182
False,513441
False,67065
False,158497
False,396338
False,383112
True,343159
False,188852
False,62351
False,43288
False,84449
False,95891
True,391179
False,545251
False,358817
False,18792
False,128211
False,85589
False,237111
False,145684
False,159459
False,555265
False,177150
False,464092
False,161062
False,128670
False,561448
False,329789
False,170147
True,376751
False,64622
False,408965
False,163104
False,24264
False,34279
False,441577
False,45153
False,108272
False,337256
False,84170
False,98480
False,445500
False,299974
True,233901
False,251899
False,362229
False,369977
False,392715
False,438896
False,536831
False,440792
False,268114
False,219174
False,172901
False,177338
False,513729
False,363468
False,297537
False,450590
False,275672
False,513805
False,124703
False,487962
False,267910
False,84767
False,119139
False,289276
False,528018
False,471927
False,157714
False,529373
False,161925
False,340329
False,116017
False,501435
False,507882
False,224476
False,215579
False,124473
False,207437
False,8690
False,345040
False,343630
False,30073
False,350035
False,269343
False,485381
False,226404
True,282847
False,390627
False,47732
False,237423
False,502679
False,217726
False,226660
False,464675
False,343284
False,436273
False,80281
False,288399
True,226613
True,71313
False,205464
False,211161
False,558426
False,473119
False,568265
True,419571
False,322895
False,560744
False,225130
False,51763
False,10710
False,103978
False,353489
False,232085
False,507642
False,354444
False,512989
False,237513
False,240976
False,452873
False,114077
True,165546
False,27270
False,528796
False,263613
False,298721
False,403999
False,415089
False,3077
False,226357
True,74103
False,335521
True,420298
False,482730
False,379441
False,219905
True,489827
False,252570
True,125746
False,194054
False,317619
False,369438
False,501110
False,196919
False,377545
False,350214
False,5816
False,89298
False,169068
False,121452
False,406155
False,538822
False,364159
False,300537
False,143140
False,483013
False,324912
False,89908
False,304389
False,161518
False,335063
False,196413
False,170540
False,488857
True,47801
False,514553
False,316006
False,535626
False,251219
False,410084
False,333517
False,128291
False,532505
False,252381
False,407139
True,304248
False,337930
False,490264
False,449250
False,168803
False,451985
False,77187
False,382671
False,441173
False,199943
False,288797
False,204767
False,347763
False,45994
False,536168
False,335524
False,151480
False,69391
False,140636
False,401037
False,529377
False,177167
False,300388
False,81406
False,24530
False,75033
False,349960
False,135965
False,270278
False,23802
True,456708
False,333978
False,9175
False,495825
True,215380
False,547618
False,344857
False,87101
False,374669
False,534417
False,580813
False,476481
False,18942
False,531392
False,37779
False,368373
True,154567
False,396415
False,352313
False,332574
False,441196
False,487854
False,245272
False,484700
False,475006
False,76856
False,575644
False,473658
False,273250
False,17604
False,354088
False,465257
False,18627
False,221212
False,369986
False,517629
False,452919
False,73192
False,305502
False,41606
False,282523
False,292227
False,86652
False,445671
False,518772
False,132954
False,511751
False,400555
False,488032
False,480936
False,570660
False,267588
True,17869
False,347236
False,140068
False,395893
False,248979
False,391754
False,543696
False,36423
False,141251
True,132509
False,130006
False,384953
False,108617
False,485387
False,367452
False,454382
False,201260
False,410590
False,19238
False,234948
False,59610
False,167353
False,146910
False,169480
False,30713
False,567665
False,376478
False,464824
False,450910
False,122606
False,320616
False,170024
False,412615
False,462814
False,195724
False,471846
False,213731
False,120541
False,409382
False,149221
False,389654
False,232338
False,560010
False,79356
False,447082
False,463788
False,71929
False,283426
False,67255
False,225337
False,337479
False,525015
False,68223
False,56733
False,108501
False,558181
False,265115
False,179114
False,468825
False,159582
False,305923
False,363100
False,419028
False,410912
False,233690
False,13325
False,564990
False,399476
False,57334
False,159133
False,222340
False,87735
False,409108
True,139555
False,538411
False,267699
False,67590
True,426064
False,301646
False,544039
False,131351
False,33124
False,326192
False,426259
False,458058
False,216665
False,39553
False,387098
True,340406
False,547136
False,505663
False,336479
False,133912
False,106849
False,573337
False,368763
False,581821
False,192867
False,67729
False,514563
False,225834
False,351062
False,574141
False,269807
False,378155
False,373970
False,36776
False,485300
False,104973
False,367259
False,565485
False,142130
False,478811
False,139426
False,100283
False,83691
False,534140
False,251084
False,37044
False,275115
False,163306
False,281632
False,196948
False,293244
False,198641
False,121562
False,232376
False,49450
False,320582
False,110601
False,269704
False,425201
False,305885
False,335928
False,28868
False,453216
False,460408
False,187064
False,18687
False,27298
False,212382
False,314493
False,168558
False,371682
False,460909
False,332755
False,265625
False,418804
False,122776
False,489949
False,239706
False,527637
False,492627
False,20119
False,109858
False,142757
True,511127
False,64510
False,502001
False,165359
False,448463
False,487245
False,531309
False,118734
False,72621
False,283642
False,323123
False,226890
False,124829
False,315621
False,129563
False,529780
False,459320
False,36661
True,350614
False,253415
False,499940
False,86530
False,29406
False,99313
False,30657
False,280123
False,193090
False,348697
False,224989
False,540159
False,80960
False,200788
False,433568
False,151125
False,264244
False,214523
False,223374
False,535896
False,23631
False,401132
False,370562
False,46185
False,437546
False,384260
False,431178
False,368479
False,24725
False,97994
False,321790
False,408048
False,471175
False,436385
False,559816
False,108021
False,399330
False,319655
False,274786
False,539845
False,400975
False,578255
False,309948
False,423455
False,156763
False,405931
False,56480
False,444037
False,523195
False,318234
False,212523
False,321346
False,41888
False,192636
False,285600
False,350789
False,452341
False,270274
False,40008
False,224379
False,366802
True,233188
False,274341
False,29575
False,476685
False,230892
False,403525
False,353881
False,388130
False,7559
False,458642
False,234728
False,528892
False,197499
False,167411
False,152176
False,402902
False,220042
False,36041
False,475932
False,105529
False,64710
False,483923
False,187132
False,557886
False,17909
False,29252
False,336764
False,381854
False,239754
False,62664
False,240500
False,106144
False,366688
False,103151
True,269815
False,74390
False,216531
False,384
False,479732
False,15203
False,332182
False,117821
False,422520
False,452674
False,551454
False,335066
False,549301
False,442144
False,468305
False,357552
False,57363
False,197305
False,499656
False,26928
False,55169
False,91979
False,199849
False,50061
False,466597
False,120926
False,543379
False,262207
False,365444
False,29753
False,484651
True,532449
False,524522
False,320979
True,441905
False,87871
False,355214
False,562242
False,15354
False,526571
False,315908
False,206274
False,330037
False,47614
False,229158
False,450841
True,94664
False,171717
False,423488
False,9057
False,455218
False,568587
False,491450
False,559225
False,352561
False,30010
False,578513
False,400710
False,460362
False,67347
False,115637
False,7596
False,476500
False,129765
False,467911
False,216115
False,395050
False,322807
False,455301
False,249471
False,553985
False,377576
False,565834
False,330041
False,372197
False,401402
False,465786
False,103539
False,46526
False,408405
False,270702
False,60449
False,114259
False,500941
False,560178
False,474353
False,400617
False,149731
False,4665
False,453634
False,24076
False,539879
False,237701
False,251920
False,108000
False,460342
False,97165
False,421297
False,163065
False,32655
False,454680
False,236845
False,74345
False,547106
False,214943
False,292845
True,487925
False,93604
False,7107
False,83167
False,67985
False,573254
False,333152
False,107982
False,493300
False,36494
False,296511
False,40069
False,24682
False,71015
False,129072
False,352703
False,173966
False,529813
False,252952
False,184751
False,516985
False,309615
False,115846
False,382448
False,127530
False,487456
False,136785
True,283937
False,281330
False,274779
False,329018
False,173695
False,185108
False,280808
False,264499
False,249611
False,523229
False,242153
False,427142
False,75322
False,130759
False,544291
False,181769
False,369367
False,400581
False,325487
False,237791
False,82121
False,322008
True,190991
False,79415
False,130681
False,364448
False,54121
False,559780
False,334774
False,542365
False,181084
False,535649
False,280764
False,359713
False,34167
False,456420
False,108655
False,308889
False,305832
False,357903
False,547528
True,181837
False,28214
False,341065
False,263647
False,485179
False,474827
False,272343
False,31829
False,488135
False,567396
False,75857
False,489066
False,381214
True,154798
False,366268
False,449686
False,298327
False,478892
False,414764
False,280368
False,108762
True,117250
False,533019
False,289610
False,277706
False,190863
False,202489
False,191731
False,334932
False,20983
False,398419
False,150013
False,152209
False,161354
False,408492
False,38772
False,53842
False,1739
False,196928
False,317878
False,410942
False,570836
False,77174
False,88835
False,67320
False,48035
False,33990
False,533231
False,151000
False,390157
False,254789
False,54229
False,380780
False,141664
False,106646
False,360173
False,517832
False,523782
False,74714
False,32997
False,517597
True,358534
False,406873
False,187963
False,126495
False,454155
False,558134
False,39628
False,38305
False,132094
False,90225
False,508831
False,191568
False,442585
False,206486
True,295265
False,451944
False,308257
False,57689
False,317756
False,487632
False,288358
False,461705
False,260266
False,230945
False,122527
False,469918
False,42137
False,394623
False,236294
False,170962
False,328743
False,287372
False,156324
False,359855
True,416059
False,283573
False,531172
False,177058
False,461156
False,390439
False,470711
False,170968
True,6380
False,287105
False,228442
False,137134
False,232484
False,440893
True,78016
False,224238
False,238563
False,31634
False,551434
False,466901
False,551169
False,40251
False,501867
False,249815
False,212427
False,469279
False,264781
False,125575
False,66798
False,275663
False,321846
False,171419
False,393630
False,407279
False,584
False,480582
True,532055
False,147226
False,421618
True,26483
False,323133
False,227978
False,2244
False,271344
False,138189
False,448985
False,433145
False,210434
False,405401
False,61175
False,409155
False,99388
False,549496
False,65880
False,74828
False,511058
False,481828
False,195703
False,379034
False,58531
False,502006
False,29730
False,41890
False,396260
False,264324
False,85053
False,229885
False,89481
False,177516
False,562611
False,334658
False,218775
False,357996
False,335688
False,539395
False,41908
False,71371
False,275893
False,369452
False,391113
False,355458
False,17096
True,431991
False,151110
False,65484
False,513200
False,387148
False,300383
False,211063
False,138367
False,283454
False,578861
False,420629
False,26319
False,340331
False,194140
False,382951
False,9723
False,434916
False,107362
False,216579
False,267015
False,547730
False,441169
False,23107
False,485576
False,345617
False,573830
False,996
False,49470
True,400062
False,207763
True,311615
False,432293
False,30643
False,185820
False,127880
False,270009
False,541171
False,537132
False,467990
False,434693
False,214811
False,46608
False,575534
False,248391
False,302588
False,283316
False,8841
False,532633
False,503392
False,26782
False,561677
False,572215
False,288642
False,240175
False,216235
False,373974
False,11042
False,91374
False,119706
False,132552
False,418282
False,198085
False,21979
False,191262
False,497797
False,313812
False,498196
True,536241
False,48150
False,25
False,239007
False,426229
False,133281
False,202970
False,116181
False,85659
False,536055
False,424744
False,58624
False,40705
False,113861
False,39196
False,500877
False,441672
False,315790
False,319747
False,473508
False,143699
False,317061
False,498657
False,242296
False,350083
False,478250
False,18367
False,231222
False,102004
False,135338
False,502593
False,420398
False,537393
False,184275
False,8418
False,363022
False,46258
False,560054
False,69578
False,234811
False,360898
False,209563
False,569997
False,308598
False,391979
False,498525
False,463620
False,501855
False,292597
False,245451
False,368439
False,107860
False,482441
False,499835
False,461759
True,508045
False,517123
False,263759
False,27002
False,18480
False,539340
False,255216
False,221787
False,425153
False,365312
False,313342
False,310649
False,180351
True,354070
False,504396
False,108894
False,230336
False,327462
False,83471
False,417946
False,66325
False,119965
False,196650
False,355357
False,227958
False,26388
False,165203
False,136229
False,67463
False,208984
False,319126
False,141616
False,454252
False,394480
False,21622
False,140352
False,355263
False,203615
False,451559
False,275642
False,13948
False,444879
False,197118
False,196112
False,255925
False,460208
False,151807
False,338189
False,301908
False,90370
False,285579
False,240210
True,492608
False,391839
False,398540
False,12044
False,213162
False,99988
False,374502
False,197593
False,114152
False,189838
False,247086
False,490153
False,274999
False,76211
False,314822
False,530433
False,195444
False,71006
False,544060
True,477867
False,373021
False,164115
False,483033
False,381107
False,244557
False,441013
True,479035
False,174043
False,488664
False,186856
False,194262
True,5476
False,465347
True,335824
False,316443
False,50578
False,461826
False,60450
False,312388
False,117535
False,154011
False,457078
False,154755
False,331868
False,174243
False,141095
False,204650
False,164598
False,369081
False,420929
False,544660
False,387529
False,64105
False,405823
False,209813
False,92953
False,484026
False,417264
False,221448
False,163358
False,306044
False,253710
False,89362
False,409451
False,202767
False,71815
False,549626
False,325907
False,299968
False,116603
False,270325
False,5678
False,559079
False,210846
False,351218
False,557633
True,488069
False,366510
False,129328
False,226840
False,180436
False,53289
False,11655
False,203653
False,50725
True,338501
False,550144
False,100468
False,343148
True,560384
False,217153
False,185593
False,273602
False,344298
False,306030
False,484617
False,232801
False,540135
False,257896
False,219426
False,166463
False,502504
False,337201
False,208773
False,195579
False,315013
False,109278
False,570601
False,92731
False,91725
False,57796
False,128405
False,226055
False,365792
False,283530
False,397135
False,146256
False,471332
False,230490
False,464839
False,565664
False,428420
False,74975
False,64139
False,361193
False,104191
False,455352
False,218947
False,533451
False,280017
False,418557
False,567813
True,141825
False,304523
False,550736
True,227928
False,474243
False,273919
False,577563
True,429913
False,391255
False,101952
False,391519
False,422424
False,105626
True,395182
False,544472
False,237568
False,79111
False,138288
False,378613
False,248232
True,28692
False,300855
False,213091
False,432420
False,190307
False,567693
False,337472
False,8471
False,181322
False,234956
False,492171
False,376436
False,298189
False,104126
False,178645
False,488423
False,14567
False,68572
False,395500
False,483453
False,270893
False,5906
False,102460
False,488942
False,189836
False,556746
True,562062
False,563177
True,318637
False,495457
True,171016
False,367329
False,96354
False,185229
False,352533
False,122874
False,176278
True,411408
False,536294
False,424135
False,497807
False,410849
False,336735
False,506401
False,198178
False,97218
False,484964
False,199487
False,119108
False,549830
False,494003
False,484485
False,75324
False,51310
False,264511
False,305380
False,291560
False,553501
False,15885
False,373421
False,554021
False,184621
False,488282
True,451018
False,453082
False,28184
False,459821
True,625
False,451647
False,397735
False,74114
False,372250
False,397842
False,160661
False,175821
False,555062
False,503714
False,313807
False,264320
False,181128
True,10149
False,30109
False,453785
False,165610
False,471283
False,445141
False,322164
False,270747
False,409316
False,199540
False,438063
False,464857
False,217378
False,322574
False,26625
False,245314
False,381858
False,535977
False,357529
False,565160
False,132646
False,476504
False,29577
False,331588
False,439765
False,343393
False,129766
False,546021
False,526188
False,413472
False,284987
False,567488
False,302662
True,49502
False,511977
False,488198
False,447314
False,391222
False,333654
False,371714
False,228677
False,288874
False,272159
False,408526
False,281122
False,14276
False,53177
False,293909
False,147873
False,98671
False,411832
False,155356
False,255069
False,60771
False,213525
False,313073
False,452982
False,5344
False,129407
False,357656
False,383452
True,123462
False,411330
False,302572
False,311522
False,229774
True,558766
False,262172
False,254775
False,34097
False,53121
False,316675
False,146208
False,220607
False,340405
False,426845
False,46731
False,325390
False,425135
False,384482
False,268430
False,502860
False,152406
False,356880
False,104001
False,84884
False,364266
False,63558
False,146850
False,54632
False,15017
False,477046
False,290881
False,136343
False,513125
False,168134
False,84060
False,222026
False,533625
False,334648
False,385669
False,4711
False,388805
False,534130
False,384827
False,213288
False,484761
False,126737
False,417814
False,534553
False,406332
False,55707
False,417141
False,484754
False,102357
False,324338
False,273103
False,460364
False,17967
True,2498
True,80273
False,76680
False,383979
False,55514
False,461885
False,146654
False,152434
False,532768
False,245450
False,334021
False,331635
False,468771
False,35127
False,323979
False,534958
False,529864
False,243574
False,180540
False,130973
True,76822
False,436038
True,363188
False,354799
False,192216
False,145562
False,155035
False,544410
False,303942
False,295765
False,179886
False,411436
False,482062
False,402711
False,107628
True,111416
False,1732
False,379740
False,1877
False,166426
False,532671
False,568700
False,433652
False,100517
False,254512
False,242911
False,81033
False,32275
False,360126
True,437129
False,156859
False,176500
False,129060
False,302250
False,35473
False,240074
False,421064
False,77837
False,332131
False,236268
False,192799
False,320286
False,33830
False,471913
False,265187
False,492470
False,30607
False,96043
False,452912
False,373789
False,342976
False,44266
False,54889
False,517031
False,293955
False,167649
False,572184
False,357074
False,450763
False,157350
False,138254
False,504670
True,345149
False,264636
False,439325
False,154616
False,475365
False,294236
False,42876
False,216603
False,184246
False,24912
False,114375
False,514685
False,422916
False,540774
False,508291
False,374192
False,496264
False,137877
True,136302
False,439702
False,231604
False,550396
False,514391
False,451680
True,319073
False,253742
False,543254
False,479394
False,536683
False,510570
False,575612
False,323829
False,89648
False,345142
False,338439
False,164710
False,137748
False,352576
False,170974
False,324500
False,242116
False,267049
False,52527
False,253575
False,442306
False,396051
True,492271
False,282042
False,182281
False,144796
False,86202
False,279804
False,294890
False,21780
False,495387
False,423037
False,356544
False,93832
False,481301
False,121328
False,59319
False,58880
False,94704
False,332498
False,480026
False,29755
False,401944
True,123359
False,310376
False,347544
False,174814
False,4051
False,205563
True,572229
False,565635
False,186962
False,401977
False,17018
False,228450
False,447182
False,83117
False,363881
False,199458
True,164955
False,316907
False,155142
False,360512
False,553850
False,281351
False,340623
False,338924
False,404748
False,66460
False,426520
False,52851
False,3305
False,552919
False,200304
False,516281
False,360943
False,143781
True,219629
False,483965
False,272832
False,580212
True,345751
False,59295
False,213391
False,166750
False,484875
False,12386
False,299381
False,565625
False,263276
False,162675
False,488918
False,179526
False,517305
False,454915
False,414499
False,432623
False,145638
False,439445
False,180048
False,156458
False,440904
False,463498
False,91517
False,70421
False,552791
False,181828
False,68075
False,372634
False,573401
False,272364
False,139904
False,470984
False,61288
False,61266
False,108722
False,420404
False,96082
False,474155
False,456750
False,436440
False,493187
False,87958
False,475685
False,456369
False,562595
False,470053
False,443455
False,552589
False,533872
True,532877
False,416521
False,69705
False,443003
False,232263
False,369443
True,464537
False,269682
False,321902
False,494591
False,203061
False,315868
False,511254
False,149410
True,191672
False,451535
False,349485
False,113952
False,577278
False,297233
False,320429
False,544329
False,132703
False,60737
False,151655
False,179338
False,313603
False,231862
True,294716
False,24869
False,530171
False,220860
False,191261
False,539751
False,47886
False,34625
False,316093
False,191802
False,250578
False,236049
False,264350
False,324291
False,495712
False,268921
False,113495
False,476120
False,134837
False,95176
False,193041
True,212309
True,538273
False,504958
False,384924
False,215480
False,279916
False,156835
False,451826
False,18728
False,175635
False,180410
False,464787
False,332448
False,237697
False,300579
False,98854
False,425289
False,431281
False,494240
False,9927
False,358566
True,202853
False,400592
False,127726
False,49269
False,242979
False,57631
False,116667
False,343967
False,378194
False,423769
False,412002
False,340317
False,439932
False,452814
False,124812
False,19136
True,254795
False,156410
False,337689
False,209890
False,441974
False,364806
False,554445
False,206613
False,482485
False,393634
False,31329
False,74211
False,461187
False,504052
False,305709
False,563731
False,408829
True,41279
False,214984
False,134755
False,444801
False,395402
False,279879
True,414868
False,423355
False,338173
False,565257
False,175612
False,170129
False,262993
False,398434
False,436918
False,457400
False,54244
False,115574
False,153716
False,527571
False,429892
False,68422
False,64834
False,3532
False,344319
False,124627
False,314135
False,290856
False,93430
False,530047
False,322255
False,133730
False,282978
False,471578
False,161193
False,497488
False,425647
False,481886
False,213077
False,495291
False,28930
False,56244
True,284150
False,98543
False,224869
False,407197
False,82945
False,444982
False,395584
False,226329
False,539068
False,283715
False,570246
False,500853
False,580757
False,84875
False,88825
False,55410
False,262145
False,88846
False,292266
False,338191
False,579785
False,418873
False,505542
False,354491
False,488541
False,448275
False,25972
False,563233
False,310606
False,473256
False,489542
True,33667
False,264020
False,392575
False,110672
False,170017
False,173644
False,57595
False,470885
False,424110
False,284644
False,155105
False,575465
False,579938
False,280235
False,284349
False,559837
False,32134
False,211743
False,572349
False,133449
False,528937
False,157261
False,359337
False,486
False,345385
False,90255
False,408248
False,162580
False,301200
False,420713
False,103163
False,169975
False,457587
False,277524
False,96215
False,55821
False,335194
False,490624
False,512220
False,228565
False,148299
True,535251
False,66118
False,477949
False,10743
False,501959
False,209915
False,463134
False,262508
False,303163
False,289031
False,306249
False,61225
False,358642
False,316476
False,311326
False,470473
False,237721
False,19221
False,330914
False,394065
False,513531
False,27190
False,274776
False,440400
False,180274
False,1204
False,117722
False,264396
False,6270
False,139152
False,472639
False,362713
False,474930
False,326176
False,151178
False,452905
False,106915
False,313588
False,83393
False,405998
False,487322
False,288313
False,337561
True,154667
False,328814
False,477892
False,209419
False,501022
False,181763
False,555953
False,405288
False,275058
False,563070
False,274518
False,268072
False,266504
False,271418
False,401060
False,568398
True,246735
False,155009
False,170982
False,385144
True,399790
False,106272
False,366146
False,26454
False,548979
False,420704
False,7174
False,579752
False,415841
False,414102
False,462860
False,160115
False,366396
False,434787
False,201241
False,171281
False,70724
False,42694
False,50358
False,55496
False,404568
False,156620
False,335692
False,386194
True,209829
False,509540
False,239828
False,147501
True,236141
False,387792
False,536808
False,120645
False,193972
False,557896
False,293784
False,16497
False,154207
False,335503
False,94015
False,275898
False,439596
False,368983
False,365066
False,130492
False,400869
False,295017
False,327183
False,265196
False,295776
False,59641
False,350268
False,77660
False,316825
False,151646
False,148508
False,561911
False,201969
False,426988
False,564654
False,357024
False,303658
False,80413
False,103306
False,34056
False,140294
False,515508
False,399830
False,241026
False,304627
False,561795
False,403353
False,114087
False,507833
False,267851
False,126595
False,104502
False,557920
False,415076
False,311941
False,404139
False,314757
True,510078
False,151414
False,100599
False,26836
False,226232
False,90827
False,114481
False,497633
False,86399
False,113449
False,227307
False,2606
False,487021
False,191675
False,537543
False,467296
False,18935
False,203937
False,546147
False,147366
False,300396
False,188637
False,27030
False,338597
False,196371
False,428562
False,365452
False,517095
False,222926
False,117237
False,513899
False,127278
False,358653
False,463066
False,12547
False,103236
False,569075
False,11877
False,476881
False,516867
False,450370
False,23676
False,385913
False,540582
False,222228
False,467180
False,298427
False,393410
False,419096
False,17935
True,119640
False,321066
False,98582
False,543916
False,389702
False,449990
False,209106
False,130997
False,88485
False,353522
False,476679
False,135316
False,21846
False,469652
False,419586
False,357219
False,211476
True,497668
False,330727
False,547367
False,160181
False,1611
False,570117
False,428726
False,465975
False,299573
False,420442
False,335589
False,35018
False,488487
False,164013
False,259475
False,69798
False,568529
False,323970
False,465702
False,276664
False,514662
False,536368
False,461099
False,146240
False,221882
False,19320
False,561495
False,347300
False,26817
False,81365
False,133051
False,260740
False,80928
False,341775
False,365745
False,135744
False,21327
False,191249
False,15355
False,207937
False,538007
False,460967
False,197599
False,287846
False,11292
False,155993
False,506799
False,549709
False,236866
False,436803
False,11667
False,112358
False,227059
False,273138
False,22660
False,146253
False,78412
False,172727
False,340573
False,322269
False,58329
False,353652
False,279237
False,111609
False,546337
False,127400
False,335631
False,561643
False,473237
False,482297
False,267700
False,240198
False,220096
False,395744
True,77003
False,308115
False,470532
False,70652
False,345839
False,351621
False,395144
False,410366
False,457233
False,561687
False,320349
False,240278
False,7288
False,20172
False,409323
False,424637
False,323311
False,131884
False,416570
False,457168
False,17282
False,287062
False,58254
False,504318
False,322785
False,146738
False,235192
False,345429
False,370417
False,9857
False,438751
False,89787
False,558070
False,405437
False,190463
False,365471
False,171363
False,8043
False,230655
False,146685
False,478227
False,449681
False,500703
False,102655
False,577929
True,193373
False,480344
False,479054
False,470840
False,498259
False,153994
False,167148
False,503050
True,381065
False,25346
False,314738
False,538976
False,6901
False,184771
False,115649
False,398067
False,64772
False,528731
False,191873
False,395644
False,290693
False,447862
False,525790
False,70739
True,398704
False,41645
False,44504
False,333756
False,499369
False,299273
False,249184
False,150691
False,214121
False,168557
False,243344
True,64379
False,232417
False,213988
False,432873
True,516339
False,86708
False,221523
False,115169
False,490328
False,151159
False,370524
True,453037
False,502816
False,494970
False,496335
False,212239
False,306724
False,364561
False,151585
False,132883
False,297273
False,89518
False,41147
True,502517
False,395740
False,233825
False,484246
False,547759
False,299426
False,480839
False,528807
False,319726
False,97339
False,421106
False,241129
False,24430
False,175737
False,337517
False,212198
False,549563
False,20774
False,290798
False,230833
False,168619
False,204640
False,220289
False,330737
False,141604
False,447765
False,419297
False,431272
False,66253
True,378471
False,471504
False,333376
False,397075
False,396608
False,411877
False,487181
False,110023
False,105603
False,34138
False,298109
False,157635
False,356066
False,494282
False,255176
False,370763
True,204549
False,169959
True,556363
False,335865
False,569242
False,348045
False,116131
False,252092
False,154462
False,375248
False,418625
False,497801
False,396933
False,351466
False,558036
False,251630
False,91821
False,409179
False,431554
False,84477
False,499130
False,322905
True,236432
False,135126
False,452334
False,175535
False,482707
True,315939
False,511002
True,86715
False,289901
False,577169
False,143959
False,564449
False,247866
False,32872
False,532062
False,423909
False,45537
False,387791
True,106314
True,485071
False,501293
False,573744
False,282385
False,133688
False,579680
False,493953
False,119488
False,237735
False,541957
False,257713
False,513541
False,431523
False,425462
False,413391
True,512944
False,296046
False,492016
False,41456
True,318445
False,66647
True,99046
False,83878
False,94140
False,273197
False,223366
False,79686
False,333656
False,201402
False,256657
False,186296
False,84002
False,249130
True,63881
False,530820
False,45844
False,269058
False,149115
False,18211
False,96306
False,188718
False,79229
False,385103
False,352660
False,304240
False,62020
False,413496
False,156812
False,87146
False,350028
False,281179
False,171107
False,187230
False,445248
False,554759
True,394905
False,18688
False,321085
False,221754
False,139339
False,414108
False,190218
False,74080
False,285332
False,35820
False,513497
False,373414
False,122811
False,467332
True,295646
False,422464
False,85081
False,574784
False,197962
True,134754
False,313480
False,278509
True,565612
False,146487
False,310753
True,549746
False,364027
False,264392
False,343765
False,102594
False,525714
False,243637
False,156084
False,379716
False,544783
False,377543
False,182967
False,384235
False,183413
False,578714
False,394970
False,476738
False,433460
False,355776
False,324923
False,295957
False,178494
False,425582
False,130555
False,355385
False,418115
False,291866
False,129832
False,240279
False,336302
False,147694
False,451024
False,52231
False,46609
False,152529
False,406743
False,375449
False,537955
False,190550
False,510087
False,503595
False,295695
False,536437
False,534763
False,203511
True,158507
False,403558
False,166764
False,351250
False,572801
False,438485
False,131295
False,5554
False,189605
False,460379
False,387293
False,456900
False,501006
False,434247
False,480551
False,346560
False,320508
False,84222
False,55244
False,387042
False,462148
False,537862
False,63724
False,65124
True,359105
False,124297
False,571867
False,529910
False,386161
False,466532
False,332876
False,241281
False,171090
False,549230
True,441840
False,412855
False,51168
False,218011
False,328449
False,503972
False,566550
False,312003
False,281888
False,373577
False,7932
False,27175
False,53004
False,453548
False,367518
False,424160
False,377864
False,9807
False,96754
False,535934
False,552244
False,178145
False,407674
False,251319
False,101401
False,125042
False,401699
False,312627
False,384587
False,431764
False,482022
False,305740
False,324403
False,455427
False,420593
False,244712
False,491872
False,480601
False,89804
False,114240
False,462134
False,150812
False,72790
False,95828
False,211622
False,566201
False,295782
False,353216
False,579758
False,461549
False,158602
False,304076
False,350975
False,28532
False,461162
False,114697
False,214587
True,272479
False,115681
False,461914
False,411825
False,265594
False,565391
False,143245
True,280710
False,570785
False,132554
False,254816
False,50760
False,438157
False,446108
False,352478
False,171932
False,197950
False,571485
False,212440
False,97272
False,180623
True,235994
False,36904
False,9599
False,143792
False,300392
False,70871
False,110204
False,490338
False,199332
False,172232
False,558555
False,438297
False,292211
False,149179
False,210988
False,164997
False,336374
False,22627
False,70791
False,463201
False,216415
False,253238
False,319581
False,541050
False,224342
False,213023
False,385417
False,271034
False,458483
False,181932
True,486774
True,41854
False,171328
False,417347
False,183519
False,172392
False,170483
False,311957
False,371435
False,82007
False,213204
False,190272
False,329188
False,246686
False,329024
False,376628
False,83804
False,467803
False,435473
False,284960
False,355748
False,399921
False,560685
False,492104
False,191686
False,507135
False,303291
False,550839
False,204969
False,64534
False,550552
False,512330
False,455691
True,552001
False,413754
False,150032
False,490336
False,425260
True,368586
False,322500
False,364797
False,140940
False,150224
False,249618
False,216443
False,441468
False,176551
False,555871
False,526089
False,37230
False,316801
False,438858
False,490405
False,23392
False,254266
False,450152
False,577358
False,249623
False,21782
False,283870
False,22964
False,267416
False,581571
False,467138
False,30566
False,18885
False,81841
False,65043
False,286998
False,420069
False,1655
False,119357
False,131524
False,176318
False,63399
False,212380
False,423768
False,398652
False,117328
False,49191
False,277003
False,478052
False,288372
False,267583
False,332377
False,441720
False,445351
False,484758
False,24755
False,236567
False,186060
False,210267
False,413260
False,552346
False,539632
False,303069
False,546760
False,434763
False,318381
False,435686
True,44476
False,505086
False,6954
True,95476
False,253971
False,110308
False,68974
False,388707
False,512166
False,402248
False,454887
False,74434
False,401157
True,451732
False,468760
False,189391
False,48661
False,77680
False,28942
False,392726
False,226315
False,328906
False,313914
False,215410
False,532256
False,13912
False,282155
True,23639
False,290098
False,551299
False,371176
True,154154
False,525285
False,313556
False,200023
False,309192
False,454857
False,250566
False,339186
False,201519
False,83635
False,145728
False,1792
False,140590
False,106145
False,410657
False,515993
False,66157
False,27665
False,268389
False,342707
False,288751
False,402027
False,458420
False,323091
False,6818
False,119966
False,573513
False,518255
False,280767
False,564050
False,530321
False,187349
False,183391
False,192454
False,508456
False,85086
False,402051
False,330524
False,443377
False,316132
False,21718
False,387372
False,424979
False,156396
False,117935
False,323598
False,533312
False,458027
False,389004
False,142129
False,286361
False,214137
False,216757
False,30668
False,542991
False,80599
False,232123
False,477389
False,333402
False,336209
False,429709
False,309817
False,41950
False,309135
False,344807
False,116886
True,408331
False,333283
False,443575
False,30391
False,133964
False,64708
False,50322
False,164044
False,580334
False,502604
False,410283
False,131763
False,344374
False,120566
False,553954
False,524646
False,92001
False,366867
False,24823
False,149604
False,52507
False,493022
True,568205
False,221597
False,566375
False,340998
False,103556
False,60688
False,337730
False,532520
False,102724
False,577128
False,365202
False,100611
False,76428
False,360595
False,38801
False,271977
False,400123
False,285832
False,356092
False,81105
False,105113
False,434125
False,114185
False,409119
False,153543
False,466265
False,56432
False,428105
False,460236
False,541229
False,27226
False,335486
False,314812
True,330665
False,544926
False,578796
False,369969
False,329368
False,493307
False,213412
False,29357
False,361373
False,252160
False,530958
False,108155
False,409078
False,22224
False,529798
False,215521
False,504888
False,153879
False,17856
False,581206
False,320921
False,304063
False,128278
False,566041
True,448113
False,173070
False,146979
False,311435
False,21604
False,268484
False,562253
False,499982
False,38296
True,293811
False,205525
False,91397
False,537304
False,323243
False,70913
False,503534
True,541859
False,310766
False,409408
False,313599
False,4716
False,90708
False,313057
False,317391
False,205461
False,366003
False,442175
False,539557
False,127531
False,262521
False,486004
False,159680
False,415961
False,331541
False,78000
False,197246
False,107204
False,149763
False,539832
False,171805
False,459184
False,20971
False,544614
False,341963
False,543882
False,220106
False,68198
False,319683
False,300479
False,575486
False,155741
False,352831
False,469119
False,451431
False,127517
False,384302
False,175994
False,121891
False,26908
False,214832
False,449718
False,380989
False,35935
False,493278
False,222676
False,431211
False,122267
False,103257
False,116588
True,329469
False,137552
False,92221
False,363039
False,187181
False,352129
False,539784
False,63681
False,380574
False,173722
False,244369
False,306581
True,502202
False,131074
False,255660
False,527013
False,119647
False,201457
False,44075
False,364125
False,272940
False,271079
False,302634
False,159028
False,342681
False,164102
False,127189
True,490171
False,249272
False,143876
False,475033
False,266071
False,389103
False,323592
True,243914
False,555956
False,282900
False,516827
False,299444
False,77847
False,254360
False,214705
False,368576
False,39971
True,446846
False,215394
False,574834
False,89384
False,337786
False,96628
False,242222
False,113985
False,96886
False,147518
False,500211
False,364783
False,205193
True,130262
False,465784
False,206077
False,84096
False,82650
False,182399
False,444831
True,374342
False,282855
False,383513
False,573525
False,95227
False,297681
False,276797
False,38891
False,271240
False,244026
False,123177
False,265150
False,527935
False,560083
False,16898
False,453191
False,425743
False,237723
False,354761
False,224272
False,473110
False,322783
False,322239
False,578519
False,110169
False,276047
False,132297
False,135167
False,66066
False,266712
False,146387
False,282617
False,220071
False,307510
False,413277
False,61072
False,395592
False,535101
False,88173
False,353884
False,235870
False,265361
False,151358
True,111788
False,341049
False,576589
False,277530
False,262538
False,319163
False,501820
False,462445
False,136711
False,55402
False,215618
False,140243
True,543547
False,37566
False,224243
False,331216
False,453584
False,292033
False,214059
False,482328
False,23548
False,188660
False,178484
False,444880
False,335781
False,112959
True,408187
False,58841
False,256908
False,445461
False,340425
False,17756
False,574052
False,380248
False,230864
False,184951
False,134386
False,126734
True,423529
False,570275
False,152621
False,130116
False,439875
False,136846
False,530460
False,460139
False,266939
False,223699
False,128607
False,264018
False,463417
False,517282
False,321181
False,46068
False,65345
False,511165
False,568628
False,355984
False,491098
False,224907
False,451836
False,197656
False,108701
False,576327
False,349777
False,11202
False,273470
False,346503
False,402729
False,364399
False,413543
False,541591
False,39828
False,476791
False,249277
False,323370
False,414828
False,50392
False,579043
False,328487
False,275863
False,357005
False,376701
False,285433
False,351972
False,466665
False,127267
False,433019
False,517026
False,242860
True,414289
False,407654
False,202989
False,189694
True,224693
False,208215
False,369253
False,563011
False,302932
False,104817
False,296265
False,482196
True,193474
False,358065
False,537223
False,339757
False,242001
False,375914
False,46323
False,300745
False,102754
False,142803
False,418180
False,546179
False,280554
False,90818
False,1392
False,225241
False,250352
False,331671
True,131152
False,282037
False,117046
False,78488
False,327936
False,543264
False,444692
False,537555
False,195716
False,392928
False,407778
False,510275
False,294854
False,395514
False,231616
False,279874
True,569196
False,82770
False,558788
False,416741
False,369171
False,208469
False,325873
False,476280
False,282631
False,312720
False,137294
False,487151
False,102353
False,134801
False,407879
False,321492
False,245075
False,123067
False,543233
False,278555
False,183260
False,120676
False,354326
False,83254
False,117918
False,11198
False,30526
False,282419
False,579561
False,332568
False,440675
False,481759
False,171374
False,304159
False,61308
False,492163
False,333090
False,165174
False,89902
False,358190
False,135972
True,219841
False,416912
False,65981
False,71
False,531662
False,81056
False,211217
False,207496
False,547644
False,148706
False,307016
False,47405
False,204026
False,167505
False,270623
False,282707
False,40986
False,423826
False,208808
False,322051
True,564
False,316003
False,221441
False,323475
False,381961
False,106970
False,39680
False,380520
False,206878
False,275791
False,421307
False,22837
False,147216
False,265316
False,392202
False,423971
True,39664
True,35671
False,206417
False,47720
False,501667
False,68254
False,376643
False,404262
False,226555
False,143594
False,167989
False,232114
False,260129
False,376858
False,114079
False,178009
False,305390
False,550739
False,445766
False,477468
False,253528
False,280589
False,334184
False,457800
False,457848
False,201446
False,517699
False,379760
False,460097
False,13565
False,332914
False,89924
False,94858
False,449697
False,401260
False,276870
False,102663
False,362524
False,415548
False,147646
False,513129
False,135256
False,274068
False,193166
False,518027
False,65427
False,491611
False,8010
False,300067
False,550627
False,464358
False,395140
False,299714
False,118764
False,65072
False,19167
False,539297
False,268385
False,138595
False,30685
False,422294
False,226419
False,416981
False,17350
False,465814
False,22256
False,310079
False,396550
False,83986
False,329384
False,9025
False,381865
False,164783
False,216363
False,570349
False,301419
False,82053
False,169262
False,72312
False,77989
False,428665
False,441433
False,445216
False,224111
False,176873
False,514628
True,334301
False,455311
True,12081
False,303111
False,55299
False,115157
True,195568
True,351793
False,563138
False,145755
False,121613
False,300056
False,283471
False,469191
False,219322
False,91530
True,447130
False,33998
False,474608
False,101283
False,163879
False,215596
False,189670
False,331097
False,36237
False,537649
False,243283
False,204732
False,498972
False,53892
False,188346
False,320008
False,532793
False,285588
False,214961
False,266562
False,40317
False,385684
False,132946
False,88744
False,243309
False,284089
False,163239
False,164095
False,412350
False,43737
False,442875
False,262710
False,440161
False,36823
False,569
False,44286
False,98416
False,104125
False,297631
False,329080
False,350885
False,202554
False,314388
False,384895
False,183247
False,465893
False,8369
False,470799
False,335579
False,33251
False,97778
False,158824
False,1164
False,308950
False,135982
False,442181
False,544738
False,544035
False,456919
False,117668
False,186427
False,387954
False,206363
False,81001
True,427655
True,100012
False,280498
False,136042
False,306522
False,571893
False,373923
False,369023
False,365140
False,541593
False,14857
True,552052
False,225372
True,72770
False,42953
False,454683
False,228732
False,244476
False,15818
False,528257
False,540207
False,358209
False,485731
False,165341
False,168955
True,573750
False,36598
False,339966
False,136328
False,411475
False,99192
False,233873
False,7685
False,517795
False,1639
False,216083
False,563370
False,21872
False,399513
True,420090
False,303210
False,146901
True,554674
False,338760
False,437102
False,343038
False,59386
False,393805
False,351017
False,311961
False,75311
False,191005
False,560470
False,333894
False,110821
False,275335
False,343357
False,529905
False,468319
False,352732
False,451166
False,250880
False,202571
False,370479
False,484790
False,554958
False,487687
False,377703
False,15497
False,458481
False,6421
False,425712
False,104589
False,243091
False,186338
False,166296
False,43243
False,491063
False,304964
True,219037
False,96975
False,351140
False,186412
True,495022
False,237663
False,160585
False,314051
False,458412
False,527897
False,570518
True,528595
False,176790
False,236824
False,518080
False,429606
False,72843
False,32707
True,474024
False,310752
False,283833
False,363341
False,306877
False,296747
False,374666
True,556966
False,325261
False,437948
False,383141
False,221190
False,330734
False,322691
False,551873
False,61825
True,357743
False,497334
False,390975
False,269853
False,444171
False,121788
False,6053
False,516175
False,27075
False,230422
False,384853
False,548976
False,145891
False,378272
False,18748
False,332913
False,450903
False,339035
False,328271
False,418824
False,534676
False,515102
False,220453
False,300881
False,504748
False,369296
False,559037
False,360991
False,527464
False,324894
False,554994
False,184868
False,420287
False,298817
False,375996
False,20720
False,251232
False,17613
False,140690
True,334769
False,414750
False,25461
False,421865
False,266117
False,506631
False,249139
False,152987
False,322844
False,31798
False,406068
False,440352
False,281829
False,512387
False,491867
False,443018
False,349896
False,110606
False,37638
False,428329
False,284535
False,445825
False,412362
False,390120
False,71855
False,65463
False,479218
False,89909
False,139958
False,444565
False,21419
False,461428
False,113598
True,186899
False,111811
False,20146
False,431756
False,361132
False,172137
False,106586
False,576749
False,183359
False,320445
False,543466
False,544246
False,340171
False,294119
False,383026
False,347135
False,436875
False,247921
False,37823
False,503378
False,281772
True,528224
False,88592
False,23927
False,61052
False,108266
False,236769
False,205613
False,34689
False,3849
False,118134
False,191403
False,64472
False,4331
False,413736
False,398905
False,21316
False,96161
True,95864
False,535322
False,11638
False,352236
False,167603
False,190648
False,72628
False,430590
False,328628
False,101643
False,450961
False,73843
False,80987
False,136663
False,84268
False,11302
False,353590
True,449480
False,349234
False,125473
False,384152
False,219690
False,420450
False,54001
False,395409
False,51941
False,319360
False,571553
False,224790
False,526796
False,424368
False,13031
False,77467
False,450655
False,345823
False,206717
False,264838
False,50592
False,300012
False,365218
False,199119
False,381514
False,553586
False,285628
False,452642
False,234745
False,126433
False,565514
False,11010
False,71726
False,83510
False,319907
False,75131
False,66696
False,234691
False,425227
False,205344
False,445597
False,375450
False,255214
True,7977
False,571499
False,399461
False,509402
False,124594
False,192348
False,295476
False,560636
False,385428
False,91612
False,323397
False,532381
False,154363
False,435075
False,392878
False,346932
False,457275
False,395865
False,62410
False,482470
False,387286
True,36420
False,399780
False,338581
False,572206
False,414137
False,369418
False,104326
False,571572
False,251888
False,490508
False,223326
False,543409
False,233688
False,497006
False,107787
False,127405
False,165232
False,527728
False,5684
False,563961
False,158863
False,225567
False,426165
False,309
False,496879
False,53674
False,484282
False,484332
False,178671
False,569775
False,1244
False,154927
False,170172
False,295197
False,532620
False,113593
False,192180
False,402926
False,46592
False,12757
False,288609
False,239315
False,91454
False,24737
False,212330
True,138834
True,566931
False,423363
False,569678
False,434069
False,471109
False,457437
False,266622
False,159683
False,564496
False,283679
False,451800
False,196119
False,232230
False,152328
False,251427
False,13988
False,386036
False,154705
False,415314
False,361119
False,426979
False,43535
False,147049
False,415408
False,368876
True,423464
False,43697
False,223005
False,337247
False,201426
False,5535
False,464321
False,438505
False,298177
False,302543
False,205620
False,444694
True,240762
False,483487
False,115361
False,449921
True,539529
False,298147
False,390494
False,450885
False,308388
False,5355
False,155341
False,482300
False,528488
False,372937
False,487635
True,419076
False,328890
False,154399
False,428605
False,342030
False,378098
False,542642
False,242570
False,75898
False,101106
False,84410
False,384641
False,276575
False,399400
False,374873
False,111536
False,352151
False,391648
False,196093
False,406073
False,579395
False,431731
False,531406
False,281355
False,347740
False,403955
False,474622
False,534979
False,196016
False,85787
False,3270
False,86825
False,243717
False,331518
False,578453
False,4830
False,281575
False,182746
False,207833
False,177925
True,576063
False,86811
False,66862
False,510167
False,201758
False,80360
False,407113
False,448401
False,494940
True,44627
False,471886
False,216686
False,175584
False,340734
False,498854
False,186842
False,476993
False,281567
False,59194
False,162177
False,88871
True,262414
True,378244
False,206704
False,286544
False,325494
False,549836
False,86845
False,231828
False,308441
False,161990
False,392851
True,393095
False,541267
False,566482
False,287545
False,306716
False,321213
False,437283
False,334194
False,112536
False,49985
False,575971
False,348841
False,557368
False,544933
False,462998
True,326190
True,468249
False,139614
False,332403
False,365519
False,129586
False,32767
False,92425
False,311808
False,574275
False,513505
True,445030
False,533551
False,323695
False,486215
False,506838
False,40886
False,557239
False,148366
False,45186
False,532175
False,136793
False,112022
False,509564
False,120254
False,228274
False,373653
False,157911
False,382044
False,50356
False,319494
False,294475
False,281133
False,387603
False,21903
False,542510
False,33272
False,284015
True,476198
False,348816
False,518885
False,287488
False,107900
False,347019
False,471407
False,40211
False,555368
False,103613
False,350299
False,303670
False,99392
False,454755
False,152211
False,124759
False,296867
False,493471
False,395396
False,536827
False,276740
False,506943
False,203641
False,499989
False,504115
False,492037
False,220834
False,282879
False,562345
False,566155
False,104081
False,243728
False,460460
False,434326
False,275450
False,144599
False,398397
False,53677
False,179034
False,183940
True,408078
False,160104
False,151731
False,362331
False,223090
False,100337
False,502114
False,55184
False,237954
False,81798
False,527260
False,409491
True,115117
True,101985
False,301484
False,504230
False,206161
False,314935
True,455123
False,76026
False,560604
False,378923
False,502772
False,157965
False,127110
False,526980
False,308003
False,241844
False,495048
False,147980
True,348291
False,28820
False,218091
False,296865
False,210426
False,362941
False,442019
False,406968
False,319093
False,43150
False,250614
False,236425
False,119444
False,357888
False,396205
False,542587
False,187683
False,201419
False,327682
False,100354
False,176086
False,276133
False,256518
False,186121
False,65170
False,297911
False,144298
False,50385
False,135287
False,254660
False,512511
False,124072
False,314672
False,472173
False,219590
False,230780
False,430287
False,270224
False,168774
False,498641
False,323109
False,351808
False,53573
False,303361
False,539509
False,458255
False,158556
False,542257
True,170716
False,505486
False,511674
False,192905
False,485947
False,314440
False,43678
False,38771
True,52870
False,13832
False,224471
False,533140
False,360529
False,361030
False,123848
True,519320
False,296367
False,149280
False,411274
False,421648
False,397736
False,101069
False,493376
False,322302
False,210806
False,91849
False,473109
False,423890
False,346849
False,436844
False,470002
False,472258
False,216954
False,334310
False,433392
True,217822
False,93570
False,99539
False,473695
False,458640
False,360695
False,3178
False,468394
False,544349
False,426528
False,275558
False,525860
False,24414
False,100404
False,159376
False,362046
False,208805
False,324588
False,498100
False,491154
False,165436
False,130749
False,7304
False,341409
False,244487
False,224735
False,275027
False,510034
False,351235
False,444952
False,134297
True,367905
False,99753
False,7028
False,117197
False,364028
False,158982
True,556018
False,53778
False,300622
False,235061
False,559876
False,168562
False,12096
False,536366
True,452917
False,223622
False,560309
False,272218
False,284979
False,183137
False,379077
False,358695
False,60245
False,171231
False,417751
False,314893
False,104837
False,214300
False,318132
False,214634
False,310725
False,532142
False,254290
False,551275
False,35343
False,183888
False,443797
False,2349
False,100396
False,53022
False,180095
False,278962
False,38681
False,207941
False,345725
False,372919
False,91883
False,516634
False,564493
False,221909
True,33897
False,286310
False,184020
False,7116
False,492485
False,462023
False,37032
False,280779
False,205904
False,515075
True,574590
False,88034
False,561336
False,392556
False,356810
False,530282
False,245345
False,133739
False,492055
False,581326
False,303133
False,218711
False,190722
False,111930
False,514598
False,209824
False,94544
False,416105
False,335976
False,214990
False,139748
False,168543
False,91052
False,185963
False,430850
False,569320
False,515296
False,107954
False,240873
False,262347
False,118862
False,363594
False,84165
False,203594
False,64557
True,32549
False,22087
False,143501
False,446818
False,565446
False,232116
False,525932
True,318444
False,322959
False,535335
False,408012
False,150360
True,269346
False,439241
False,318768
False,297360
False,308078
False,56736
False,81680
False,310889
False,67307
False,482706
False,162459
False,567430
False,158760
False,416269
False,312850
False,395382
False,265023
False,267605
False,218147
False,135900
False,438439
False,242529
False,527391
False,345562
False,569492
True,510434
False,124955
False,268642
False,314751
False,419750
False,271568
False,300155
False,328454
False,455937
False,559925
False,289658
False,95412
False,211948
False,508977
False,553764
False,403535
True,450175
False,499540
False,535788
False,388766
False,81556
False,224414
False,150196
False,204726
False,264730
False,40699
False,429248
False,403133
False,334383
False,147926
False,137006
False,382058
False,228122
False,83079
False,456239
False,363504
False,184207
False,55642
False,276482
False,313921
False,166557
False,18952
True,287402
False,354045
False,400378
False,343108
False,355870
False,550126
False,123336
False,108961
False,107939
False,465779
False,119669
False,182637
False,107747
True,399983
False,54534
False,493581
False,549729
False,286092
True,322719
False,35436
False,136653
False,13273
False,551164
False,487534
False,379014
False,178869
False,434662
False,165607
False,431501
True,330677
False,202112
False,384023
False,207250
False,248467
False,9029
False,530038
False,140522
False,514417
False,47638
False,576789
False,528067
False,310338
False,252779
False,343852
False,471008
False,482021
False,495040
False,240965
False,526028
False,469480
False,222703
False,532471
False,189388
False,197525
False,513681
False,232852
False,206395
False,494391
False,124747
False,514581
False,31288
False,82631
False,231851
False,471995
False,263328
False,391596
True,356708
False,82611
False,55388
False,363006
False,155216
False,231126
True,302470
False,184614
False,41516
False,121709
False,371999
True,502844
False,298651
False,79975
False,243211
False,324442
False,338169
False,222662
False,494552
False,379022
True,404823
False,424138
False,10229
False,353408
False,293030
False,399626
False,31738
False,83013
False,421155
False,179522
False,153567
False,439213
False,385709
False,565683
False,218997
False,77050
False,474725
True,382383
False,114202
False,220139
False,495077
False,184654
True,119494
False,474974
False,579541
False,248928
False,206622
False,184633
False,339705
False,223154
False,25853
True,409556
False,465412
False,137110
False,187902
False,383594
False,481101
False,174440
False,557678
False,131965
False,428585
False,415077
False,331982
False,228784
False,545394
False,153394
False,539196
False,395758
False,178924
False,510395
False,189955
False,462773
False,317173
False,473903
False,305975
False,166504
False,347177
False,342919
False,528802
False,360461
False,140481
False,352861
False,283545
False,90020
False,195735
False,134010
False,147459
False,472841
True,174504
False,198724
False,385929
False,341572
False,297135
False,293733
True,193714
False,3483
False,516947
False,343254
False,174375
False,459921
False,343520
False,75266
False,19399
False,267708
False,301581
False,519145
False,201727
False,176085
False,101780
False,1523
False,443180
False,353412
False,533799
False,388070
False,276853
False,319612
False,217487
False,578675
False,507540
False,385185
False,416837
False,195645
False,228227
False,483996
False,73595
False,162230
True,22935
False,123699
False,263703
True,299869
False,75620
False,220699
False,301171
False,321127
False,81210
False,576550
False,86210
False,515555
False,137808
True,541290
False,192747
False,20193
False,85192
False,492851
False,174213
False,81286
False,55874
False,414032
False,86205
True,190645
False,364458
False,493641
False,139982
False,163112
False,333946
False,4673
False,84651
False,492025
False,414795
True,181305
False,515387
False,467791
False,291126
False,72101
False,409558
False,62756
False,67838
False,225054
False,227843
False,389128
False,121263
False,88606
False,87783
False,122923
False,286089
False,209574
False,219873
False,218924
False,411851
False,293121
False,541298
False,562381
False,47524
False,186821
False,220113
False,242363
False,80219
False,119964
False,183835
False,66234
True,3770
False,112110
False,419245
False,387075
False,245895
False,502168
False,572089
False,423309
False,7139
False,445007
False,564226
False,409247
False,543608
False,179860
False,134001
False,427283
False,533537
False,389582
False,287854
False,293130
False,115080
False,338579
False,444270
False,412857
True,47981
False,20908
False,314709
False,488553
False,299309
False,490878
False,167122
False,386341
False,568150
False,97028
False,650
False,118169
False,199255
False,183910
False,536363
False,469009
False,494765
False,269847
True,164835
False,14036
False,75636
False,2570
False,433052
True,126098
False,69614
False,388330
False,455020
False,271148
False,521540
False,431825
False,557948
False,535928
False,345625
False,347848
False,161161
False,231902
False,497439
False,282339
False,168524
False,98322
False,565460
False,491851
False,432460
False,324342
False,376785
False,387318
False,114822
False,409841
False,330768
False,36151
False,308919
False,190521
False,62204
False,392107
False,433196
False,136142
False,323828
False,166259
False,269045
False,184822
False,321802
False,358801
False,20757
False,286153
False,4920
False,455853
False,496372
False,75065
False,268042
False,333157
False,496606
True,105879
True,545756
False,288889
False,470513
False,334080
False,319517
False,345244
False,83142
False,427865
False,562232
False,414516
False,110989
False,205875
False,59207
False,157125
False,270303
False,290754
False,271728
False,12326
False,424709
False,340636
False,110723
False,459598
False,541169
False,167533
False,471015
False,281800
False,382453
False,410319
False,409216
False,33939
False,185117
False,105691
False,38092
False,357865
False,543911
False,308758
False,187560
True,408120
False,236990
True,508299
False,553975
False,176728
False,458762
False,445726
False,464032
False,309364
True,283604
False,52784
False,563827
False,252518
False,570440
False,471020
False,179019
False,111385
False,139380
False,7522
False,103030
False,242541
False,344338
False,38630
False,128621
False,305986
False,460417
False,146420
False,194416
False,336534
False,43333
False,7669
False,220390
False,302845
False,554949
False,196368
False,172979
False,478742
False,244578
False,388881
False,220666
False,268656
False,490320
False,9891
False,311497
False,233580
False,495079
False,298031
False,116792
True,536244
True,360857
False,393242
False,251277
False,6363
False,115791
False,477144
False,155519
False,447758
False,341139
False,556748
False,402590
False,438808
False,493206
False,303637
False,483736
False,399968
False,421558
False,554398
False,477535
False,242103
False,279089
False,431655
False,280018
False,128119
False,213135
False,288553
False,349573
True,531
False,283125
False,347660
False,262690
False,100579
True,40874
False,455506
False,206465
False,207733
False,26720
False,159601
False,45110
False,340252
False,282464
False,173864
False,299029
False,498286
False,267762
False,105750
False,369859
False,300568
False,535997
False,463619
False,416603
False,365032
False,274108
True,67310
False,208850
False,81897
False,52637
False,128907
False,93826
True,387605
False,540999
False,277614
False,274480
False,189794
False,493849
False,107607
False,507990
False,83959
False,230752
False,552883
False,456520
False,507215
False,262228
False,311232
False,574720
True,445008
False,532753
False,490643
True,388955
False,562688
False,556932
False,102297
False,464105
False,578493
False,160317
False,470298
False,103699
False,466750
False,458633
False,151576
False,106615
False,284020
False,298014
False,458178
False,483266
False,476904
False,228477
False,160771
False,394008
False,205105
True,142934
False,327481
False,488406
False,59384
False,175863
False,188225
False,264420
False,418818
False,277584
False,291280
False,380227
False,176918
False,278338
False,493162
False,455549
True,344878
False,303768
False,32513
False,316254
False,470762
False,581091
False,163263
True,368040
False,241126
False,416653
False,104044
False,194528
False,173142
False,482382
False,396137
False,55860
False,306988
False,402891
False,145862
False,406445
False,461687
False,92213
False,26069
False,490294
False,278576
False,112950
False,444722
False,428004
True,441472
False,328758
False,97526
False,500952
False,202146
False,87672
False,202567
False,456285
False,247459
False,122356
False,118242
False,68912
False,132517
True,154816
False,40259
False,403184
False,210679
False,291528
False,495734
False,272901
False,246139
False,280310
False,364850
False,266032
True,419212
False,434509
False,282998
False,544457
False,209326
True,249046
False,569286
False,55090
False,295398
False,39502
True,35725
False,141860
False,83754
False,538153
False,432419
False,327818
False,558871
False,321942
False,470284
False,147108
False,58407
False,473372
False,56499
False,278395
False,212648
False,398999
False,331331
False,26078
False,103098
False,225669
False,409791
False,118606
False,510900
False,19671
False,25723
False,64795
False,14730
False,158878
False,575164
False,456161
False,51774
False,344893
False,248319
False,413871
False,64736
False,459265
False,342851
False,444343
False,96530
False,455893
False,97861
False,372959
False,111117
False,121692
False,65554
False,187829
False,59618
False,421619
False,344388
False,314264
False,305919
False,238902
False,135748
False,564465
False,426568
False,290318
False,189888
False,407734
False,300040
False,530284
False,529136
False,21213
False,389381
False,3964
False,302310
False,393140
False,293368
False,77686
False,54743
False,524662
False,570423
False,194346
False,336532
False,564936
False,288933
False,313811
False,22564
False,160260
False,461915
False,8439
False,309706
False,383737
False,166521
False,42267
False,64411
False,480545
False,479068
False,546518
False,458309
False,167636
False,141879
False,88185
False,4551
False,402726
False,334511
False,152461
False,19725
False,288000
True,578231
False,193383
False,169562
False,174098
False,158440
False,562876
False,125845
False,478184
False,237758
False,479202
False,126941
False,483451
False,296868
False,223701
False,283355
False,291526
False,502362
False,122166
True,562614
False,425151
False,89391
True,526654
False,218470
False,240093
False,133883
False,349538
False,48201
False,304314
False,152677
False,310695
False,8093
False,390934
False,98098
False,37864
False,228808
False,464616
False,165621
False,161328
False,4172
False,383652
False,40187
False,559935
False,560967
False,495996
False,158222
False,110
True,357228
False,336276
False,269054
False,542130
False,218397
False,110611
False,359945
False,91041
False,73782
False,410750
False,81611
False,569143
False,505122
False,272666
False,233614
False,548766
False,353624
False,130181
False,229530
False,271576
False,581
False,79392
False,353981
False,95337
False,291285
False,297844
True,49893
False,33752
False,9142
False,225931
False,323519
False,35176
False,107481
False,146127
False,397815
False,381112
False,472617
False,526560
False,361773
True,485742
False,578082
False,114035
False,541613
False,422176
False,28194
False,519491
False,66179
False,497464
False,473354
False,435695
False,300534
False,356866
False,524340
False,114541
False,25643
True,412756
False,28336
False,392624
False,330359
False,400247
False,91902
False,229867
False,532540
False,382103
False,185209
False,293520
False,66319
False,343154
False,11856
False,339914
False,268008
False,350633
False,300186
False,61843
False,483941
False,402730
False,354753
False,227976
False,567837
False,360480
False,420065
False,45337
False,80275
False,60690
False,333820
False,403627
False,286820
False,262505
False,287927
False,293319
False,295524
False,267515
False,472348
False,87470
False,277352
False,355651
False,437167
False,139970
False,100863
False,371132
False,550980
False,373623
False,387136
False,372233
False,388980
False,297442
False,275656
False,273645
False,319127
False,3682
False,332821
False,372775
False,104406
False,459281
False,506964
False,107884
False,158494
False,564803
False,353204
False,321030
False,247547
False,322398
False,167992
False,380016
True,46990
False,565648
False,296384
False,2171
False,366648
False,247525
True,434486
False,315830
False,517549
False,192894
False,413699
False,33368
False,515871
False,290704
False,531998
False,93743
False,471085
False,448928
False,336182
False,172276
False,117667
False,56963
False,161019
False,543729
False,378276
False,265160
True,497514
False,548593
False,120613
False,140065
False,19789
False,450584
False,235119
False,470907
False,449279
True,282557
False,242631
False,373641
False,156236
False,409889
False,65655
False,301648
True,155191
False,102529
False,557679
False,354819
False,170917
False,472585
False,87620
False,1232
False,575414
False,408424
False,85481
False,388106
False,346179
False,141709
False,24020
False,139971
False,82304
False,550767
False,166864
False,29716
False,48169
False,44038
False,415747
False,318386
False,386355
False,215897
False,574211
False,556033
False,467457
False,240199
False,34074
False,176858
False,532773
False,530457
True,113282
True,481010
False,412326
False,225750
False,212877
False,34920
False,41505
False,404266
False,44616
False,447302
False,39993
False,541164
False,421241
False,460863
False,545154
False,164170
False,370899
False,230007
False,147506
False,409131
False,580385
False,103383
False,301781
False,287550
False,495039
False,399878
False,194108
False,366373
False,546085
False,271464
False,573142
False,150636
False,19828
True,122029
False,32963
False,12824
False,427434
False,110439
False,408439
False,168795
False,201634
False,492123
False,59358
False,374717
False,314139
False,90833
False,69860
False,289154
False,8876
False,68030
False,383131
False,49371
False,215134
False,446832
False,68623
False,576072
False,428691
False,530396
False,555920
False,323372
False,518807
False,450864
False,453567
False,80084
False,407214
False,248280
False,124834
False,17867
False,128912
True,53347
False,341133
False,356427
False,515431
False,191721
False,491753
False,325806
False,100717
False,222628
False,189765
False,361334
False,298904
False,152922
False,424411
False,458502
False,451758
False,55942
False,151801
False,146676
False,56713
False,510622
False,283618
False,161719
False,43892
False,458089
False,425898
False,560222
False,517685
True,506717
False,20111
False,360735
False,236234
False,289058
True,573980
False,384026
False,490887
False,396691
False,82705
False,562817
False,141947
False,416095
False,569101
False,474545
False,504541
True,560804
True,193025
True,94350
False,370722
False,357894
False,127761
False,329337
False,376449
False,135032
False,546058
True,219565
False,470773
False,221313
False,317688
False,277563
False,245802
False,470911
False,541898
False,50624
False,78107
False,119882
False,59352
False,51680
False,207916
False,148629
False,574339
False,565939
False,415570
False,439518
False,58123
False,440878
False,158694
False,26560
False,166358
False,394635
False,119113
False,469410
False,346799
False,328780
False,207234
False,552929
False,166489
False,578213
False,484666
False,305093
False,428945
False,4208
False,64611
False,189772
False,340899
False,331264
False,52076
False,278612
False,360868
False,408556
False,81855
False,398124
True,505861
False,564726
False,555898
False,9987
False,295358
False,58406
False,100438
False,198785
False,18078
False,540348
False,570066
False,425556
False,254682
False,478071
False,88719
False,161611
False,282903
False,70927
False,322937
False,440528
False,244065
False,35927
False,166001
False,392364
False,290350
False,360813
False,77481
False,517959
False,63485
False,387387
False,371807
False,227498
False,348243
False,128752
False,183155
False,323564
False,29346
False,196365
True,292482
False,174079
False,136111
False,34438
False,308612
False,565966
False,371359
False,264268
False,93922
False,432106
False,350068
True,418042
False,419052
False,369733
False,269282
False,496991
False,72715
False,310645
False,287570
False,306475
False,98956
False,289460
False,468095
False,19428
False,247977
False,177939
False,317934
False,338488
False,398285
False,503814
False,421703
True,217622
False,80619
False,451703
False,427946
False,174167
False,377105
False,62216
False,490978
False,231049
False,172615
False,462770
True,19667
False,327168
False,47511
False,276418
False,433168
False,150237
False,301937
False,551185
False,293372
False,300538
False,201596
False,363902
False,420225
False,189893
False,518883
False,577817
True,496496
False,24125
False,314430
True,451842
False,131159
False,408417
False,484300
False,297353
False,319285
False,190487
False,478016
False,43176
False,392260
False,98159
False,246841
False,77310
False,110371
False,487392
False,163575
False,538857
True,479633
False,259625
False,80283
False,1941
False,164502
False,213020
False,5823
False,122436
False,99580
False,543740
False,142201
False,211198
False,409208
False,394523
False,5324
False,317234
False,556547
False,230289
False,405215
False,75173
False,242345
False,373679
False,558448
False,308783
False,395092
True,440387
False,95670
False,162503
False,206530
False,170401
False,507719
False,291930
False,129914
False,193318
False,382500
False,213033
False,572902
False,541493
False,61945
False,581731
False,6572
False,314504
False,124055
False,436651
False,175715
False,384983
False,157181
True,4700
False,63240
False,300814
False,504289
False,145502
False,207629
False,442268
False,314788
False,5277
False,402689
False,312433
False,44261
False,55764
False,286899
False,86356
False,137106
False,111348
False,264212
False,70403
False,474653
False,567149
False,338964
False,383119
False,315902
False,74461
False,493205
False,558633
False,279264
False,18319
False,424445
False,419610
False,29732
False,463304
False,367442
False,35974
False,125524
False,449758
False,535245
False,14970
False,269493
False,490694
False,553232
False,160974
False,198451
False,12756
False,480983
False,488736
False,20147
False,516581
False,355851
False,553116
False,167996
True,43829
False,268777
False,465090
False,382080
False,362676
False,496845
False,575260
False,401758
False,303597
False,171349
False,203081
False,223718
False,175162
False,420347
True,536977
False,412880
False,146769
False,274466
False,101265
False,350815
True,48145
False,279803
False,536884
False,262925
False,475423
False,135361
False,76111
False,486834
False,558808
False,192335
False,481098
False,90823
False,498082
False,166223
False,178761
False,455657
False,537139
False,295585
False,306361
False,435792
False,403975
False,44017
False,358756
False,87737
False,455769
True,558114
False,15792
False,69293
False,303704
False,350644
False,269091
False,284551
False,21989
False,337390
False,192212
False,427555
False,422599
False,232597
False,360412
False,579602
False,542634
False,552876
False,163546
False,365470
False,56129
False,471261
False,51476
False,478336
False,196248
False,403454
False,404046
False,135071
False,407566
False,171270
False,152789
False,436578
False,275795
False,263302
False,225480
False,358020
False,342107
False,124711
False,472058
False,537720
False,238073
False,574077
False,393291
False,322049
False,229995
False,215555
False,41772
False,403231
False,503356
False,353175
False,263858
True,433136
False,578197
False,108293
False,389721
False,555940
False,460234
False,315521
False,64733
False,308760
False,84174
False,435206
False,480179
False,504141
False,553278
False,531457
False,580906
False,404424
False,418623
False,410225
False,202041
False,527618
False,506007
True,405648
False,30793
False,266010
False,76476
False,349750
False,229233
False,423222
False,229383
False,538819
False,270079
False,405852
False,55375
False,508695
False,356771
False,490010
False,251582
False,359189
False,476380
False,113668
False,397101
False,506463
False,98064
False,251790
False,225829
False,464923
False,541158
False,368440
False,80835
False,567990
False,279543
False,137734
False,511967
False,371883
False,348204
False,486821
False,538164
False,401320
False,479388
False,338105
False,410195
False,150559
False,298395
False,485201
False,120369
False,88244
False,469816
False,85566
False,567922
False,4742
False,190271
False,413290
False,407210
False,281108
True,37689
False,581018
False,331317
False,426631
False,472452
False,528992
False,118277
False,236938
False,488658
False,545950
False,306928
False,186428
False,462504
False,465877
True,2473
False,357069
False,439057
True,5083
False,447228
True,279974
True,235479
True,404373
False,88048
False,92549
False,305496
False,301993
False,304092
False,182775
False,553753
False,334011
False,19226
False,91784
False,147586
False,154257
False,361730
False,3771
False,268993
False,337667
False,152459
False,557884
False,311616
False,207880
False,458299
False,355971
False,9983
False,292055
False,489011
False,101969
False,90751
False,472131
False,491850
False,514060
False,313593
False,428126
False,394071
False,194538
True,203275
False,471865
False,384930
False,2284
False,140821
True,189248
False,78575
False,370503
False,232627
False,22710
False,550569
False,256775
False,20136
False,326574
False,250276
False,45057
False,99372
False,20882
False,318850
False,329576
False,4442
False,54164
False,343905
False,206255
False,277496
False,188465
False,20342
False,81944
False,134955
True,246040
False,286994
False,178771
False,213881
False,465223
False,435823
False,496045
False,69410
False,578439
False,264098
False,475316
False,221914
False,209919
False,115967
False,388911
False,316871
False,147779
False,38701
False,20247
False,85475
False,77693
False,415238
False,486415
False,160559
False,308798
False,248389
False,461998
False,461410
False,530836
False,241373
True,501926
False,98949
False,130826
False,138153
False,237093
False,12138
True,530762
False,330086
False,84602
False,3602
False,255489
False,567220
False,63163
False,6033
False,106677
False,413011
False,456991
False,112106
False,110780
False,347128
False,166532
False,45490
False,328605
False,562037
False,183416
True,335859
False,528915
False,318814
False,568516
False,554744
False,295683
False,539535
False,562157
False,125466
False,181851
False,200986
False,54996
False,247121
False,202260
False,573971
False,298067
False,269862
False,436354
False,543119
False,146503
False,486778
False,216378
False,374166
False,94499
False,444033
False,370929
False,345658
False,121795
False,490572
False,46563
False,52406
False,155864
False,532916
False,303257
False,414260
False,379313
False,543581
False,403789
False,505977
False,169700
False,103086
False,525171
False,269116
False,575701
False,175121
False,46146
True,333629
False,66635
False,72373
False,306031
False,376965
False,114521
False,107729
False,402004
False,22500
False,61510
False,449743
False,566524
False,54204
False,140308
False,86932
False,316660
False,513237
False,149095
False,297907
False,490247
False,427803
False,266133
False,323502
False,192077
False,80082
True,484614
False,396068
False,486543
False,78384
False,395667
False,550691
False,378905
False,318657
False,9479
False,376046
False,396793
False,93736
True,339336
False,329323
False,74364
False,539406
False,21826
False,283257
False,437370
False,120375
False,426400
False,339844
False,447235
False,11305
False,29320
False,353909
False,199822
False,24778
False,40593
False,571881
False,38432
False,191706
False,70856
False,222921
False,531796
False,70067
False,577448
False,288397
False,185988
False,43815
False,421146
False,389312
False,147409
False,377832
False,275938
False,284127
False,512060
True,419262
False,195281
False,552755
False,391219
False,275902
False,460991
False,193902
True,341196
False,266120
False,246736
False,495687
False,551063
False,428943
False,517878
False,278229
False,19863
False,11299
False,262522
False,233527
False,281285
False,43606
False,192631
False,398537
False,444367
False,246166
False,81961
False,141015
False,579906
False,252215
False,524897
False,298170
False,427729
False,204556
False,68139
False,541077
True,18605
False,495568
False,13455
False,283220
False,21971
False,359085
False,290768
False,177824
False,315427
False,104177
False,516372
False,128528
False,276037
False,30133
False,158536
False,44814
False,161835
False,470207
False,134420
False,341612
False,251008
False,431530
False,113261
False,496386
True,373500
False,39309
False,202805
False,280420
False,215023
False,238688
False,480280
False,139983
False,209971
False,179331
False,43693
False,385837
False,486899
False,349622
False,552855
False,236197
False,264388
False,452512
False,428304
False,242387
False,411666
False,315916
False,525933
False,17057
False,71016
False,294423
False,404007
False,326627
False,564715
False,15112
False,302703
False,247668
False,6765
False,510154
False,364885
False,466242
False,102405
False,536949
False,490645
False,232371
False,36968
False,344579
False,272196
True,251466
False,55294
False,572765
False,236730
False,547859
False,407688
False,203460
False,423606
False,206492
False,71256
False,160691
False,315524
False,188474
False,387083
False,70485
False,365759
False,322201
False,187279
False,556512
False,61675
False,557794
False,66691
False,422029
False,62915
False,204536
False,147934
False,241860
False,377778
False,184720
False,393721
False,343185
False,571944
False,120472
False,66853
True,576625
False,155118
False,45471
True,535871
False,284888
False,93048
False,380729
False,334491
False,399296
False,562341
False,179480
False,566261
False,424193
False,356344
False,206001
False,131674
False,65087
False,388157
False,365556
False,308302
False,252761
False,504868
False,495489
False,275585
False,183029
False,366095
False,10039
False,78194
False,200447
False,269303
False,188757
False,124804
False,460962
False,280429
False,331082
False,357508
True,408239
False,253430
False,436838
False,404282
False,447823
False,461560
False,570938
True,181474
False,428310
False,1308
False,530002
False,579267
False,167348
False,357512
False,234526
False,92288
False,605
False,141346
False,457478
False,48905
False,57500
False,527858
False,524621
False,581553
False,514955
False,97201
False,52802
False,197636
False,505738
False,170666
False,357139
False,361815
False,429726
False,431504
False,398525
False,306950
False,309403
False,32809
False,90676
False,479360
False,243171
False,225213
False,337784
False,408817
False,473131
False,143749
False,472893
False,329011
False,313384
False,382643
False,414176
False,174522
True,542982
False,216863
False,408805
False,159924
False,146917
False,534974
False,281598
False,359687
False,560396
False,68752
False,388498
False,236507
False,356937
False,484149
False,426318
False,157416
False,147294
False,160535
False,553482
False,212553
False,441172
False,271394
False,38663
False,338987
False,232167
False,23687
False,485529
False,24842
False,168738
False,228316
False,139140
False,564530
False,398895
False,356522
False,29091
False,569582
False,35206
False,502558
False,236904
False,367398
False,415239
False,410350
False,30791
False,360700
False,9199
False,435833
False,143671
False,162711
False,402938
True,386796
False,578099
False,196393
False,192154
False,101357
False,59321
False,367700
False,537335
False,429530
False,439773
False,439071
False,475768
False,535483
False,439118
False,570848
False,338978
False,208208
False,404929
False,430684
False,302660
False,55744
False,66087
False,102815
False,183648
False,362677
False,405209
False,286359
False,404889
False,189782
False,284770
False,118885
False,486397
False,287187
False,236661
False,382890
False,377486
False,402774
False,574420
False,453538
False,107782
False,173211
False,514605
False,574476
False,393411
False,71255
False,350111
False,572733
False,234577
False,424229
False,139561
False,65012
False,362026
False,250730
False,561131
False,443940
False,190572
False,355629
False,496283
False,338903
False,151170
False,578659
False,262662
False,21364
False,365345
False,429895
False,461839
False,347665
False,91998
False,484474
False,43308
False,186518
False,206467
False,541472
False,212405
False,558635
False,132527
False,481325
False,124643
False,180609
False,78495
False,290432
False,466671
False,341033
False,297116
False,571585
False,446136
False,381607
False,347113
False,310543
False,240681
False,385743
False,263770
False,23957
False,210065
False,189243
False,334484
False,526827
False,239957
False,457448
False,305175
True,23034
False,543635
False,195696
False,207378
False,561384
False,225700
False,542573
False,435452
False,379529
False,26506
False,167693
False,264735
False,456037
True,158302
False,356535
False,116622
False,445561
False,42578
False,191919
False,181224
False,421208
False,157172
False,162043
False,30142
False,170099
False,196098
False,276376
False,541485
False,392511
False,208371
False,129216
False,131011
False,137413
False,354303
False,166207
False,168259
False,185225
False,513659
False,507798
False,346702
False,372514
False,497768
False,572894
False,570128
False,69242
False,548545
False,78042
False,201722
False,409736
False,507361
False,404964
False,415806
False,143339
False,315256
False,549958
False,486194
False,162952
False,138948
False,53455
False,446958
False,123099
False,559958
False,132389
False,339361
False,432234
False,189884
False,279334
False,180559
False,362620
False,379713
False,402433
True,395742
False,200391
False,459190
False,369191
False,239518
False,264214
False,225306
False,461301
False,534679
False,267969
False,171353
False,381093
False,314420
False,244768
False,353400
False,24712
False,97693
False,330400
False,388225
False,556540
False,542186
False,208350
False,21061
False,13900
False,368940
True,482539
False,392924
False,230403
False,102670
False,450607
False,561814
False,504488
False,537671
False,332875
False,361933
False,399162
False,434385
False,85446
False,361341
True,449914
False,501502
False,159754
False,414934
False,308952
False,379294
True,8571
False,42085
False,448220
False,65894
False,306454
False,422268
False,307981
False,486172
False,259431
False,149810
True,438126
False,361648
False,330201
False,57016
False,280670
False,29104
False,164564
False,498615
False,288513
False,564513
False,406205
False,437967
False,476342
False,453426
False,313116
False,294323
False,465844
False,507550
False,216928
True,352361
False,133278
False,434771
False,84386
False,499024
False,127942
False,247641
False,202388
False,205854
False,239337
True,338317
False,116562
False,516319
False,407159
False,441203
False,68238
False,17147
False,204721
False,129951
True,355569
False,48929
False,386467
False,124067
False,206851
False,32001
False,145116
False,574332
False,384316
False,681
False,183352
False,327643
False,151651
False,92522
False,361316
False,253464
False,243861
False,86215
False,434333
False,202226
False,347145
False,283632
False,113144
False,84964
False,353358
False,196566
False,572960
True,467594
False,311518
False,104368
False,469260
False,157119
False,239382
False,268418
False,111547
False,227677
False,453319
False,561761
False,518552
False,355717
False,308506
True,286036
False,29794
False,138621
False,514945
False,575949
False,314897
False,163054
False,287151
False,484769
False,13355
False,110019
False,195885
False,240263
False,184477
False,565220
False,181963
False,327507
False,167486
False,337126
False,547062
False,27920
False,493196
False,296192
False,33787
False,433423
False,17766
False,92711
False,560266
False,293789
False,310870
False,556813
False,507854
False,230598
False,435445
False,107305
False,248045
False,440786
False,151564
False,527228
False,338941
False,116065
True,137297
False,29288
False,152255
True,69544
False,11075
False,378659
False,471095
False,499627
False,251818
False,327225
False,238001
False,396029
False,557283
False,551595
False,217407
False,63290
False,10903
False,569750
False,57387
False,272790
False,142769
False,273075
False,199641
True,110779
False,202810
False,536786
False,147547
False,497296
False,291348
False,115319
False,516458
False,136512
False,135890
True,242133
False,69625
False,416450
False,149973
False,266023
False,296933
False,214478
False,95948
False,288219
False,209394
False,332545
False,292169
False,25595
False,46118
False,236048
False,33116
False,45603
False,493851
False,399835
False,548167
False,448700
False,21915
False,161738
False,207003
False,335834
False,230578
False,475236
False,318039
False,26443
False,153259
False,163600
False,156370
False,16255
False,144058
False,164388
False,211027
False,536200
False,263135
False,196120
False,305732
False,181422
False,548322
False,165986
False,325710
False,6148
True,73333
False,244965
False,31010
False,470426
False,345390
False,391726
True,574404
False,465229
False,229255
False,139165
False,432339
False,163496
False,378048
False,376523
False,75719
False,136938
False,522156
False,37549
False,561006
False,392251
False,545292
False,142127
False,543038
False,23623
False,146933
False,43776
False,411559
False,84103
False,281910
False,222053
False,64032
False,234684
False,497900
False,61601
False,190670
False,151053
False,69510
False,87936
False,90501
False,492658
False,535902
False,439303
False,227464
False,10936
False,92905
False,191925
False,383339
False,432486
False,67961
False,486496
False,471893
False,539920
False,68136
False,531076
False,20087
False,22194
False,425522
False,11712
False,281922
False,60572
False,143010
False,150324
False,105452
False,235253
False,308672
False,479805
False,15968
False,17313
False,227495
True,163962
False,227733
False,174303
False,388853
True,403567
False,387349
False,535588
False,148188
False,415716
False,405677
False,221737
False,340398
False,232684
False,335326
False,154972
False,183104
False,406867
False,350736
False,45528
False,88398
False,252272
False,561853
False,317028
False,192301
False,370369
False,128439
False,501739
False,447623
False,70133
False,245139
False,38682
False,375728
False,241554
False,341792
False,553150
False,170340
False,369304
False,327153
False,2270
False,507520
False,237941
True,484414
True,283678
False,318573
False,195755
False,464151
False,496116
False,313341
False,533377
False,164972
False,224304
False,491764
False,577604
False,114946
False,439911
False,425870
False,556542
False,309692
False,318959
False,63888
False,39464
False,393900
False,516775
True,295578
False,273653
True,224477
False,177253
False,203546
False,41276
False,463844
False,365866
False,168854
False,82558
False,580363
False,92353
False,117300
False,480643
False,288651
False,339918
False,397665
True,264279
False,70870
False,50239
True,368421
False,77055
False,274978
False,69498
False,249905
False,110156
False,103969
False,415026
False,322777
False,472367
False,345608
False,225383
False,412830
False,183884
False,206528
False,447840
False,129637
False,157206
False,26992
False,266114
False,300772
False,314879
False,59005
False,185830
False,356190
True,29456
False,55398
True,226008
False,506039
False,132497
False,429819
False,445143
False,563989
False,372790
False,399489
False,467411
False,273120
False,545160
False,265168
False,136609
False,244111
False,393641
False,143420
False,387169
True,443688
True,104953
False,443397
False,298649
False,504987
False,311238
False,351747
False,224230
False,216682
False,3967
False,373792
False,181799
False,440334
False,176142
False,504235
False,354603
True,151739
False,194
False,370602
False,546140
False,204147
False,342942
True,341318
False,559132
False,118724
False,15764
False,120987
False,539705
False,253382
False,398523
False,572551
False,475465
False,167908
False,53176
False,51191
True,282680
False,449098
False,155644
False,42387
False,125407
False,557952
True,473607
False,294138
False,498204
False,537291
False,88183
False,511506
False,104711
False,193469
False,196378
False,157279
False,154139
True,541440
False,195644
False,445601
True,242946
False,87588
False,77346
False,195927
False,216507
False,124562
False,330570
False,41271
False,181699
False,147743
False,533519
False,518199
False,559356
False,553862
False,113294
False,67230
False,238201
False,202755
False,13922
True,160735
False,98044
False,529345
False,202601
False,335207
False,227675
False,250569
False,69051
False,264377
False,491113
False,414917
False,193480
False,277503
False,535766
False,511200
False,98478
False,335076
False,90057
True,419193
False,482879
False,61559
False,429371
False,58987
False,434463
False,376456
False,362371
False,106222
False,541258
False,568426
False,362438
False,244334
False,406810
False,75760
False,77903
False,415523
False,25559
False,157450
False,263612
False,558822
False,559053
False,233520
False,123835
False,426578
False,80690
False,42349
False,122194
False,143333
False,153130
False,514464
False,8053
False,571513
False,482912
False,485113
False,160823
False,82794
False,485605
False,321310
False,286793
False,312536
True,402396
True,391225
False,238655
False,246467
False,27539
False,246298
False,435316
False,555336
False,33727
False,359569
False,26702
False,482590
False,227184
False,37358
False,181367
False,210251
False,551636
False,402598
False,314792
False,484457
False,427386
False,505661
False,436848
False,358750
False,248565
False,223988
False,45644
False,245764
False,421676
False,106901
False,429261
True,504224
False,299550
False,39866
False,395673
False,123722
False,173620
False,478550
False,136141
False,442982
False,300737
True,492548
False,272250
False,206859
False,284545
False,462997
False,443737
False,345598
False,500465
False,452167
False,434644
False,466723
False,13357
False,557514
False,547532
False,525953
False,62707
False,77870
False,559127
False,359695
False,172506
False,415042
False,275761
False,403739
False,376443
False,375484
False,305224
False,401720
False,350061
False,55206
False,128377
False,418435
False,497567
False,547212
False,46725
False,564185
False,91841
False,12524
False,464633
False,48795
False,196878
False,107851
False,434045
False,42415
False,422910
False,526732
True,485943
False,383154
False,380106
False,355106
False,139065
False,195401
False,285512
False,416718
False,274148
False,88005
False,490875
False,66182
False,565799
False,393854
False,406659
False,111489
False,376572
False,111024
False,141003
False,406233
False,499646
False,218668
False,364340
False,384362
False,502058
False,434859
False,334845
False,529389
False,62210
False,232277
False,191828
False,189330
False,340673
False,289618
False,4441
False,90994
False,10046
False,2842
False,280839
False,134858
False,439364
False,337875
False,351419
False,459200
False,232648
False,160004
False,526414
False,228506
True,180283
False,872
False,287388
False,99094
False,239600
True,39606
False,549932
False,481252
False,371256
False,70480
False,301405
False,52348
False,74369
False,433647
False,355035
False,140548
False,328473
False,517875
False,508612
False,248009
False,183719
False,219228
False,163431
False,368594
False,14592
False,318373
False,553509
False,47882
False,267338
False,220307
False,203437
False,181992
False,491613
False,71738
False,512501
False,11364
False,315964
False,371841
False,236739
False,459354
False,136881
False,400202
False,33764
False,10613
False,269333
False,481254
False,62426
False,296236
False,21378
False,65334
False,495059
False,148963
False,452102
False,292271
False,406105
False,217636
False,394458
False,339469
False,139344
False,143764
False,322892
False,536776
False,17474
False,515229
False,534259
False,345944
False,532979
False,81995
True,88854
False,13176
False,96073
True,421833
False,5632
False,103890
False,418596
False,354644
True,438728
False,101862
False,327573
False,64738
False,39099
False,60117
False,368456
False,165552
False,568762
False,389699
False,76762
False,480876
False,36589
False,510643
False,492758
True,408664
False,420120
False,198319
False,133327
False,268065
False,217060
False,424554
False,328783
False,426203
False,122802
False,93803
False,377619
False,248850
False,346265
False,313733
False,378561
False,23840
False,46245
False,52384
True,301604
False,365306
False,388299
False,360494
False,454860
False,317995
True,214199
False,307800
False,45962
False,207097
False,378428
True,49327
False,184713
False,552966
False,94268
False,212887
False,250910
False,204422
False,129143
False,426427
False,300989
False,244385
False,456248
False,179914
False,456584
False,243839
False,13969
False,104588
False,279935
False,581233
False,72126
False,83540
False,126809
False,396213
False,284329
False,453221
False,7367
False,101620
False,303453
False,191101
False,505643
False,279708
False,538214
False,399054
False,391463
False,478903
False,280241
False,369230
False,205672
False,175061
False,352498
False,391116
False,79798
False,71429
False,327660
False,332692
False,274272
False,464980
False,335415
False,65896
False,537499
False,529097
False,145573
False,58979
False,181953
False,220793
False,281397
False,338276
False,139839
False,361406
False,363407
False,228373
False,369207
True,473801
False,551908
False,364098
False,73195
False,35972
False,34567
False,276215
False,80422
False,325812
False,402219
False,382357
False,68895
False,118478
False,266959
False,138904
True,300624
False,352724
False,109486
False,52582
False,408922
False,388976
False,201526
False,511373
False,198375
False,124028
False,433968
False,548704
False,378848
False,348794
False,549300
False,25290
False,224005
False,135790
False,41756
False,36574
False,163951
True,463678
False,133580
False,569495
False,317687
True,93075
False,119292
False,531450
False,409025
False,315654
False,206463
False,64233
False,497199
False,484100
False,499225
False,195561
False,48047
False,474607
False,352538
False,64399
False,196777
False,211491
False,116204
False,286530
False,432898
False,128518
False,6873
False,508101
False,387876
False,312367
False,406595
False,33697
False,334048
False,335967
False,535160
False,495095
False,314379
False,105757
False,181409
False,538167
False,180653
False,476706
False,412455
False,67623
False,203216
False,196521
False,240802
False,360510
False,487340
False,184877
True,179578
False,243153
False,188749
False,557266
False,447913
False,222958
False,228380
False,548500
False,415365
True,195768
False,56373
False,115126
False,537122
False,129756
False,141475
False,170312
False,565115
False,289621
False,14027
True,556192
False,393675
False,379177
False,335913
False,456351
False,298146
False,72095
False,420124
False,106107
False,251033
False,221915
False,116466
False,456602
False,360165
False,26190
False,368081
False,309880
False,251626
False,580345
False,123697
False,458879
False,430265
False,156135
False,335434
False,191298
False,49676
False,373223
False,399774
False,2459
False,152273
False,211529
True,21070
False,513795
False,358465
False,280705
False,66014
False,482157
False,29752
False,38064
False,57917
False,192520
False,541856
False,174137
False,64470
False,223447
False,392269
False,451032
False,113722
False,503164
False,400862
False,357810
False,47944
False,184241
False,334607
False,564629
False,506379
False,199990
False,262786
False,127587
True,152326
False,386032
False,64704
False,145553
False,569645
False,196584
False,193121
False,237367
False,375407
False,222027
False,322246
True,97946
False,483254
False,103873
False,224367
False,535737
False,514222
False,296317
False,347747
False,530278
False,227359
False,366256
False,499596
False,342441
False,102755
False,413146
False,538912
False,246688
False,115870
True,501225
False,22623
False,395957
False,219735
True,81809
False,554537
False,34818
False,245760
False,140708
False,530571
False,453682
False,51001
False,114732
False,317102
False,71711
False,134169
False,570834
False,161809
False,219451
False,361959
False,275771
False,573640
False,201368
False,154324
False,233272
False,197401
False,330084
False,403692
True,251370
False,58565
False,396116
False,45419
False,436936
False,107495
False,64008
False,65047
False,300965
False,175830
False,571437
False,118974
False,456656
False,303219
False,384416
False,245754
False,405718
False,367552
False,323758
False,305445
False,536292
False,407822
False,314515
False,186177
False,186828
False,4360
False,416279
False,272420
False,35062
False,84536
False,396287
False,291841
False,271076
False,240414
False,319743
False,349607
False,202605
False,451824
False,547363
False,296634
False,479462
False,227270
False,268899
False,329457
False,441949
True,428457
False,62399
False,65628
False,344773
False,552911
False,535580
False,17966
False,34961
False,165056
False,485307
False,517454
False,298452
False,294823
False,454886
False,293666
False,424300
False,110855
False,202067
False,476894
False,204098
False,304214
False,36351
False,236350
True,313249
False,334187
False,578002
False,55872
False,74430
False,216206
False,286000
True,443834
False,211034
False,54875
False,329806
False,172062
False,471028
False,17712
False,86552
False,406142
False,284817
False,508167
False,98563
False,303376
False,361197
True,34378
False,297154
False,133183
False,146855
False,4575
False,313799
False,147526
False,405523
False,71302
False,134562
False,508430
False,129843
False,578070
True,457190
False,277914
False,308117
False,147879
False,191648
False,442654
False,560457
False,579332
False,244411
False,30139
False,476569
False,337446
False,211040
False,61202
False,438029
True,499396
False,336487
False,457114
False,498443
True,565684
False,30387
False,103366
False,82604
False,502407
False,195023
False,581392
False,291677
False,501323
False,323460
False,279169
False,33994
False,7567
False,154497
False,329107
False,173379
False,141376
False,139739
False,99443
False,553074
False,132310
False,105014
False,49667
False,140617
False,228179
False,404792
False,533378
False,510383
False,386189
False,352145
False,303818
False,560312
False,152701
False,436168
False,63644
False,494382
False,16755
False,62943
False,37382
False,372756
False,384823
False,381217
False,125494
False,554453
False,105688
False,419466
False,399560
True,253838
False,581615
False,495332
False,130955
False,578306
False,136701
False,83632
False,197745
False,271681
False,529120
False,52305
False,401018
False,327110
False,189855
False,199570
False,561679
False,338670
False,347203
False,499532
False,359635
False,426510
True,240102
False,140360
False,38845
False,32074
False,492684
False,238272
False,512322
False,373705
False,29675
False,178242
False,452892
False,101059
False,198625
False,450914
False,149150
False,335851
False,360137
False,82147
False,576883
True,156636
False,220062
False,364190
False,421882
False,355481
False,183144
False,458616
False,336113
False,508899
False,125635
True,144383
True,550787
False,81474
False,99747
False,460757
False,407135
False,376407
False,279632
False,324616
True,215291
False,87334
False,157170
False,573536
False,111768
False,160341
False,176098
True,203781
False,532527
True,467479
False,29816
False,564830
False,320533
False,438909
False,272544
False,301344
False,467646
False,115119
False,338265
False,462736
False,503996
False,271143
False,462890
False,19322
False,359762
False,540538
False,208133
False,147331
False,309563
False,75696
False,163759
False,278393
False,509388
False,357164
False,154210
False,347087
False,299959
False,283162
False,83323
False,223146
False,561339
False,235713
False,11373
False,308210
False,491515
False,276621
False,322735
False,21801
False,439781
False,361866
False,111223
False,375509
False,92776
True,54442
False,225533
False,489719
False,151307
False,76776
False,499391
False,471901
False,571395
False,35948
False,390908
False,322654
False,149577
False,503331
False,138648
False,281017
False,387299
False,472036
False,176702
False,95726
True,396106
False,168832
False,441828
False,183537
False,535312
False,52036
False,386500
False,230663
False,553918
False,127558
False,533454
False,372362
False,138785
False,265453
False,24947
False,5373
False,501698
False,468951
False,410622
False,344729
False,514097
False,166474
False,197383
False,441493
True,501647
False,480065
False,237495
False,374897
False,73182
False,75305
False,414379
False,330701
False,370945
False,218931
False,191740
False,320611
False,472622
False,58465
False,492519
False,303233
False,574703
False,366852
False,167955
False,499727
False,263901
False,21095
True,279197
False,547097
False,224257
False,334208
False,48256
False,3001
False,26029
False,673
False,433021
False,552579
False,383106
False,186719
False,528496
False,165833
False,133470
False,363702
False,7989
False,131627
False,435182
False,11147
False,112734
False,253557
False,47202
False,91735
False,343881
True,323263
False,490471
False,124707
True,152286
False,232718
False,31796
False,38645
False,514099
False,416469
False,39163
False,492302
False,424308
False,494055
False,317169
False,423209
False,305685
False,63418
False,325078
False,136245
False,569989
False,391678
False,47734
False,35613
True,505213
False,133995
False,160428
False,140513
False,501788
False,277764
False,187278
False,259242
False,370813
False,431510
False,419848
False,25481
False,93331
False,196210
False,71719
False,115864
False,295076
False,556424
False,274876
False,67431
False,397483
False,540531
False,71880
False,26665
False,552761
False,88120
False,416002
False,62023
False,577891
False,382662
False,508460
False,474331
False,254990
True,579294
False,19932
False,9801
False,140724
False,541226
False,116570
False,347865
False,342561
False,193023
False,416972
False,208252
False,342831
False,185494
False,370537
False,214210
False,188518
False,421773
False,363067
False,229630
False,149202
False,444206
False,323010
False,373197
False,424879
False,466557
False,49551
False,268388
False,317861
False,372560
False,39150
False,438060
False,59082
False,247451
False,129872
True,86878
False,471009
False,100798
False,13081
False,469894
False,237502
False,265745
False,16673
False,81602
False,368103
False,371364
False,141501
False,246728
False,329641
False,368820
False,226171
False,79701
False,326368
False,308507
False,480755
False,197091
False,206685
False,43838
False,369596
False,204060
False,564419
False,503976
False,493254
False,491844
False,131162
False,120850
False,365677
True,414385
True,191585
False,150931
False,365316
False,311304
False,375878
False,274804
True,156125
False,463856
False,23405
False,496657
False,73374
False,190291
True,539372
False,383641
False,429887
False,66886
False,426997
False,295455
False,64028
False,315871
False,346314
False,489358
False,122028
False,399837
False,312298
False,3521
False,97243
False,205131
False,63745
False,379659
True,54750
False,26304
False,111543
False,77899
False,526711
False,366576
False,392764
False,527337
False,124621
False,473673
False,121232
False,131978
False,77548
False,315072
False,119297
False,88815
False,139272
False,150819
False,244967
False,310514
False,147915
False,231601
False,82881
False,403464
False,558129
False,355550
False,162366
False,402569
False,193798
False,316085
False,157825
False,109148
False,243724
False,475561
False,312574
False,329762
False,130886
False,294744
False,467468
False,224081
False,557335
False,40957
False,226957
False,284910
False,226244
False,352176
False,526968
False,169584
False,561988
False,214007
False,130180
False,136783
True,273059
False,196885
False,274213
False,303423
False,355194
False,333859
False,98395
False,409226
False,182625
False,332836
False,299720
False,265766
False,271249
False,374253
False,222244
False,283884
False,551062
False,544638
False,440666
False,305412
False,422705
False,553908
False,401411
False,334772
False,2372
False,315226
False,312958
False,163746
False,198202
False,470663
False,496531
False,131208
True,342013
False,315273
False,402057
False,233610
False,230137
False,143234
False,447363
False,338889
False,430495
False,92543
False,416271
False,223459
False,263599
False,497504
False,423454
False,490469
True,486250
False,547768
False,453162
True,446956
False,433236
False,405999
False,244019
False,520696
False,267647
False,9112
False,114891
False,502848
False,59309
False,16314
False,125586
False,25743
False,536575
False,279341
True,276336
False,365619
False,516619
False,450381
False,485368
False,182402
False,7988
False,306703
False,372718
False,58073
False,122360
False,248879
False,271471
False,391304
False,455799
True,312078
False,397994
False,322698
True,108879
False,273383
True,332273
False,506224
False,97017
False,397455
False,148400
False,435902
True,312783
False,307262
False,438268
False,210079
False,119214
False,561082
True,480624
False,38714
False,124197
False,375093
False,354277
True,411086
True,333615
False,545324
False,415322
False,564337
True,495438
False,234990
False,39540
False,296353
False,299544
False,417679
False,99342
False,384535
False,49096
False,492166
False,275117
False,383934
False,547875
False,331049
False,366255
False,312748
False,429061
False,176506
True,15032
False,396784
False,546472
False,570543
False,450212
False,350623
False,493628
False,430473
False,341941
False,324626
False,527832
False,209290
False,134844
False,189770
False,469902
False,47387
False,150537
False,142890
False,197864
False,483083
False,301432
False,499952
False,266833
False,164638
False,250630
False,316031
False,442666
False,133517
False,558317
False,12440
False,117374
False,278771
False,100827
False,103970
False,507789
False,5184
True,321776
False,453311
False,404165
False,540529
False,205323
False,262239
False,547498
False,502397
False,135627
False,137265
False,385302
False,9774
False,142668
False,79689
True,487898
False,314357
False,455664
False,160331
False,315565
False,340036
False,34570
False,134835
False,12795
False,560850
False,273658
False,331242
False,69936
False,27158
False,283097
False,571548
False,299722
False,300123
False,237550
True,51985
False,406949
False,137706
True,557107
False,94599
False,190573
False,352295
False,57750
False,254130
False,114968
True,266847
True,460346
False,100274
False,272728
False,142342
False,241975
False,163387
False,303855
False,323182
False,396150
False,309434
False,371289
False,164372
False,353610
False,62547
False,389419
False,449517
False,28611
False,5965
False,506592
False,220187
False,399984
False,471226
False,462131
False,478072
False,139539
False,362812
False,45693
False,60034
False,15071
False,59979
False,468193
True,4275
False,490046
True,221560
False,67052
False,508466
False,228133
False,331695
False,12379
False,425226
False,46339
False,531515
False,510820
False,527562
False,1589
True,557396
False,385864
False,332908
False,273804
False,45259
True,567308
False,342639
False,23544
False,144025
False,129821
False,456799
False,402335
False,424820
False,30044
False,283318
True,276711
False,520273
False,332162
False,7830
False,533434
False,557360
False,248755
False,145915
False,313234
False,486503
False,517226
False,206628
False,516804
False,579731
False,429807
False,303392
False,370337
False,365351
False,430079
False,462261
False,99620
False,125725
True,106001
False,488538
False,468548
False,374156
False,505709
False,173447
False,151563
False,387812
False,469248
False,155618
False,149842
False,175033
False,139436
False,508429
False,112726
False,472607
False,270381
False,246932
False,525619
False,233925
False,18183
False,398083
False,94513
False,120428
False,511076
False,566016
False,64629
True,366967
False,509588
False,482740
False,317512
False,407390
False,268266
False,387909
False,49443
False,574870
False,450383
False,167810
False,373425
False,549715
False,288794
False,105683
False,517821
False,485595
False,195810
False,534191
False,213351
False,422391
False,29356
False,392627
False,438629
False,90062
False,192500
False,387928
True,541391
False,346759
False,102400
False,580681
False,270166
False,443086
False,346795
False,88414
False,28367
False,468382
False,220673
True,566282
False,323964
False,262471
False,337843
False,30205
False,455459
False,193669
False,454131
False,543391
False,423327
False,430529
False,192594
False,185697
False,28671
False,220076
False,38370
False,75791
False,225584
False,411943
False,319337
False,474253
False,501762
False,68996
False,246085
False,336457
False,72626
False,324611
False,502311
False,355257
False,207231
False,513888
True,273086
False,168690
False,166273
False,208327
False,206049
False,213357
False,85799
False,450735
False,48383
False,513496
False,414001
False,196766
False,346185
False,85790
False,170550
False,61174
False,443360
False,362079
False,428026
False,541450
False,254703
False,179727
False,36331
False,243986
False,2124
False,131967
False,201382
False,145834
False,531778
False,29931
True,465058
False,177440
False,251439
False,553078
False,208849
False,304853
False,188229
False,201928
False,359917
False,332653
True,554381
False,537326
False,13844
False,422405
False,227582
False,472463
False,573775
False,565975
False,289966
False,226805
True,450559
False,509292
False,154556
False,219379
False,134548
False,105686
False,79628
True,325885
False,407952
False,207363
False,458541
True,106664
False,437753
False,276845
False,80077
False,310663
False,499109
False,49075
False,320129
False,165200
False,173821
False,348216
False,370171
False,561648
False,370121
False,363228
False,310518
False,458673
False,62337
False,182758
False,436302
False,517626
False,205055
False,235981
False,13215
False,244240
False,561412
False,25202
False,137861
False,182997
False,116279
False,378486
True,170601
False,354185
False,307190
False,572000
False,66539
False,525248
False,459823
False,104898
False,53533
False,350388
False,469810
False,146334
False,267126
False,486345
False,358484
False,243090
False,577964
False,82668
False,280484
False,139815
False,208240
False,397268
False,143215
False,31273
False,156769
False,516795
False,179487
False,557848
False,576653
False,108859
False,378312
False,91262
False,148263
False,47515
False,490175
False,391033
False,268659
False,542081
False,83476
False,561539
False,453390
False,164381
False,204806
False,264853
False,435299
False,575863
False,252544
False,272119
False,190395
False,87633
False,24657
False,6004
False,58437
False,436413
False,507352
False,168522
False,158372
False,178031
False,352735
False,162965
False,102835
False,435839
False,495607
False,78053
False,423214
False,229947
False,34757
False,527666
False,399664
False,283054
False,138124
True,287038
False,224557
False,481665
False,431699
False,346287
False,481586
False,3040
False,290544
False,397192
False,21534
False,20748
False,426022
False,467249
False,531967
False,147204
False,354846
False,428986
False,40449
False,368852
False,161836
False,555387
False,408719
False,79460
False,66561
False,325102
False,280959
False,341389
False,108101
True,13379
False,158422
False,320701
False,558274
False,188918
False,579103
False,275242
False,43392
False,312020
False,366254
False,288442
False,303002
False,486005
False,173987
False,285773
False,110026
False,25228
False,87234
False,56633
False,347390
False,30879
False,33904
False,543782
True,73903
False,413665
False,13835
False,540110
False,307475
False,255747
False,76492
False,186323
True,152202
True,17206
False,196116
False,533408
False,435913
False,415608
False,104591
False,374564
False,265743
False,458139
False,282238
False,312126
True,499239
False,422183
False,151709
False,5028
False,90912
False,500335
False,452398
False,15544
False,168714
False,340633
False,469165
False,268798
False,101762
False,289689
True,458543
False,247971
False,505592
False,65520
False,149669
False,425127
False,464214
False,406292
False,392632
False,14883
False,509321
False,176090
False,356970
False,201714
False,503021
False,469531
False,267521
False,401071
False,64016
False,383888
False,541816
False,500559
False,20489
False,221189
False,422305
False,474953
False,24744
False,44668
True,423290
False,339105
False,197193
False,134016
False,3464
False,335774
False,2545
False,56134
False,545920
False,403080
False,451131
False,90245
False,12731
True,9885
False,185888
False,225113
False,281722
False,136453
False,491494
True,454457
False,3511
False,105877
False,75600
True,208621
False,228329
True,472654
False,4463
False,353051
False,430455
False,395193
False,328462
False,102208
False,565332
False,22396
False,60182
False,42342
False,570410
False,363750
False,403421
False,189094
False,196351
False,276420
False,346386
False,308180
False,65400
False,360986
False,233104
False,79472
False,389563
False,496636
False,468287
False,497628
False,181975
False,496300
False,179921
False,155754
False,122777
False,296793
False,28019
False,48571
False,91810
False,128921
False,487825
False,320905
False,454956
False,247807
False,101070
False,282708
True,151965
False,369722
False,220239
False,267008
False,553588
False,499730
False,97660
False,316022
False,467203
False,115544
False,420183
True,524333
False,172743
False,535497
False,526288
False,271183
False,54755
False,449579
False,173546
False,390569
False,112867
False,131696
False,562136
False,436410
False,565755
False,444432
False,379533
False,394681
False,471871
False,174113
False,191893
False,2983
False,229391
False,394784
False,17896
False,114274
False,371198
True,1108
True,559145
False,501917
False,554658
False,117432
False,549508
False,401822
False,129544
False,548848
False,160239
False,21217
False,105859
False,496301
False,155007
False,198312
False,563676
False,489550
False,492630
False,41552
False,459631
False,328729
False,217054
False,49662
False,81966
False,346425
False,571886
False,196900
False,426202
False,251135
False,554569
False,395551
False,242906
False,60403
False,113051
False,19874
False,469973
False,293679
False,451406
False,486014
False,451151
False,128135
False,209229
False,168340
False,85145
False,30038
False,225387
False,320112
False,35126
False,15179
False,511789
False,175277
False,484749
False,564550
False,516625
False,266115
False,225463
False,187103
False,424694
False,106978
False,285263
False,196836
False,324266
False,357322
False,156506
True,332261
False,294005
False,254101
False,572680
False,458208
False,513806
False,566395
False,279809
False,230916
False,454158
True,227825
False,185781
False,391696
False,224108
False,229975
False,227451
False,89892
False,397045
False,212229
False,317054
False,514387
False,445569
False,327549
False,58660
False,515126
False,393907
False,363527
False,324567
False,554556
False,310660
False,428091
False,262204
False,139604
False,83546
False,235064
False,95106
True,361460
False,165753
False,153723
False,65716
False,387543
False,436646
False,366061
False,60340
False,374785
False,226442
False,241691
False,505384
True,378454
False,486203
False,419391
False,496604
False,462110
False,555230
False,227512
False,292135
False,402199
False,325579
False,540735
False,476426
False,282032
False,406570
False,211113
False,355511
False,1712
False,90169
False,254824
False,371808
False,532852
False,30148
False,377183
False,440577
True,382288
False,124033
False,196879
False,424374
False,37757
False,435931
False,181997
False,58735
False,480157
False,38888
False,428278
False,8234
False,530777
False,275929
False,73040
False,388228
False,488401
False,293492
False,4318
False,419723
True,298139
False,508354
True,199442
False,458702
False,496818
False,507148
False,459248
False,342862
False,266370
False,380557
False,541676
False,375129
False,252193
False,233112
False,270536
False,109894
False,173998
False,108210
False,437516
False,501600
False,160142
False,388258
False,506073
False,213032
False,83738
False,217864
False,206411
False,560268
False,480990
False,487464
False,171190
False,109182
False,250194
False,573355
False,46372
False,97958
False,447074
False,499930
False,327625
False,333433
False,328
False,169598
False,120129
False,105172
False,341087
False,131434
False,291664
False,540769
False,393724
False,375202
False,115692
False,175000
False,393297
False,247893
False,447711
False,251064
False,14175
False,243896
False,65029
False,52844
False,253789
False,375531
False,471824
False,243500
False,195650
False,435671
False,561004
False,555170
False,581010
False,287934
False,529879
False,564091
False,55733
False,391145
False,139551
False,371353
False,574349
False,277038
False,270096
False,144193
False,76912
False,117009
False,390935
False,53236
False,489916
False,327191
False,441292
False,350879
True,208786
False,432577
False,244241
False,65712
False,574760
False,266563
False,239657
False,581560
False,231102
False,377300
False,322953
False,369593
False,365578
False,317555
False,123892
False,127296
False,156608
True,422100
False,485447
False,52756
False,366184
False,38548
False,178998
False,223598
False,275661
False,529261
True,79969
False,85531
False,553777
False,23038
False,470972
False,401024
False,565652
False,141283
False,200064
False,304187
False,113313
False,274900
False,128121
False,364139
False,556835
False,52827
False,179823
False,363875
False,201074
False,569705
False,429705
False,113032
False,21964
False,569742
False,169855
False,315104
False,565321
False,26981
False,125703
False,8027
False,346583
False,66338
False,264884
False,88021
False,18802
False,384197
True,240275
False,488889
False,160407
False,296730
False,158854
False,5713
False,469924
False,552197
False,378229
False,453954
False,293864
False,289620
False,327149
False,335529
False,89232
False,446271
False,231422
False,516189
False,438755
False,516084
False,149791
False,120447
False,29306
False,118209
False,252314
False,419026
False,163927
False,118957
False,112459
False,533958
False,326570
False,197840
False,451554
False,571792
False,440810
False,52712
False,95062
True,502288
False,479666
False,156180
False,247477
False,517069
False,171742
True,539819
False,426842
False,282572
False,402802
False,217379
False,320987
False,56837
False,545930
False,246759
False,456350
False,457121
False,336350
True,120655
False,19450
False,230263
False,40466
True,107584
False,209655
False,390943
False,546721
False,160910
False,121762
False,285678
False,579693
False,46942
False,100859
False,91005
False,518719
False,574668
False,483241
False,391305
False,29189
False,72096
False,150158
False,510334
False,24287
False,391989
False,438154
False,253196
False,556091
False,280865
False,456499
False,185082
False,369697
False,388350
False,457029
False,183905
False,425881
False,492719
False,422105
False,138057
False,389418
False,296374
False,250400
False,576011
False,371511
False,87998
False,122844
False,532575
False,464622
False,385085
False,353357
False,117969
False,410114
False,96568
False,429902
False,305075
False,536935
False,103375
False,98550
False,422025
False,45472
False,205656
False,568599
False,528667
False,156768
False,323634
False,91465
False,545549
False,374027
False,239214
False,285275
False,238687
False,262940
False,502725
False,7048
False,76117
False,482858
False,385346
False,347754
False,289791
False,277778
False,333704
False,40890
False,295419
False,217268
False,77821
False,216398
True,374848
False,359061
False,401171
False,567768
False,410580
False,462505
False,105582
False,90707
False,105455
False,494112
False,337502
False,423964
False,197068
False,351104
False,174247
False,521865
False,569926
True,75494
False,27334
False,105339
False,231337
False,103897
False,244179
False,93947
False,376677
False,279909
False,73997
False,506621
False,416771
False,468830
False,102330
False,50256
False,234751
False,422480
False,492705
False,22696
True,201607
False,324699
False,145570
False,123964
False,32579
False,418826
False,557564
False,462472
False,24215
False,290192
False,229456
True,271759
False,93885
False,2690
False,405141
False,303959
False,348822
False,159761
False,581886
False,221430
False,62491
False,270596
False,358599
False,246001
False,237996
False,231631
False,156555
False,238199
False,504827
False,125432
False,236087
False,29799
False,80311
False,46252
False,142824
False,570693
True,496307
False,492314
False,396548
False,441774
False,302433
False,179964
False,513445
False,354545
False,385804
False,474078
False,311475
False,94610
False,545000
False,138
False,27679
False,195754
False,482588
False,576537
False,171297
False,469445
False,578169
False,195137
False,434328
False,346853
False,339096
False,406417
True,381789
False,151163
False,395775
False,549687
False,6894
False,571389
False,502470
False,513191
False,513692
False,85948
False,33177
False,173315
True,430555
False,340181
False,60177
False,157342
False,476324
False,318811
False,250051
False,135572
False,84489
False,542304
False,273147
False,96493
False,276209
False,493227
False,520485
False,109095
False,410980
False,270316
False,345499
False,564073
False,402326
False,490723
False,224759
False,365031
False,420402
False,308964
False,244983
True,288841
False,578508
False,355622
False,442419
False,574015
False,76149
False,576128
False,21686
False,43895
True,560620
False,214821
False,546966
False,521542
False,138536
False,109423
False,420546
False,573854
False,182799
False,456528
False,281191
False,512298
False,361127
False,52624
False,306173
False,177247
False,75768
False,103589
False,359005
False,69698
False,455523
False,167131
False,149961
False,6847
False,164634
False,73172
False,216468
False,346021
False,363160
False,552538
False,114060
False,48308
False,360517
False,488387
False,292791
False,160892
False,219750
False,359201
False,482625
False,422323
True,54205
False,267556
False,502758
False,407574
False,200862
False,525409
False,224396
False,545900
False,560552
False,228861
False,554168
False,216326
False,429769
False,71927
False,275837
False,296775
False,350874
False,26801
False,207980
False,318225
False,433278
False,570203
False,219473
False,472079
False,442128
False,565938
False,141994
False,557515
False,469768
False,65095
False,90237
False,312423
False,4219
False,48531
False,186196
False,99928
False,364618
False,385555
False,335477
False,300514
True,273155
False,19753
False,416978
False,246453
False,579922
False,354716
False,542549
False,463782
False,291509
False,488657
False,421999
False,296901
False,285450
False,134285
False,122572
True,56724
False,112805
True,437332
False,48632
False,275821
False,379777
False,540831
False,389869
False,506310
False,421382
False,192576
True,249953
False,343951
False,477852
False,394209
False,138234
False,216029
False,121162
False,354111
False,569919
False,549978
False,346754
True,495100
False,28698
False,64523
False,411630
False,579814
False,420823
False,301890
False,566341
False,168099
False,119550
False,88897
False,373077
False,473261
True,283520
False,359004
False,453427
False,81390
False,226147
False,94353
False,17697
False,98800
False,275643
False,506138
False,207549
False,288765
False,40685
False,418109
False,442572
False,59582
False,88609
False,284155
False,150244
False,36622
False,509819
False,163250
False,508881
False,479045
False,136265
False,433618
True,388085
False,438252
False,528556
False,82135
False,414156
False,338819
False,337264
False,72342
False,423050
False,509538
False,22890
False,319227
False,365003
False,165141
False,252084
False,138975
False,377496
False,454830
False,34164
False,1625
False,460403
False,433657
False,413847
False,542514
False,578343
False,341899
False,396638
False,16290
False,465466
True,417700
False,559618
False,187939
False,183594
False,505386
False,397433
False,58393
False,210060
False,303436
False,569539
False,122964
False,271505
False,171595
False,121001
False,286594
False,382542
False,349363
False,402234
False,95809
False,44170
False,360182
False,569917
False,102200
False,554607
False,462075
False,248341
False,181386
False,177957
False,243382
False,499634
False,558166
False,269419
False,409259
False,207196
False,460791
False,38332
False,333721
False,491481
False,29895
False,498730
False,508915
False,47172
False,421389
False,122335
False,142249
False,245049
False,171012
False,144683
False,543942
False,343934
False,274039
False,317781
False,465780
False,23479
False,505461
False,114093
False,143965
False,567142
False,82688
False,162773
False,318185
False,361888
False,99363
False,407368
False,239739
False,493136
False,505831
False,502670
False,354095
False,349841
