v_coco_id,coco_Id
False,412922
False,532810
False,281259
False,101328
False,485081
False,416088
False,425578
False,375382
False,82201
False,323789
False,333708
False,432798
False,559685
True,480629
False,298578
False,191962
True,309169
False,140556
False,296651
False,223601
False,510391
False,415048
False,101895
False,30631
False,372702
False,398220
False,366994
False,495443
False,161062
False,228244
True,19275
False,573761
False,97006
False,529477
False,249822
False,408965
False,412178
False,21641
False,389812
True,544574
False,278265
False,394715
False,339468
False,443075
False,98480
False,443361
False,262658
False,67027
True,85826
False,137120
False,125898
False,496261
False,226536
False,483179
False,440792
False,268114
False,528940
False,383443
False,498079
False,55715
False,561967
False,37125
False,457095
False,119743
False,350733
False,479808
False,352908
False,185712
False,118730
False,74268
False,336459
False,302684
False,390608
False,390593
False,287882
False,437363
False,423048
False,499020
False,391067
False,480823
False,371245
False,142592
False,110175
False,500049
False,364221
False,223870
False,365094
False,168480
False,126126
False,472610
False,466223
False,325063
False,305661
False,43411
False,228992
False,166751
False,162322
False,571550
False,225246
False,332732
False,427771
False,158038
False,491064
True,451099
False,51504
False,183233
False,448824
False,42190
False,43375
False,361811
False,222716
False,563921
False,367969
False,66072
True,227918
False,207931
False,10710
False,430489
False,264936
False,142666
False,507642
False,85322
False,361660
False,321062
False,218114
False,142859
False,114077
False,316269
False,493407
False,206356
True,229304
False,280047
False,176509
False,411215
False,44953
False,553522
False,49429
False,56288
False,267231
False,78604
False,289746
False,352113
False,552142
False,565940
False,227508
False,194054
True,516875
True,54007
False,182863
False,189853
False,365289
False,538513
True,561437
False,97065
False,476772
False,336861
False,361451
False,538822
False,99657
False,458876
False,581157
False,275491
False,91123
False,89908
True,138103
False,50324
False,335063
False,59906
False,379232
False,459111
False,556554
True,429935
False,484225
False,246066
False,333058
True,566173
False,527183
False,84521
False,307386
False,252751
False,173434
False,123184
False,497009
False,172156
False,448024
False,168803
False,48937
True,365170
False,556722
False,517610
False,28855
False,127585
False,10837
False,54614
False,48185
False,355869
False,300636
False,169415
False,512983
False,375916
False,503148
False,374984
False,308473
False,537944
False,298527
False,230679
False,120818
False,76249
False,135965
False,270278
False,232115
False,3048
True,450340
False,385672
False,30939
False,325351
False,29473
False,526098
False,512416
False,542255
False,426836
False,580813
False,476481
False,564681
False,531392
False,37779
False,108430
True,547617
False,130081
False,485757
False,332574
False,416315
False,392991
False,283505
True,501381
False,579366
False,61400
False,107167
False,574770
False,273250
False,573670
False,464098
True,108425
False,75999
False,432914
False,370383
False,461657
False,444744
False,451119
False,579325
False,41606
False,540859
False,246061
False,551364
False,326542
False,385980
False,127496
False,125348
False,92639
False,180613
False,116572
True,376531
False,549568
False,280688
False,544644
False,447224
False,114164
False,402987
False,391754
False,187071
False,299675
False,466217
True,111121
False,71126
False,73339
False,8602
False,360725
False,48063
False,377385
False,345941
False,25041
False,112085
False,515392
False,63973
False,441008
False,227808
True,319342
False,205350
False,439072
False,225330
False,342479
False,577719
False,329528
False,14377
False,123949
False,379605
True,124861
False,2774
False,507840
False,171382
False,364535
False,277403
False,149221
False,478992
False,79333
False,282372
True,42404
False,342874
False,386250
False,385238
False,283426
False,59230
False,507473
False,337479
False,569251
False,400253
False,492399
False,533888
False,65955
False,545804
False,560046
False,468825
True,506335
False,374990
False,318171
False,402717
False,540746
False,71109
False,72124
False,441511
False,123824
False,354507
False,529503
False,107586
False,225603
False,127161
False,111400
False,294134
False,267699
False,239575
False,559462
False,402071
False,344555
False,239584
False,404437
False,346752
False,153475
False,377732
False,33959
False,223996
False,251502
True,417416
False,59750
False,547601
False,509584
False,5459
False,48398
False,573337
False,101657
False,75753
False,141101
False,507278
False,514563
False,423093
False,478724
False,65098
False,527388
True,252495
False,373970
False,109338
False,554471
False,286792
False,202270
False,56486
False,106411
False,170309
False,343322
False,284652
False,466941
False,487131
False,251084
True,153639
False,518524
False,183338
False,11842
False,167356
False,272487
False,102912
False,555472
False,83252
False,262777
False,266666
False,249658
False,291503
False,447413
False,189278
False,456574
False,571953
False,558108
False,460408
False,91716
False,331236
False,27298
False,498610
False,368093
False,512290
False,363326
False,26719
False,107672
False,501652
False,5615
False,122776
False,55539
False,359346
False,238005
False,492627
False,77151
False,242539
False,285477
True,511127
False,31604
False,494991
False,428375
False,177947
False,308977
False,495122
False,200642
False,74554
False,365626
False,503561
False,246489
False,317911
False,264127
False,196558
False,236574
False,415647
False,110217
False,266571
False,195355
False,480939
False,184611
False,222369
False,354278
False,316862
False,470957
False,308536
False,53624
False,387358
False,438095
False,333586
False,515531
False,205605
False,576398
False,264244
True,516856
False,333823
False,327813
False,265796
False,476802
True,19501
False,74411
False,442132
False,574882
False,554015
True,190689
False,28236
False,287270
False,203635
False,460987
False,39619
False,399178
False,559816
False,268478
False,212381
False,274753
False,186483
False,533255
False,369543
False,174507
False,574654
False,63516
False,514402
False,154518
False,401705
True,388512
False,211905
True,305156
False,331392
False,357402
False,41998
False,89870
False,498630
False,481026
False,452341
False,164390
False,150932
False,49141
False,366802
False,570477
False,252868
False,89558
False,104846
False,192291
False,347836
False,99961
False,333020
False,255480
False,56664
False,138579
False,77707
False,135561
False,202387
False,1386
False,546124
False,311149
False,481441
False,290285
False,332816
False,44260
False,282366
False,540452
False,557886
False,214801
False,186317
False,241591
True,380330
False,538619
False,537866
False,71784
False,552112
True,434561
False,292294
False,178299
False,74390
False,98210
False,487869
True,454143
False,423423
False,232488
False,367977
False,202583
False,494175
False,396838
False,294795
False,549301
False,144562
True,338802
False,507101
False,4125
False,482974
False,138819
False,381460
False,370697
False,561088
False,315012
False,340019
False,464786
False,251509
False,444495
False,191615
False,70923
False,128116
False,406805
False,35884
False,571880
False,47684
False,530019
False,87871
False,14494
False,74081
True,493905
False,486369
False,314034
False,107783
False,448732
False,408624
False,105102
False,399971
False,396252
False,476000
False,423488
False,163033
False,482694
False,138518
False,83736
False,559225
False,560542
False,212690
False,551665
False,546823
False,445306
False,67347
False,115637
False,268227
False,250958
False,309795
False,263664
False,561889
False,195942
False,21084
False,269873
False,206548
False,427239
False,377576
False,565834
False,454068
False,515916
False,572090
False,6327
False,37697
False,87618
False,358024
True,416477
False,109777
False,438979
False,184700
True,291696
False,474353
True,575835
False,437391
False,455482
False,463266
False,48707
False,539879
False,477724
False,252775
False,465478
False,557931
False,37074
False,340612
False,416818
False,187286
True,319440
False,232701
False,348904
False,550112
False,31588
False,292845
False,55418
False,28742
False,436287
False,416181
False,28658
True,78436
False,333152
False,422778
False,418699
False,418492
True,503155
False,24536
False,7232
False,223203
False,376278
False,20702
False,444445
False,344894
False,122588
False,204612
False,177917
False,79971
False,492213
False,142000
False,306803
False,206398
False,292907
False,92064
False,281330
False,413432
False,90051
False,336265
False,531987
False,280808
False,267388
False,517565
False,303944
False,557119
False,525152
True,404546
False,413668
False,459566
False,40348
False,369367
False,400581
False,178285
False,501875
False,517510
False,322008
False,176174
False,244254
False,130681
False,225015
False,286450
False,103017
False,240457
False,27674
False,445573
False,149232
False,280764
False,541288
False,512143
False,565381
False,529248
True,486545
False,363325
False,22059
False,530342
True,181837
False,334997
False,465826
False,181815
False,316157
False,474827
False,30383
False,154584
False,556341
True,289971
False,397461
False,540133
False,47718
False,545867
False,128372
False,153824
False,319095
False,277384
False,90257
False,62923
False,346367
False,414162
True,533976
False,46353
False,408258
False,212715
False,404972
False,465153
False,415967
False,295745
False,479919
True,390689
False,74348
False,161354
False,408492
False,112951
False,53842
False,117105
False,251474
False,560756
False,92685
False,234383
False,246503
False,88835
False,15956
False,210777
False,407548
False,533231
False,95899
False,574280
False,288905
False,369094
False,235987
False,36768
False,428535
False,65289
False,312329
False,380935
False,74714
False,486457
False,377244
False,224594
False,212901
False,271881
False,400406
False,459396
False,572012
True,393534
False,547137
False,56397
False,279256
False,302599
False,226034
False,351566
False,528189
False,288776
False,175154
False,411653
False,307567
False,482197
False,65567
False,407301
False,364525
False,125955
False,410710
False,87322
False,93534
False,123995
False,62276
False,564735
False,505818
False,5508
False,300558
False,310882
False,157931
False,156823
False,27578
False,575666
False,103870
False,473910
False,395527
False,135267
False,170968
False,454205
False,117645
False,287322
False,510572
False,122238
False,562602
False,95990
True,367850
False,445010
False,139309
False,327702
False,73671
False,275304
False,323494
False,501867
False,365855
True,215176
False,44093
False,408227
False,526645
False,388281
False,275663
False,220101
False,267972
False,373060
False,229654
False,584
True,214571
False,421202
False,544623
False,515275
False,352835
False,48742
False,406033
False,165522
False,34909
False,282440
False,580932
False,288042
False,415269
False,112818
False,363460
False,165039
False,9105
False,239244
False,304849
False,74828
False,40878
False,37790
False,210230
False,342532
False,417248
False,211186
False,29730
False,213389
False,272223
False,229207
False,475743
False,440015
False,447253
False,467685
False,448944
False,497261
False,2212
False,486864
False,335688
False,539395
False,487167
False,67634
True,82940
True,376347
False,367961
False,355458
False,259728
False,429586
False,125821
False,101752
False,198072
False,230582
False,300383
False,315603
False,325668
False,422894
False,42711
False,407700
False,534900
False,286186
False,246012
False,382951
False,385130
False,400880
False,502281
True,291262
False,355394
False,491736
False,63677
False,143453
False,418219
False,190064
False,573830
False,83761
False,29639
False,186788
True,512941
False,334015
False,465123
False,47570
False,278506
False,116377
False,456670
False,56852
False,479908
False,369259
False,547504
False,377417
False,266820
False,243213
False,56158
False,302588
True,376900
False,183031
False,393480
False,472803
False,344029
False,561677
False,572215
False,342952
True,118614
False,354668
False,405563
False,325147
False,491955
False,553030
False,70910
False,362545
False,233817
False,219411
False,554161
False,497797
False,209062
False,434371
False,530848
False,311882
False,226374
False,53956
False,531023
False,133281
False,152702
False,67162
False,419384
False,264962
False,451496
False,69768
False,267242
False,480568
False,39196
False,271873
False,416559
False,470960
False,476605
False,268092
False,212445
False,317061
False,361572
False,32248
True,331858
False,264625
False,18367
False,124300
False,308702
False,378764
False,360307
False,63140
False,537393
False,265628
False,318139
False,39520
False,379844
False,560054
False,314849
False,335590
False,303308
False,58758
False,259519
False,351718
False,581226
False,341659
False,463620
False,481710
False,376712
False,52179
False,537617
False,575205
False,512547
False,559136
False,15307
False,533407
False,503316
False,268918
False,27002
False,215226
False,539340
False,112437
False,557804
False,262938
False,21968
False,433892
False,511221
False,299148
True,354070
False,445602
False,442394
False,56104
False,108677
True,300326
False,578974
True,469200
False,571483
False,579947
False,172608
False,53361
False,26388
False,419748
False,266311
False,528091
False,12570
False,122274
False,226472
False,355792
False,428231
False,295423
False,558350
False,37477
False,203615
True,546667
False,239992
False,199554
False,246364
False,197118
True,250309
False,75963
False,238866
False,547524
False,421134
False,181217
False,335407
False,465591
False,240087
False,276950
False,447378
False,398540
False,140783
False,411191
False,152041
False,547770
False,530750
False,267815
False,19471
False,49586
False,323951
False,436195
False,492544
False,546228
False,461650
False,419087
False,249682
False,544060
False,202093
False,99728
False,184389
False,73669
False,253285
False,212199
True,445250
True,479035
False,319721
False,267176
False,410096
False,108380
False,218528
False,20470
True,335824
False,86137
False,489117
True,378116
False,160941
False,236528
False,499033
False,154011
False,165773
False,364104
False,108375
False,300865
False,332315
False,376822
False,529383
False,570178
False,317216
True,42979
False,442461
False,264581
False,31838
False,534026
False,372678
False,561763
False,417264
False,479936
False,126642
False,466694
False,352901
False,70408
True,417016
False,569298
False,510293
False,551934
False,165671
False,226524
False,116603
False,270325
True,6151
False,82229
False,251585
False,398098
False,180327
False,528311
False,141518
False,208043
False,283188
False,105021
False,157497
False,383322
False,312117
False,208311
True,338501
False,47346
False,374629
False,425608
False,134306
False,147890
False,358079
False,306812
False,211108
True,193444
False,255824
False,527625
False,495367
False,463732
False,568439
False,516194
False,427096
False,556591
False,445964
False,234592
False,213366
False,208008
False,85236
False,373461
False,454854
False,57796
True,316007
False,191363
False,336688
False,489476
False,440724
False,146256
False,501258
True,18444
False,133791
False,540864
False,304760
False,179118
False,13284
False,361193
False,326113
False,113852
False,377804
False,306230
False,289754
False,552502
False,580842
False,214265
False,506127
False,243750
True,227928
False,223450
False,220364
False,235700
False,497558
False,426807
False,101952
False,444926
False,407377
False,265372
False,200495
False,303252
False,97989
False,79111
False,322795
False,24932
False,35400
False,253141
False,346950
False,219467
False,123509
False,88802
False,200489
False,231868
False,8471
False,436878
False,366116
False,191230
False,401971
False,368885
False,504021
False,219897
False,411541
False,509652
False,326222
True,461996
False,369256
False,426996
False,339042
False,170232
False,47619
False,121316
False,255575
False,567240
False,479477
False,102805
False,379781
False,231609
False,467776
False,515820
False,551167
False,280249
False,335833
False,116717
False,254204
False,342704
False,473843
False,574304
False,278675
False,54406
False,197461
True,333665
False,97218
False,471455
False,383508
False,237920
False,549830
False,83014
False,536248
False,387678
False,296769
False,344902
False,235200
False,291560
False,37282
False,189280
False,357117
False,444799
False,193707
False,409588
False,322263
False,444373
False,336741
False,142322
True,625
False,471936
True,400175
False,253109
False,368349
False,453704
False,473706
False,421873
True,540503
False,310131
False,59106
False,302219
False,229114
False,425634
False,30109
False,516071
False,412136
False,270406
False,29438
False,447270
False,373393
False,363423
False,129794
False,507370
False,9908
False,289342
False,46025
False,387243
False,168531
True,164680
False,527865
False,25234
False,283181
False,278646
False,113338
False,289698
False,202241
False,578836
False,577385
False,150948
False,183412
False,376441
False,413472
False,284987
False,512463
False,489187
False,382310
False,191360
False,99410
False,128503
False,549714
False,333654
False,534266
False,105261
False,107340
False,429806
False,308582
False,274422
False,485752
False,524456
False,355095
False,308996
False,153832
False,234997
False,155860
False,481200
False,432327
False,65085
False,175477
False,320290
True,532689
False,332722
False,156276
False,288569
False,268547
False,31041
False,438
False,106834
False,181403
False,443723
False,284220
False,198661
False,296604
False,230625
False,338041
False,363917
False,80401
False,572584
False,216432
False,331271
False,26383
False,425135
False,86221
True,211325
False,502860
False,343504
False,15109
False,126014
False,76250
False,431948
True,185945
False,223415
False,121101
True,31202
False,310685
False,375654
False,531906
False,61354
False,362480
False,446506
False,90983
False,279692
False,245356
False,71206
False,426629
False,299717
False,155937
False,515198
False,213288
False,419015
False,480641
False,571047
False,534553
False,60835
False,267719
False,417141
False,482834
False,166932
False,178606
False,550403
False,262371
False,17967
False,506748
True,506950
False,357379
False,536711
False,55514
False,575356
False,397279
False,372885
False,221247
False,429323
False,398596
False,95774
False,468771
False,147142
False,237964
False,235471
False,218379
False,160932
False,205392
False,130973
False,375128
False,413602
False,335132
False,419612
False,28263
False,203076
False,518127
False,311887
False,469192
False,25673
False,536498
False,51495
False,63230
False,360701
False,228340
False,284725
False,131418
False,572500
False,1877
False,29403
False,453009
False,535524
False,427343
False,168260
False,455698
False,525025
False,488232
False,32275
False,463021
False,415823
False,437662
False,254778
False,129060
False,98276
False,39928
False,562559
True,563045
False,445187
False,127882
False,349939
False,166853
False,416644
False,202672
False,477494
False,131113
False,108129
False,290957
True,93493
False,499918
False,347982
False,1307
False,107177
False,457217
False,108283
False,388322
False,193712
False,163803
False,357074
False,466575
False,425848
False,21674
False,79498
True,345149
False,143275
False,473608
False,66271
False,65267
False,34489
False,357076
False,12998
False,565722
True,492282
False,367743
False,19938
False,557510
False,226247
False,281288
False,369144
False,517772
False,167692
False,296477
False,228435
False,97507
False,550396
True,116173
False,451680
False,512086
False,96459
False,543254
False,386370
False,470366
False,14450
False,415376
True,572749
False,109213
False,433963
False,338439
False,241027
True,102599
False,308175
False,470112
False,474777
False,360716
False,499662
False,38000
False,487679
False,154710
False,536067
False,147839
False,528342
False,238152
False,151
False,93246
False,399791
False,241312
True,506061
False,495387
False,546517
False,104397
False,299802
False,228746
False,56971
False,84324
False,283631
False,247788
False,332498
False,279385
False,517460
False,263202
False,225562
False,186554
False,296994
False,280238
False,375580
False,300157
False,320203
False,378101
False,358828
False,403619
False,22236
False,269006
False,447182
False,484281
False,230227
False,26281
False,517047
False,464629
False,184518
False,542090
False,448958
False,138963
False,402527
False,486139
False,482984
True,163992
False,359162
False,297304
False,484065
False,58464
False,210990
False,550356
False,67959
True,291009
False,340217
False,224445
False,308432
False,452615
True,345751
False,9865
False,291597
False,540160
True,461898
False,564612
False,167525
False,341900
False,263276
False,524677
False,312024
False,322827
False,195165
False,454915
True,362884
False,329939
False,310196
False,202752
False,46912
False,555597
False,211810
False,321039
True,471117
False,70421
True,427762
False,386299
False,457060
False,127920
False,561500
False,456003
False,577343
False,290289
False,61288
False,61266
False,527056
False,566608
False,184916
False,555982
True,88576
True,51175
False,6747
False,208196
False,123849
False,148193
False,330967
False,27377
False,100661
False,552589
False,411405
False,513980
False,181697
False,69705
False,305358
False,227073
False,464736
False,554664
False,450391
False,321902
False,189267
False,7088
False,70156
False,321851
False,143329
True,350668
False,443650
False,303003
False,278401
False,338258
True,548544
False,474356
False,455758
False,348042
False,112443
False,504487
False,55809
False,577643
False,162295
False,502410
False,226801
False,140204
False,442612
False,109005
False,341886
False,286439
False,722
False,530904
False,4020
True,118564
False,459644
False,344921
False,116526
True,193112
False,412586
False,501439
False,438427
False,466763
False,95176
False,161781
True,309284
False,238822
False,224391
False,2290
False,454979
False,349052
False,266418
False,485856
False,304812
False,516328
False,180410
False,9248
False,332448
False,237697
False,527822
False,107277
False,57377
False,359037
False,546473
False,377952
False,322119
False,325944
False,332815
False,126216
False,385196
True,296649
False,57631
False,552569
False,151235
False,578383
False,248187
False,475904
False,340317
False,315037
False,430602
False,73973
False,19532
False,299986
True,544857
False,272171
False,252448
False,134770
False,364806
False,374028
False,470292
False,198796
False,163602
False,405729
False,517198
False,461187
False,342510
False,225075
False,73885
False,60402
False,187844
False,132568
False,243401
False,404618
False,462982
False,539355
False,281214
False,463665
False,556418
False,237772
False,385317
False,380455
True,345419
False,61997
False,463037
False,366417
False,364939
False,265344
False,504999
False,132503
False,332690
False,506279
False,6107
False,505967
False,393607
False,577608
False,264255
False,168076
False,285799
False,553401
False,322255
False,61566
False,379165
False,120077
False,479595
False,580248
False,53169
False,122639
False,178388
False,61899
False,28930
False,150024
False,128175
False,319359
False,224869
False,210568
False,82945
False,409217
False,136503
False,1785
False,187641
False,554823
False,1573
False,341198
False,255917
False,359684
False,369058
False,326317
False,262145
True,535179
False,442813
False,35272
False,449108
False,431484
False,540869
False,443460
False,363494
False,162977
False,90346
False,350620
False,366706
False,237514
False,482667
False,121632
False,300615
True,117371
False,510951
False,118278
False,16759
False,530888
False,357771
False,424110
False,529580
False,504911
False,60457
False,436780
False,339549
False,486893
False,330500
False,32134
False,362189
False,556152
False,419963
False,49886
False,58405
False,359337
False,10230
False,475037
False,21994
False,497476
False,70213
False,404088
False,420713
False,426075
False,424146
False,27792
False,277524
False,338718
False,411668
False,472415
False,107604
False,557399
False,228565
False,14795
False,445965
False,39081
False,442206
False,10743
False,27343
True,277575
False,197528
False,142
False,167426
False,452121
False,306249
False,461092
False,191533
False,102290
False,313113
False,211618
False,83113
False,541053
False,333075
True,254244
False,417638
False,470004
False,274776
False,11631
True,435454
False,93201
False,104559
False,264396
True,32627
False,109487
False,108193
False,22854
False,196785
False,148409
True,72256
False,504893
False,455649
False,280270
False,83393
False,229422
False,356645
False,218253
False,106545
False,76159
False,534702
False,499031
False,457651
False,511103
False,69236
False,212346
False,255633
False,316696
False,340995
False,436348
False,374383
True,322629
False,423234
False,578107
False,493926
False,59220
False,146155
True,187765
False,98031
False,326663
False,240501
False,366146
False,488287
False,247098
False,153666
False,473651
False,388179
False,453389
False,172121
False,389541
False,444257
False,366396
False,476499
False,457777
False,195791
False,106688
False,406451
False,474430
False,575631
True,397349
False,142826
False,450581
False,356725
False,363248
False,472953
False,239828
False,412978
False,309502
False,411603
False,17181
False,56541
False,581033
False,153803
False,431133
False,420479
False,154207
False,220215
False,68435
False,202004
False,375840
False,403798
False,187283
False,512007
False,212074
False,277472
False,500718
False,194540
False,40498
False,291918
False,473623
False,377397
False,502732
False,35074
False,275028
False,343282
False,201969
False,77375
True,7049
False,459203
False,334074
False,194921
False,134128
False,363286
False,167042
False,515508
False,343898
False,241026
False,304627
True,324595
False,149498
False,447108
False,244659
False,353139
False,556771
False,104502
False,557920
False,43269
False,357583
False,553934
False,146501
False,506087
False,151414
False,100599
False,194154
False,278082
False,90827
True,237188
False,571236
False,314082
False,113449
False,227307
False,404982
False,70745
False,395495
False,239870
False,154189
False,430890
False,203937
False,546147
False,162557
False,322816
True,215288
False,27030
False,61642
False,329336
False,474383
False,316526
False,188693
False,481386
False,116031
False,507440
False,212759
False,45624
False,117937
False,276146
False,99907
True,413955
False,555475
False,173053
False,390334
False,477061
False,398712
False,444018
False,380798
False,221303
False,219978
False,286492
False,89571
False,194506
False,17935
False,550666
False,308825
False,422956
False,556101
False,113845
False,368321
False,473196
False,265454
False,300333
False,107140
False,97428
False,135316
False,551517
False,532286
False,419586
False,533182
False,30764
False,79868
False,454561
False,547367
False,160181
False,11052
False,297409
False,428726
False,550246
False,403584
False,453541
False,47425
False,380304
False,88339
False,554367
False,316575
False,184371
False,198856
False,323970
False,435612
False,276664
False,273436
False,287330
True,564596
False,201010
False,7938
True,552065
False,114926
False,551630
False,511658
False,81365
False,509915
False,113199
False,220156
False,309022
False,361484
False,167700
False,87561
False,433023
False,351549
True,406608
False,577024
False,165388
False,553320
False,553039
False,33008
True,372043
False,167748
False,310751
False,538170
False,409050
False,417402
False,214766
False,170053
False,273138
False,94459
False,487938
False,478858
False,250401
False,97743
False,290147
False,36567
False,478845
False,450404
False,282943
False,252280
False,420825
False,385882
False,81812
False,145679
False,4309
False,429353
False,131453
False,66987
False,495502
False,418002
False,543719
False,95213
False,532188
False,306989
False,576317
False,191573
False,88412
False,371179
False,199876
False,375552
False,240278
False,403194
False,413287
True,549114
False,191120
False,278870
False,52664
False,491216
False,456200
False,479935
False,550094
False,498729
False,482951
False,52365
False,241717
False,111352
False,384849
False,27207
False,482765
False,438751
False,292697
False,560148
False,405437
False,434380
False,532212
False,70351
False,96154
False,463319
False,429614
False,346111
False,213652
False,208145
False,578786
False,27272
True,193373
False,11182
False,45587
False,386715
False,217301
False,177550
False,17324
False,56545
False,117742
False,13417
False,466960
False,250855
False,50177
False,301582
False,115649
False,68663
False,252602
False,397036
False,85549
False,48971
False,283730
False,262162
False,525790
False,483569
False,238086
False,88082
False,126415
False,128059
False,188445
False,39420
False,496813
False,148353
False,130869
False,435163
False,356507
False,315094
True,223740
False,213988
False,206876
False,443592
False,489088
False,9211
False,243280
False,198486
False,231881
False,396958
False,546078
False,467905
False,386239
False,6216
False,561097
False,482800
False,176374
False,71667
False,110081
False,466580
True,379578
False,153861
False,325648
False,395740
False,473190
False,429092
False,380126
False,157282
False,370207
False,187450
False,114126
False,438026
False,484288
False,107839
False,103166
False,451077
False,515333
False,569946
False,477265
False,453357
False,165387
False,99415
False,400828
False,221654
False,345062
False,504024
False,225721
False,68375
False,330110
False,333231
False,66253
False,178034
False,476735
False,455946
False,444346
False,572168
False,52669
False,423815
False,156242
False,404033
False,117131
False,473095
False,452083
False,449088
False,341010
False,311715
False,576792
False,248017
False,313285
False,116517
False,466652
False,345560
False,167477
False,525168
False,378918
False,115643
False,568052
False,54149
False,242618
False,418333
False,430537
False,248284
False,361120
False,103296
False,49236
False,30600
False,173856
False,511963
False,555427
False,73826
False,536576
False,10583
False,551341
False,451835
False,280787
False,484986
False,465092
False,470145
False,517830
False,498997
True,434746
False,59682
False,98987
False,318585
True,187244
False,23729
False,489793
False,314370
False,536164
True,292187
False,170931
False,105008
False,27406
False,533864
False,363829
False,157901
False,580408
False,487038
False,115270
False,59451
False,568956
False,254841
False,177356
False,433075
False,461844
False,301221
False,581593
False,114894
False,74840
False,114158
False,557497
False,305363
False,410947
True,266977
False,6651
False,84512
False,262323
False,143067
False,134510
False,53081
False,100689
False,85114
False,561962
False,40572
False,574602
False,431146
False,92331
False,129942
False,190216
False,465735
False,565401
True,395198
False,241124
False,491765
False,284362
False,526290
False,87146
False,507287
False,561012
True,543347
False,255500
False,91728
False,114788
False,126685
False,334813
False,376079
False,8836
False,66890
False,114303
False,110240
False,302389
False,433987
False,483050
False,399337
False,496831
False,122811
False,103509
False,119845
False,88315
False,438851
False,574784
False,233022
False,99546
False,313480
False,118881
False,413707
False,243895
False,15486
False,47294
False,450414
False,400401
False,545929
False,72810
False,536663
False,131276
False,156084
False,409884
True,426469
False,133225
False,489918
False,384235
False,44436
False,534349
False,546105
False,475613
False,413678
False,559547
False,5513
False,339787
False,473783
False,325279
False,557101
False,430731
False,418115
False,73724
False,179317
False,218652
True,292464
False,147694
False,474399
False,202777
False,105079
False,316250
False,271888
False,207652
False,161854
False,374487
False,186207
False,189491
False,191321
False,285074
False,574216
False,106199
False,343810
False,276247
False,166764
False,571728
False,566938
False,431997
False,126832
False,71093
False,106210
True,163350
False,399966
False,50462
False,443268
False,23100
True,32300
False,10711
False,320508
False,449839
False,23735
False,427750
False,472913
False,565480
False,427461
False,35438
False,436992
False,563195
False,323352
False,315281
False,392167
False,304250
False,547115
False,486964
False,386927
False,424823
False,343942
False,412855
False,89329
False,23158
False,546562
False,509379
False,109873
False,312003
False,39643
False,504342
False,7932
True,440877
False,126494
False,275612
False,281615
False,135741
False,83136
False,161720
False,548524
False,219987
False,51094
False,454659
False,54088
False,449895
False,298112
False,125042
False,401699
False,465266
False,547391
False,431764
False,310633
False,74412
False,474084
False,472034
False,386483
False,285910
False,470206
False,480601
False,275954
False,108589
False,462134
False,488790
False,374347
False,95828
False,250802
False,566201
True,428830
False,292312
False,416875
False,399195
False,226291
False,470931
False,561102
False,495269
False,75786
False,379104
True,41212
False,218158
False,71735
False,340263
False,491323
False,138482
False,83407
False,143245
False,503706
False,570785
False,20038
False,553659
True,68128
False,141317
False,264926
False,365772
False,139258
False,93154
False,571485
False,212440
False,135480
False,209856
True,73035
False,46538
False,228029
False,413339
False,49120
False,354131
False,17858
False,266727
False,340472
False,580979
False,421128
False,511713
False,456042
False,491492
False,145841
False,422395
False,336374
False,22627
False,507339
False,539844
False,409455
False,361788
False,46189
False,355156
False,407768
False,237326
False,385417
False,53503
False,451893
False,51574
False,198477
False,244949
False,171328
False,385912
False,65516
False,228261
False,156328
False,515853
False,43609
True,535811
False,547783
False,107650
False,126340
False,251758
False,327777
False,442097
False,213961
False,312825
True,457476
False,203273
False,222206
False,549639
False,439050
False,113026
False,191686
False,211281
False,124182
False,184698
False,204969
False,64534
False,446461
False,8152
False,455691
False,335775
False,451922
False,194235
False,105689
False,223023
False,121000
False,399540
False,116389
False,180738
False,499164
False,209388
False,323498
False,105518
False,200138
False,218850
False,5180
False,276634
False,179576
False,289061
False,490280
False,23392
False,141755
False,527263
False,200381
False,153476
False,65855
False,430711
False,22964
False,409796
True,51982
False,239458
False,211205
False,142248
False,81841
False,531086
False,124876
False,14396
True,366379
False,562289
False,131524
False,291915
True,273961
False,212380
False,541771
False,332238
False,351221
False,171808
False,106750
False,373312
False,288372
False,506327
False,365446
False,75369
False,445351
False,329703
False,513052
False,530117
False,526680
True,18020
False,244215
False,499281
False,337120
False,343571
False,185844
False,313061
False,318381
False,515196
False,294499
False,307686
False,209040
False,508489
False,274653
False,426274
False,444672
False,562208
False,212566
False,205297
False,269903
False,534954
False,317244
False,134474
False,448863
False,139612
False,152458
False,579457
False,426088
False,35825
False,547118
False,362558
False,361520
False,443963
False,424683
False,310092
False,110327
False,41284
True,515704
False,322509
False,38440
False,39551
False,321057
False,574527
False,436843
False,309192
False,538821
False,181949
False,277289
False,476160
False,437120
False,500921
False,245419
False,140590
False,467339
False,436698
False,80520
False,45633
False,27665
False,179311
False,201111
False,288751
False,359691
True,517636
False,359032
False,27440
False,140285
False,200492
False,149622
False,212363
False,127648
False,384402
True,26507
False,406245
False,447135
False,508456
False,236028
False,74938
False,564884
False,443377
False,310013
False,21718
False,87156
False,151869
False,249656
True,368049
False,42385
False,13517
False,63855
False,272758
False,495199
False,416476
False,339591
False,443209
False,47992
False,8647
False,548246
False,92488
False,206606
False,336503
False,295797
False,563356
False,213060
True,314204
False,309135
False,556326
False,333888
False,402235
False,202128
False,443575
False,563178
False,91973
False,442146
False,221985
False,328223
False,319061
False,224358
False,57814
False,131763
False,495695
False,455975
False,365458
False,524646
False,92001
False,271363
False,48739
False,295295
False,438864
False,236198
False,233073
False,524366
False,442822
False,67259
False,329090
False,78548
False,82894
False,532520
False,543713
False,367509
False,90084
False,220548
False,498813
False,80686
False,38801
False,129879
False,293252
False,367229
False,430753
False,81105
True,25425
False,462549
True,361394
False,285470
False,142263
False,466265
False,38606
False,240393
False,460236
False,384389
False,204424
False,91576
False,424332
False,523315
False,544926
False,353384
False,47837
False,66668
False,357612
False,313091
False,270109
False,72892
False,252160
False,311620
False,444626
False,273387
False,453026
False,80950
False,534914
False,504888
False,306972
False,572426
False,539422
True,45086
False,469570
False,1771
False,3579
False,375688
False,48917
False,160774
False,248034
False,461086
False,558483
False,516416
False,115404
False,295537
False,513507
False,68788
False,312760
False,128020
False,71220
False,343229
False,493918
False,53897
False,85926
False,76414
False,329766
False,397617
False,218492
False,425415
False,295803
False,66181
False,163230
False,529963
False,77926
False,94842
False,440283
False,502024
False,159680
False,290379
False,218220
False,78000
False,275406
False,107204
False,338468
False,425701
False,312632
False,114399
False,241534
False,477428
False,92415
False,326058
False,25517
False,126815
False,531798
False,105152
False,141013
False,308107
False,502911
False,396623
False,138556
False,270815
False,115356
False,241283
False,33386
False,482534
False,31164
False,507065
False,380989
False,561647
False,278437
False,327177
False,269749
False,380300
True,131593
False,116588
False,504297
False,285138
False,92221
True,553148
False,138284
False,352129
False,418726
False,23821
False,133939
False,207292
True,214703
False,502141
False,264495
False,312450
False,412040
False,230721
False,126311
False,88915
False,275515
False,488270
False,343599
False,387248
False,543047
True,457889
False,424171
False,32458
False,82673
False,455267
False,111646
False,174206
False,195045
False,539418
False,288714
False,411485
False,515434
False,159731
False,573941
False,42534
False,421322
False,76910
False,287407
False,172285
False,268059
False,283617
False,167898
False,299594
False,244462
False,490232
False,170439
False,16099
False,461004
False,350485
False,270836
False,345434
False,152000
False,223288
False,289318
False,505033
False,353536
False,265236
False,319903
False,82650
False,267840
False,321709
False,499418
False,401759
False,565341
False,385299
False,512961
False,127073
False,247789
False,237281
False,353974
False,404554
False,517652
False,265150
False,420397
False,574901
False,16898
False,61983
False,551050
False,62355
False,354761
False,277907
False,473912
False,252801
False,140292
False,471182
False,480014
False,92624
False,286254
False,251772
False,345188
False,315448
False,490615
False,273874
False,54870
False,219589
True,284098
False,158583
False,471350
True,13278
False,415619
False,443443
False,436738
False,125699
False,187784
False,468341
False,487453
False,373034
False,460114
False,280734
False,442473
False,432286
False,446512
False,399875
False,55402
True,80481
False,569154
True,239670
False,129512
False,184499
False,56676
False,361255
False,137042
False,214059
False,44749
False,266520
False,188660
False,28311
False,444880
False,45208
False,141524
False,475158
False,561201
False,321810
False,474401
False,395761
False,509589
False,316995
False,182483
False,5434
False,217928
False,199203
False,366717
False,315685
False,425669
False,525591
False,435764
False,511379
False,386092
False,311566
False,89259
False,109776
False,536412
False,177173
False,52257
False,198367
False,216003
False,3729
False,278494
False,1374
False,511165
False,36755
False,546933
False,513577
False,562073
False,323077
False,197656
False,162993
True,487228
False,428299
False,6943
False,426383
False,6730
False,38027
False,488731
False,350180
False,293124
False,403250
True,170208
False,305921
False,341143
False,466449
False,468604
False,430259
False,475245
False,24805
False,215405
False,346266
False,399091
False,274556
False,325332
False,78920
False,433019
False,391252
False,546191
False,296021
False,205677
False,281591
False,201893
True,80714
False,509671
False,369253
False,322560
True,438721
False,182824
False,155450
False,291499
False,536365
False,9615
False,442365
False,342469
False,147300
False,335725
False,31878
False,407373
False,362865
False,142803
False,279763
False,361656
False,167074
False,390895
False,527040
False,575496
False,566083
False,558475
False,355860
False,511299
False,346041
False,115014
False,557016
False,216517
False,233834
False,515719
False,190783
False,494473
False,407778
False,404899
False,364467
False,454685
False,421286
False,330054
True,569196
False,82770
False,558788
True,92700
False,369171
False,218842
False,282698
False,527963
False,282631
False,557869
False,221856
False,55645
False,313412
False,46543
False,338057
False,358796
False,572575
False,304357
False,409510
False,278555
False,307323
True,413625
False,532132
False,382701
False,282099
False,341639
False,245142
True,308967
False,545781
False,253866
False,90488
False,251312
False,171374
False,302071
False,168665
False,133384
False,534406
True,559908
False,398407
False,162088
False,548958
False,450399
False,190841
False,391915
False,434968
False,567825
False,460296
False,460405
False,504498
False,547644
False,550617
False,376371
False,214575
False,359984
False,330897
False,65891
False,282707
False,354929
False,487741
True,531815
False,215304
False,267498
False,45455
False,221441
False,115113
False,381961
False,145854
False,580905
False,119834
False,144983
False,250250
False,351149
False,205338
False,401718
False,402170
False,253959
False,350133
False,86133
False,222036
False,296894
False,711
False,195975
False,319676
False,376643
True,413044
False,268682
False,143594
False,406424
False,265819
False,442567
False,376858
False,575252
False,159828
False,40144
False,450245
False,168898
False,145628
False,250645
False,87083
False,120632
True,364557
False,501967
False,329026
False,222441
False,275511
False,480683
False,365387
False,444916
False,285599
False,380510
False,75456
False,324285
False,533074
False,342675
False,10991
False,276408
True,194774
False,149329
False,466374
False,517534
False,319256
False,173138
False,10476
False,491611
False,503660
False,126755
False,448697
False,280083
False,527845
False,16037
False,270916
False,384151
False,280260
False,4312
False,135955
False,553761
False,568459
False,26967
False,74591
False,100781
False,141800
False,73696
False,22256
False,289684
False,396550
False,103040
False,577614
False,94355
False,243527
False,455198
False,401292
False,272518
False,251262
False,544306
False,169262
False,212682
False,374878
False,479172
False,186881
False,310082
False,431795
False,176873
False,379542
False,492138
False,137824
False,385695
False,307790
False,215795
False,451738
False,421655
False,280160
False,149284
False,253072
False,36948
False,349775
False,104621
False,125394
False,564267
False,27852
True,447130
False,227066
False,310020
False,481749
False,401288
True,203629
False,185558
True,255358
True,227422
False,24847
False,314154
False,407220
False,485129
False,261887
False,365325
False,431159
False,316404
False,285588
False,290115
False,510857
False,265003
False,316075
False,477862
False,167894
False,581887
False,284089
False,245701
False,39236
False,560606
False,370013
False,218119
False,40961
False,496274
False,553548
False,62880
False,293453
False,498804
False,505597
False,160624
True,350444
False,111673
False,202772
False,486847
False,573570
False,313494
False,97844
False,102096
False,480644
False,286414
True,369667
False,276323
False,198600
False,282131
False,308950
False,533962
False,240082
False,544738
False,423773
False,142686
False,435475
False,466623
False,544396
False,100678
False,269958
False,315637
False,481524
False,557324
False,24765
False,403336
False,433093
False,509394
False,189757
False,182897
False,132329
True,570680
False,126239
False,24239
False,363207
False,218964
False,513189
False,271435
False,244476
False,145056
False,39663
False,343227
False,281034
False,325374
False,10779
False,136026
False,547839
False,197177
False,7574
False,547807
False,411475
False,39460
False,233873
False,194722
False,316807
False,180821
False,226154
False,491526
False,193246
False,233290
False,534892
False,397894
False,186451
False,526353
False,267224
False,81704
True,542127
False,265074
False,336426
False,52484
False,560726
False,547422
False,191005
False,407687
False,324051
False,58927
False,275335
False,66660
False,175461
False,136014
False,164076
False,288002
False,71215
False,23695
False,123663
False,491830
False,151254
False,114045
False,377703
False,438926
False,440694
False,7123
False,425712
False,4956
False,83602
False,438267
False,196611
False,227031
False,204186
False,526082
False,56473
False,345497
False,16483
False,183895
False,464335
False,189742
False,170605
False,252807
False,534040
False,484418
False,579003
False,86728
False,387212
False,561766
False,181572
False,312509
False,395828
False,1496
True,474024
False,14769
False,402818
False,88455
False,46042
False,337104
False,2985
False,157237
False,234653
False,234197
False,415015
False,214205
False,55737
False,368118
False,308587
False,342932
False,223481
False,283968
False,517603
False,166926
False,397999
False,304027
False,6053
False,475387
False,81954
False,230422
False,343948
False,458321
False,457492
False,229221
False,358976
False,367630
False,450903
False,35552
False,194194
False,347728
True,269580
False,515102
False,552571
False,300881
False,78336
False,148828
False,193042
False,568893
False,371758
False,473427
True,438504
False,246576
False,553998
False,490959
False,466491
False,296208
False,235124
False,182353
True,54304
False,252373
False,233434
False,429896
False,89813
False,274438
False,457254
False,349237
False,94174
False,483425
False,96539
False,190097
False,396178
False,346403
False,153067
False,208955
False,338688
False,126686
False,563696
False,408465
False,320843
False,381892
False,78009
True,84031
False,390120
False,172370
False,139263
False,63251
False,51197
False,535033
False,409964
True,355370
False,461428
False,510615
False,105468
False,445606
False,544156
False,510799
False,99063
False,447607
False,44029
False,576749
False,531404
False,558449
False,58738
False,288383
False,33854
False,161054
False,187196
False,53120
False,500116
False,49603
False,37823
False,361212
False,466321
False,292428
False,130065
False,166468
False,287881
False,181906
True,549284
False,471596
False,26818
False,306926
False,124325
False,490535
True,94944
False,566145
True,334645
False,266001
False,126145
False,96161
True,227550
True,364677
False,232863
False,352236
False,302312
False,139166
False,514887
False,280043
False,328628
False,549738
True,471073
False,97023
False,80987
False,209755
False,358869
False,324165
False,350854
False,475035
True,363826
False,187914
False,503807
False,441338
False,164310
False,54001
False,190160
False,77099
False,409327
False,549597
False,461876
False,284989
True,110769
False,354834
False,80713
False,214319
False,98633
False,396775
False,156467
False,469405
False,431923
False,365218
False,242955
False,253487
False,553586
False,526467
False,493189
False,277096
False,180479
False,431872
False,245298
False,13721
False,483424
False,14662
True,438907
False,66696
False,562328
False,263418
False,392957
False,143416
False,366712
False,499862
False,71589
False,571499
False,531973
False,543732
False,487458
False,121358
False,457976
False,364596
False,571575
False,317208
False,323397
False,578986
False,145690
False,89436
True,432897
False,517160
False,156398
False,72222
False,573627
False,508669
False,440390
False,495305
False,12897
False,276937
False,335874
False,479125
False,114505
False,282129
False,487530
True,5670
False,229247
False,301429
False,436214
False,82765
False,472478
False,45188
False,563658
False,426776
False,447187
False,5684
False,563961
False,573509
False,205724
False,146481
False,309530
False,398967
False,34063
False,331076
False,414738
False,145383
False,169736
False,177064
False,350157
False,514393
False,253004
False,388227
False,113593
False,307873
False,531252
False,75691
False,352760
False,438255
False,418805
False,276036
False,111367
False,326706
False,68257
False,51512
False,367462
False,569678
False,434069
False,526325
False,129553
False,266622
False,5430
False,303126
False,20913
False,291028
False,531334
False,350040
False,152328
False,467089
False,13230
False,206387
False,236910
False,530650
False,189193
False,568062
False,217463
False,67191
False,73527
False,176495
True,545978
False,367953
False,18563
False,139865
False,281650
False,403730
False,319345
False,106028
False,492541
False,394608
False,133210
False,306974
False,204714
True,368460
False,268718
False,48759
False,204507
False,62766
False,575156
False,194336
False,238196
False,465404
False,47105
False,411703
False,402357
False,214676
False,452878
False,500782
False,488219
False,59920
False,428605
False,314497
False,61779
False,199671
False,131735
False,331978
False,536103
False,493293
False,214491
False,205374
False,330112
False,170221
False,241579
False,402655
False,336491
False,4571
False,219688
False,525913
False,294621
False,524763
False,380301
False,410345
False,418134
False,216905
False,101738
False,156301
False,308520
False,138749
True,64036
False,483897
False,228224
False,476119
False,559364
False,281575
False,208137
False,207833
False,68490
False,497050
False,86811
False,255966
False,246318
False,201758
False,101656
False,473052
False,448401
False,40783
False,29855
True,175606
False,365696
False,94340
False,340734
False,89196
False,250165
False,333081
False,281567
False,59194
False,196028
False,91969
True,262414
False,559186
False,63446
False,455246
False,311383
False,451356
False,464207
False,42968
True,206684
False,463830
False,392851
False,427360
False,81447
False,311004
False,131621
False,127823
False,429246
False,311428
False,383695
False,229262
False,281818
False,575971
False,83065
False,423975
False,469181
False,315581
False,167342
False,87876
False,191283
False,47617
False,272679
False,369078
False,150858
False,130677
False,296231
False,309580
False,571334
False,239528
False,24019
False,325505
False,178239
False,3124
False,324901
False,66320
False,342142
False,481391
False,330025
False,34827
False,287186
True,153570
False,19817
True,23991
False,168779
False,277821
False,200667
False,64908
False,497760
False,412658
False,60363
False,149874
False,26201
False,438995
False,113810
False,224542
False,230449
True,72368
False,163047
True,558917
False,402297
False,319644
False,420827
False,174887
False,241935
True,481124
False,350299
False,286611
False,160926
False,270738
False,109425
False,384476
False,77806
False,283717
False,191457
False,503871
True,281725
False,394889
False,32308
True,26576
False,101426
False,492037
False,192954
False,265279
False,469996
False,463680
False,104081
False,388248
False,108528
False,148067
False,109638
True,499200
False,31717
False,527520
False,179034
False,412094
False,539158
False,55859
False,169204
False,439007
False,32068
False,141232
False,501197
False,55184
False,170558
False,71796
False,44135
False,436967
False,531136
False,220948
False,173547
False,8747
False,95989
False,114718
False,9647
False,61535
False,333758
False,286176
False,105256
False,93985
False,338878
False,526980
False,14472
False,265943
False,359702
False,581021
False,93015
False,49913
False,153026
False,81591
False,540449
False,239591
False,183833
False,507557
False,542855
False,43150
False,422040
False,153080
True,549789
False,435894
False,275268
False,186738
False,341921
True,570458
True,404283
False,100975
False,131743
False,98476
False,358607
False,285114
False,25722
False,280094
False,235976
False,286204
False,528097
False,469870
False,42479
False,330583
False,239395
False,342260
False,450786
False,279025
False,561699
False,28850
False,307061
False,219763
False,213596
False,106401
False,354662
False,539089
False,484296
False,449888
False,421144
False,195840
False,368347
False,505486
False,206830
True,464372
False,207622
False,570211
False,119523
False,78420
False,141517
False,231878
False,214671
False,306949
False,146128
False,456652
False,293011
False,217080
False,489844
False,286336
False,195039
False,224053
False,126671
False,101069
False,542662
False,385728
False,514139
False,496160
False,366702
False,227040
False,262691
False,63171
False,77184
False,510609
False,322511
False,191332
False,329127
False,125318
False,454749
False,536626
False,192529
False,98043
False,106219
False,569972
False,468394
False,253831
False,513550
False,37979
False,400204
False,551031
False,70444
False,95085
False,522958
False,208805
False,314282
False,243000
False,230078
False,544220
False,38546
False,227187
False,20177
False,452236
False,319542
False,237350
False,402708
False,139216
False,550514
False,474344
False,468965
False,464812
False,534275
False,6664
False,485858
False,338741
False,429184
False,53778
False,300622
False,51717
False,354741
False,148957
False,45966
False,66771
False,294832
False,63662
False,254529
False,557047
False,572254
False,418609
False,197243
False,169026
False,131067
False,471861
False,25521
False,151103
False,324832
False,39016
False,277463
False,64499
False,459716
False,208363
False,52222
False,297075
False,22983
False,341459
False,576227
False,2349
False,100396
False,410754
False,128167
False,278962
False,339491
False,192009
False,345725
False,348675
False,230756
False,516634
False,204804
False,525265
False,501723
False,540509
False,71265
False,153040
False,82465
False,383359
False,370363
False,225264
False,208121
False,235905
False,537097
False,79080
False,546632
False,392556
False,356810
False,545155
False,431788
False,154274
False,25860
False,138954
False,303133
False,27727
False,557659
False,367409
False,530064
False,216894
False,15794
False,111556
False,399687
False,581632
False,317640
False,422869
False,438196
False,393710
False,430850
False,70474
False,515296
False,573949
False,544384
False,10689
False,340242
False,123268
False,432146
False,150538
False,224336
False,239793
False,119614
False,366485
False,577850
False,327988
False,265737
False,525932
True,318444
False,299357
True,444362
False,225792
False,162419
False,171758
False,439241
False,146078
False,319543
False,558388
False,289223
False,349611
False,250076
False,128142
False,67771
True,352427
True,479461
False,369208
False,30328
False,310808
False,348795
False,265023
False,262393
True,42089
False,29642
False,39403
False,411108
False,297944
False,82281
False,71322
False,502680
False,365652
False,385075
True,468603
False,119621
False,210999
False,210000
False,328454
False,67854
False,269827
False,269228
False,415768
False,138036
False,148546
False,21772
False,403535
True,107226
False,94514
False,352118
False,314265
False,533050
False,86864
False,150196
False,202329
False,238355
False,126876
False,15259
False,224794
False,290771
False,199157
False,296277
False,429602
False,516289
False,74132
False,434707
False,228758
False,354718
False,441345
False,316542
False,485149
False,231087
True,563648
False,555861
False,354045
False,562401
False,525153
False,118644
False,543082
False,334477
False,510536
True,572194
False,230884
False,119669
False,375184
False,422969
False,299732
False,105096
True,255483
False,549729
False,464037
False,370512
False,424542
False,511736
False,187680
False,551164
False,416125
False,402712
False,234709
False,328189
False,255096
False,477749
True,313953
False,23117
False,108224
True,540183
False,32695
False,282027
True,79641
False,190684
False,163775
False,47638
False,576789
False,63893
False,400728
False,532253
False,23906
False,20579
False,57480
False,495040
False,543332
False,175952
False,165818
False,404050
False,532036
False,189388
False,262389
False,189469
False,203124
False,333730
False,357041
False,124747
False,443512
False,270956
False,154155
False,231851
False,137156
False,471514
False,379579
False,60448
False,18839
False,136572
False,532625
False,258860
False,392039
False,94096
False,389451
False,196
False,579811
False,252558
False,511241
False,527407
False,232358
False,242973
False,71409
False,338169
False,405579
False,494552
False,412563
True,404823
False,424138
False,270234
False,277161
False,530447
False,452565
False,69047
False,551736
False,466713
False,13471
False,433805
False,572555
False,91869
False,357502
False,512495
False,38586
False,467522
False,129812
False,243333
False,229156
False,360440
False,144313
False,210344
False,295242
False,291201
False,152815
False,175703
False,158848
False,415728
False,395701
False,459736
False,481530
False,465412
False,170640
False,472691
False,527353
False,177840
False,540187
False,89540
False,225537
False,132306
False,2068
False,403750
False,561785
False,238989
False,153394
False,231993
False,395758
True,549937
False,422623
False,488363
False,267661
False,299833
False,482597
False,251882
False,166504
True,153717
True,105220
False,539386
False,512561
False,136704
False,352861
False,186201
False,458778
False,434767
False,130992
False,536278
True,231705
True,174504
False,24522
False,478368
False,125729
False,573605
False,513513
False,457609
False,499360
True,198721
False,399488
False,74996
False,514034
False,351367
False,296754
False,572781
False,470073
False,533022
False,559453
False,209102
False,176085
False,250506
False,291755
False,18882
False,492897
False,427435
False,165431
False,276853
False,220244
False,33882
False,108864
False,369506
False,442286
False,478785
False,64634
False,208821
False,351470
False,407590
False,162230
True,504534
False,509244
False,17312
False,218941
False,485687
False,366480
False,310091
False,373727
True,421978
False,530731
True,184978
False,531396
False,2843
False,382789
False,469844
False,183171
False,262550
False,492851
False,174213
False,141229
False,451818
False,326564
False,322080
False,280051
True,454282
False,565139
False,413096
False,247318
False,410221
False,234779
False,495793
False,670
False,246248
False,64314
False,101473
False,537025
False,323208
False,488132
False,111574
True,87811
False,21198
False,225054
False,227843
False,511550
False,231932
False,458325
True,178283
False,122923
False,40602
False,314396
False,195870
False,76276
False,224390
False,308608
False,298998
True,234616
False,412767
False,54803
False,540496
False,489453
False,147618
False,338087
False,367357
False,79957
False,22536
False,528284
False,229919
False,569816
False,245895
False,69745
False,372022
False,488146
False,164522
False,456192
False,225587
False,115626
False,443667
False,384332
False,26027
False,72466
False,71881
False,389582
False,20935
False,293130
False,315734
False,2451
False,366799
False,412857
False,286591
False,562770
False,136584
True,344045
False,198255
False,34972
False,53304
False,417458
False,91638
False,240602
False,650
False,404992
False,494676
False,67849
False,533250
False,442681
False,85005
False,503951
False,205556
False,145439
False,95841
False,183971
False,452259
False,560683
True,16961
False,152360
False,455020
False,561888
False,425837
False,431825
False,356549
False,304817
False,453366
False,528411
False,311413
False,452806
False,408833
False,399556
False,573544
False,238389
False,416765
False,150969
False,123273
False,412955
False,545071
False,387318
False,114822
False,486567
False,381546
False,36151
False,484377
False,31666
False,111840
False,351210
False,535340
False,136142
False,452224
False,132991
False,203455
False,184822
False,508741
False,213207
False,283584
False,110509
False,441678
False,136184
False,27768
False,525851
False,73022
False,120103
False,331191
False,96189
False,478741
False,177935
False,195863
False,130286
False,319517
False,156455
False,17183
False,172937
False,128570
False,110233
False,161266
False,205875
False,122511
False,157125
False,292977
False,579995
False,231029
False,153711
False,302428
False,544052
False,26643
False,571036
False,274970
False,457016
False,442322
False,548377
False,12183
False,532577
False,268018
False,198251
False,569024
False,109588
False,288201
False,357865
True,518052
False,204162
False,294360
False,543560
True,185991
False,452022
False,213156
False,176728
False,121852
False,445726
False,117991
False,67966
False,317807
False,349658
False,21902
False,314538
False,563726
False,276854
False,179019
False,249246
False,328289
False,220896
False,245922
False,44774
False,569261
False,175122
False,223401
False,348436
False,99348
False,508286
False,571328
False,397518
False,373148
False,419145
False,557916
False,266302
False,365314
False,196368
False,567863
False,24520
False,244578
False,178984
False,573248
False,398727
False,156876
False,285583
False,292213
False,233580
False,267643
True,452471
False,118296
False,54989
False,107228
False,339442
False,163125
False,501957
False,390326
False,369019
False,270135
False,411962
False,306902
False,556748
False,81463
False,569001
False,297812
False,303637
False,565594
False,554084
False,168178
False,524280
False,129995
False,180827
False,475815
False,557023
False,425899
False,367007
False,335986
False,45659
False,491664
False,105885
False,357289
False,130142
False,262690
False,204863
False,180923
False,182861
False,46106
False,121123
False,416202
False,318763
False,89714
False,196415
False,510147
False,234949
False,500984
False,209720
False,116261
False,130993
False,35107
False,146981
True,112992
False,453557
False,311310
False,570307
False,274108
False,563665
False,472582
False,406948
False,131918
False,134605
True,169089
False,302531
False,342819
False,431306
False,254228
False,189794
False,21206
False,432877
False,171430
False,274949
False,481407
False,505421
False,6720
False,504265
False,99942
False,311232
False,569729
False,479208
False,532753
False,46818
False,571635
False,333826
False,90307
False,562862
False,366577
False,272949
False,95737
False,143119
False,492254
False,307598
False,171647
False,206017
False,321970
False,420146
False,199158
False,458178
False,355789
False,232646
False,519605
False,312896
False,394008
False,473571
False,34645
False,551073
False,488406
False,209409
False,200605
False,188225
False,473517
False,51501
False,305283
False,291280
False,380227
False,33300
False,515064
False,570483
False,451990
False,268681
False,247184
False,358730
True,440592
True,186056
False,98903
False,163263
False,221794
False,204833
False,14967
False,104044
False,12501
False,218446
False,561887
False,96572
False,41730
False,306988
False,198764
False,86294
False,406445
False,244317
False,226220
False,390215
False,493939
False,531910
False,540273
False,352307
False,212326
False,117458
False,33940
False,574402
False,563371
False,559950
False,143003
False,524401
False,150477
False,398028
True,85007
False,1145
False,430286
False,436519
False,70079
False,354019
False,403184
False,402233
False,387598
False,198881
False,272901
False,31984
False,510387
False,393503
False,175197
True,419212
False,436585
False,161308
False,224667
False,352205
False,294914
False,136015
False,55090
False,423383
False,181216
False,286151
False,231402
False,27041
False,159832
False,351002
False,231954
False,117139
False,165706
False,245667
False,283113
False,58407
False,511153
False,200612
False,516750
False,22071
False,159121
False,321959
False,374818
False,476468
False,465670
False,421775
False,40129
False,510900
False,455832
False,135608
True,473042
False,28682
False,147959
False,575164
False,102080
False,51774
False,219802
True,217323
False,388641
False,34624
False,304341
True,554374
False,474188
False,65889
False,179672
False,292668
False,372959
False,61182
True,360767
False,110674
False,475361
False,57023
True,124859
False,220505
False,563436
False,190447
False,345084
False,510175
False,564465
False,370749
False,68041
False,189888
False,431363
False,112478
False,25708
False,482332
False,226287
False,325503
True,253584
True,222442
False,484832
False,293368
False,77686
False,268510
False,100581
False,486595
False,295340
False,50168
False,247976
False,67118
False,22775
False,25858
False,512191
False,460901
False,409668
False,558276
False,207675
False,259690
False,529256
False,565903
False,493932
False,209752
False,400313
False,123306
False,73567
False,91130
False,109361
False,555005
False,37956
False,441264
False,371510
False,461128
False,580410
False,469893
False,244683
False,80864
False,254191
False,433046
False,245051
False,293254
False,218766
False,44702
False,510757
True,151084
False,425628
False,69536
False,339927
False,564816
False,138982
False,580149
False,177090
False,287833
False,132114
False,183151
False,92248
False,88270
False,347879
False,347367
False,374201
False,203388
False,399548
False,81299
False,283945
False,227840
False,223777
False,569862
False,320275
False,103355
False,464616
False,139169
False,161328
False,198084
False,383652
False,40187
False,66082
False,116740
True,517855
False,248066
False,280473
True,357228
False,341511
False,4587
False,374052
False,54124
False,110611
False,392905
True,550842
False,433285
False,240358
False,241221
False,463284
True,250083
False,70365
False,361077
False,134268
False,226695
False,130181
False,475129
False,47805
False,379161
False,21167
False,44347
False,95337
False,189864
False,297844
False,137501
False,553306
False,484066
False,85452
False,440778
True,27972
False,445365
False,277955
False,397815
False,514340
False,474174
False,444028
False,147629
False,23937
False,76176
False,114035
False,550699
False,83348
False,244844
False,444491
True,22265
False,497464
False,16839
False,329546
True,181980
False,479879
False,210450
False,248862
False,418595
False,232344
False,250579
False,61147
False,97057
False,524773
False,390086
False,580512
False,375027
False,382512
False,121897
False,251572
False,82059
False,385504
False,11856
False,401557
False,268008
False,534516
False,345125
False,250196
False,258085
False,153224
False,22167
False,122020
False,567837
True,515485
False,158354
False,187012
False,80275
False,198043
False,206166
False,432891
False,386119
False,184384
False,12269
False,336354
False,50662
False,353001
False,192090
False,514979
False,63573
False,146627
False,547542
False,85902
False,100863
False,356565
False,47418
False,36783
False,511781
True,444953
False,388980
False,379238
False,127856
False,215577
False,384916
False,190831
False,559733
False,372775
False,185866
True,278853
False,516167
False,374023
True,457884
True,19402
False,360604
True,193674
False,544109
False,223035
False,442443
False,61209
False,296802
False,411341
False,401068
False,255295
True,222346
False,170579
False,396380
False,370405
False,224278
False,248194
False,38402
False,152106
False,539584
False,483751
False,276317
False,66121
False,532748
False,156858
False,431190
False,70471
False,450219
False,484244
False,234028
False,214119
False,461588
False,519234
False,28327
False,548593
False,53374
False,499966
False,216455
False,450584
False,211478
False,470907
False,501002
False,307916
False,242631
False,270505
False,157822
False,568256
False,531349
False,313129
False,457097
False,319406
False,573072
False,473069
False,170917
False,371960
False,436791
False,104811
True,364113
False,399825
False,120462
False,99398
False,446209
False,148437
False,534448
False,230983
True,255239
False,491111
False,87739
False,311913
False,431799
False,168246
False,236177
False,223776
False,158211
False,142092
False,55017
False,40130
False,282558
False,291839
False,480773
False,18534
False,18193
False,503856
False,94155
False,220528
False,426170
False,225750
False,333474
False,7023
False,330124
False,341678
False,456439
False,30429
False,149592
False,132102
False,214574
False,285784
False,464263
False,464800
False,300962
False,165062
False,323525
False,76015
False,53532
False,351514
False,14750
False,265596
False,529886
False,399878
False,194108
False,254022
False,462027
False,540868
False,141946
False,150636
False,100273
False,428111
False,276909
False,576827
False,464390
False,23177
False,547960
False,216867
False,350681
False,289968
False,136949
False,458804
False,515662
False,289967
False,244715
False,370426
False,562448
False,534983
False,4079
False,291493
False,346295
False,47489
False,68623
False,166731
False,428691
False,130768
False,262541
False,290070
False,567278
False,450864
False,192793
False,80084
False,368637
True,290979
False,411007
False,347438
False,475357
False,50561
False,185157
False,214998
False,218579
False,234016
False,398494
False,424666
False,128311
False,149196
False,189765
False,401436
False,221343
False,233201
False,236486
False,280087
False,279824
False,302343
False,268058
False,74139
False,416668
False,352312
False,189957
False,143358
False,392971
False,16935
True,355918
False,151192
False,151862
False,416745
False,526800
False,308670
False,45775
False,413650
False,483011
False,562098
False,336958
False,298224
False,215341
False,298983
False,217672
False,330683
False,44792
False,474545
False,47807
False,39472
False,374106
False,233848
False,117512
False,175047
False,553506
False,104725
True,392990
False,135032
False,513060
False,269327
False,194247
False,237944
False,110084
False,160510
False,357290
False,78800
False,43256
False,50624
False,478664
False,111970
False,295362
False,57745
False,209941
False,312621
True,79852
True,424933
False,367907
False,18316
False,266124
False,556056
True,165658
False,118742
False,404608
False,150763
False,209930
False,371745
False,115018
False,268081
False,156846
False,13995
False,166489
False,154
False,64440
False,365819
False,26409
False,345535
False,47713
False,446322
True,188817
False,95178
False,67344
False,238881
False,304746
False,287567
False,372357
False,487631
False,537170
False,531614
False,433184
False,9987
False,157616
True,231795
False,554800
False,242036
False,18078
False,275501
False,530782
False,176697
False,119938
False,174305
False,33494
False,94162
False,315722
False,17179
False,1942
False,338248
False,406531
False,35927
False,411624
False,58655
False,269287
False,433911
False,323327
False,552717
False,219946
False,403096
False,124577
False,457599
True,165531
True,323379
False,217676
False,574411
False,319451
False,196365
False,377084
False,513319
False,136111
False,132104
False,144230
False,327876
False,44644
False,571237
False,451980
False,38752
False,534845
False,45148
False,428773
False,23660
False,473774
False,514025
False,72715
False,60483
False,301266
False,181766
False,146470
False,289460
False,352936
True,317018
False,86323
False,146586
False,44609
False,179218
False,163777
False,539710
False,27989
False,487781
False,80619
False,334405
False,579299
False,16544
False,494251
False,345294
True,498175
True,493004
False,383730
False,80941
False,297419
False,88556
False,440246
False,442790
False,430394
False,105134
False,434866
False,64520
False,293372
False,94307
False,237247
False,197951
False,308327
False,189893
False,356513
False,577817
False,138821
False,496434
True,526257
False,574692
False,566364
False,132170
False,484300
False,93789
False,89906
False,190487
False,396868
False,43176
False,344442
False,302520
False,550471
False,235536
False,417161
False,341828
True,284831
False,278336
False,443857
False,577223
False,537773
True,91307
False,164502
False,19394
False,521355
False,397454
False,99580
False,435139
False,406303
False,211198
False,192111
False,363461
False,172096
False,463477
False,425325
False,287494
False,405215
False,26765
False,295553
False,373679
False,427789
False,431761
False,76590
False,265557
False,370448
True,209989
False,216320
True,380711
False,422558
False,164885
False,187540
False,193318
False,37705
False,272630
False,55569
False,346915
False,176306
True,75375
False,378700
False,325833
False,434192
False,464006
False,175715
False,431650
False,157181
False,187368
False,462928
False,87444
False,504289
False,458085
False,205559
False,225055
False,351369
False,5277
False,457257
False,390585
False,92661
False,55764
False,388237
False,350987
False,177246
True,515350
False,315605
False,358396
False,556608
False,364437
False,192181
False,288884
False,384523
False,74461
False,316759
False,178389
False,495633
False,274657
False,144552
False,415073
False,29732
True,165401
False,400567
False,16955
True,235799
False,488138
False,477590
False,456662
False,426182
False,451960
True,357690
False,220224
False,113962
False,225824
True,463640
True,396519
False,63949
False,288983
False,332282
False,79530
False,50352
True,43829
False,58816
False,26833
False,567253
False,451102
False,164587
False,177022
False,6451
False,194638
False,367448
False,461306
False,223718
False,301697
False,291098
False,363280
False,347925
False,356238
False,136375
False,151396
False,253002
False,338558
False,120282
False,536884
False,448703
False,253945
False,335236
False,176273
False,538779
False,312902
False,572279
False,251803
False,125683
False,490291
False,235213
False,75521
False,455657
False,179544
False,70502
False,347794
False,440049
True,429159
False,544215
False,396274
False,134325
False,147494
False,397668
False,399481
False,333626
False,461939
False,133515
False,329629
True,10216
False,418653
False,202865
False,484059
False,574227
False,132523
False,346972
False,268037
False,436694
False,232612
False,82846
False,560786
False,84890
False,2555
False,532668
False,342843
False,540784
False,211449
False,307057
False,133645
False,6339
False,554439
False,224047
False,423990
False,436578
False,80306
False,411773
False,293912
False,342232
False,373683
False,124711
False,267653
False,289583
False,564475
False,581089
False,378751
False,236580
False,14038
False,358120
False,183287
False,531575
False,224895
False,353175
False,91463
False,197635
False,209940
False,114055
False,484278
False,13292
False,82475
False,270179
False,475744
False,52425
False,84174
False,471895
False,46804
False,470547
False,337160
False,354368
False,101050
False,150594
False,55630
False,318261
False,219647
False,527618
False,10393
False,50304
False,1507
False,268413
False,76476
False,94676
False,229233
False,423222
False,563725
False,9791
False,148301
False,402507
False,402362
False,106154
False,356771
False,343561
False,233463
False,570688
False,476380
False,324450
False,98002
False,332215
False,234847
True,162855
False,225829
False,556060
False,390884
False,401614
False,422700
False,54527
False,540723
False,409192
False,440853
False,15036
False,348204
False,212914
False,480851
False,300943
False,168994
False,307
False,7251
False,150559
False,298395
True,111823
False,119827
False,570951
False,469816
False,43073
False,78035
False,499455
False,190271
False,485364
False,373120
False,506258
False,493375
False,551542
False,306992
False,441586
False,239089
False,121365
False,75806
False,432583
False,488658
False,545950
False,218844
False,158713
False,154888
False,278569
False,555494
False,134958
False,41993
False,166137
False,402115
False,383462
True,235479
False,33131
False,465155
False,9483
False,269577
False,515341
False,304092
False,298924
False,19227
False,334011
False,574388
False,91784
False,52497
False,228817
True,380429
True,426376
False,380096
False,408138
False,26051
False,437303
False,197262
False,140797
False,507927
False,363793
False,9983
False,214719
False,435880
False,276343
False,25414
False,181042
False,150440
False,447444
False,460010
False,46467
False,339356
False,36498
False,284954
False,200583
False,30423
False,199166
False,125690
False,39769
False,60685
False,412584
False,415665
False,473014
False,319591
False,326936
False,360772
False,314251
False,137483
False,423215
False,165211
False,250815
False,164234
False,137964
False,4442
False,205022
False,253829
False,366502
False,250827
False,446328
False,391140
False,175430
False,240755
False,3480
False,344945
False,379940
True,303543
False,126381
False,566062
False,450364
False,91500
False,452966
False,508723
False,10083
False,107257
False,209919
False,115967
False,519974
True,359719
False,288052
False,361585
False,368014
False,490979
False,148044
False,404668
False,99242
False,401088
False,473082
False,384412
False,392381
False,391216
False,7954
False,44818
True,501926
False,151229
False,440045
False,138153
False,237093
False,199783
False,18982
False,330086
False,11506
False,568675
False,34528
False,556763
False,568111
False,316666
False,359234
False,104956
False,539174
False,341290
False,110780
False,452558
False,423336
False,250498
False,246839
False,394611
False,56007
False,80094
False,43692
False,269235
False,136033
False,1029
False,209147
False,214055
False,434857
False,157505
False,443301
False,25902
False,35326
False,247121
False,387924
False,302712
False,472828
False,378711
False,287695
False,497273
False,307480
False,385505
False,216378
False,86358
False,325647
False,347849
False,158722
False,266217
False,472445
False,180889
False,214701
False,392781
False,545626
False,287094
False,193148
False,156824
False,499693
False,420210
False,403789
False,488974
False,79610
False,11812
False,278439
False,224878
False,575701
False,176118
False,118065
True,333629
False,156751
False,572165
False,306031
True,501982
True,86843
False,574456
False,315181
False,577735
False,468773
False,319938
False,365293
False,107638
False,347693
False,380821
False,290656
False,426733
False,508092
False,205647
False,159592
False,308849
False,428503
False,308292
False,510063
False,327983
False,17707
False,56506
False,186315
False,102763
False,230915
False,352892
False,125513
True,352401
False,179610
False,151787
False,396793
False,546531
False,465922
False,568143
False,426598
False,264091
False,21826
False,72564
False,230381
False,74573
False,565929
False,435343
False,282828
False,473793
False,562456
False,359716
False,277125
False,435569
False,253065
False,225458
False,66909
False,463787
False,369791
False,222921
False,376754
False,580523
False,32464
False,487970
False,381709
False,43815
True,197540
False,285076
False,325519
False,398842
False,275938
False,183753
False,536939
False,80798
False,461365
True,54516
False,70187
False,275902
False,126687
False,491888
False,395425
False,237184
False,9620
False,423354
False,551063
False,547493
False,517878
False,388534
False,19863
False,11299
False,130419
False,208801
True,397475
False,412794
False,192631
False,399595
False,409374
False,246166
False,81961
False,227691
False,579906
False,392725
True,45094
False,298170
False,427729
False,25951
False,213621
False,541077
False,93424
False,495568
False,79367
False,277203
False,99888
False,359085
False,39386
False,390856
False,387833
False,34579
False,342109
False,561390
False,21320
False,492435
False,577995
False,212698
True,208274
False,277015
False,480239
False,1397
False,122144
True,345634
False,83574
True,68408
False,706
True,3553
False,202805
False,40971
False,215023
False,219204
False,240911
False,482753
False,78068
False,290941
False,66519
False,267586
True,246014
False,209292
False,318401
False,437514
False,372554
False,234655
False,168422
False,284867
False,274109
False,194012
False,8300
False,370568
False,359775
False,81956
False,404007
False,531316
False,531657
False,449201
False,502220
False,315492
False,6765
False,69325
False,472938
False,127304
False,63397
False,346302
False,452622
False,26320
False,566968
False,221755
False,254050
False,369369
False,55294
False,247072
False,297672
False,74646
False,372580
False,544427
False,561403
False,357770
False,488601
False,60452
False,204871
False,347142
False,550127
False,128328
False,52393
False,440359
False,49984
False,562335
False,20588
False,57353
False,22815
False,366770
False,414927
False,132041
False,123041
False,350115
False,561160
False,44388
False,447485
False,526588
False,332333
False,287760
False,504414
False,175353
False,154614
False,12059
True,535871
False,304292
False,510484
False,380729
False,302383
False,265167
False,379434
False,179480
False,566261
False,477741
False,426712
False,122994
False,45071
False,361830
False,314541
False,106119
False,288610
False,132290
False,435003
False,542088
False,473604
False,414008
False,313473
False,354575
False,318825
False,79116
False,406866
False,529061
False,438059
False,438232
True,157653
False,507384
True,152530
False,45175
False,160703
False,317439
False,404282
False,421768
True,379488
False,55788
False,323774
False,101157
False,1308
False,527691
False,85171
False,306549
False,371940
False,414046
False,92288
False,605
False,563816
False,84157
False,273617
True,534906
False,24489
False,340185
False,288673
False,514955
False,97201
False,459668
False,84013
False,505738
False,541429
False,417835
False,38540
False,545534
False,426151
False,76709
False,215167
False,304365
False,32809
False,379965
False,243218
False,379914
False,157221
False,92338
False,406103
False,322
False,302302
False,511739
False,499166
False,354427
False,325723
False,414176
False,174522
False,68085
False,579191
False,253764
False,101017
False,410781
False,570588
False,552167
False,359687
False,560396
False,317103
True,104023
True,504170
False,219300
False,156042
False,195300
False,225566
False,126647
True,16959
False,533173
False,402163
False,441172
False,129440
False,428629
False,338987
False,87056
False,33068
False,14007
False,557191
False,221578
False,228316
False,566847
False,370010
False,446615
False,64360
False,264660
False,31000
False,448172
False,220912
False,479723
False,365565
True,464585
False,556730
False,167352
False,199410
False,9199
False,339346
False,218362
False,423065
True,54295
False,467245
False,579051
False,178221
False,414548
True,185598
False,59321
False,52312
True,188375
False,272626
False,483855
False,356224
False,537844
False,426987
False,581223
False,362642
False,500603
False,149890
False,285646
False,2776
False,493218
False,445950
False,185826
False,150746
False,208163
False,362677
False,464598
False,420021
False,143556
True,423498
False,480407
False,308208
False,127170
False,428326
False,392666
False,382890
False,19193
False,31411
False,366748
False,527096
False,8520
False,572109
False,287213
False,352886
False,122163
False,63214
False,234916
False,123131
False,400940
False,217131
False,139561
False,65012
False,253962
False,306758
False,525616
False,443940
False,411282
False,189156
False,68625
False,285618
False,86630
False,311436
True,401828
False,191174
False,15016
False,334034
False,418722
False,207875
False,446147
False,91543
False,222635
False,271112
False,206467
False,541472
False,393705
False,431606
False,484816
False,564371
False,485247
False,180609
False,432268
False,497097
False,554340
False,341033
False,150197
False,361993
False,484751
False,183672
False,33146
False,58397
False,484564
False,168179
False,205196
False,175774
False,210065
False,170662
False,85302
False,449019
False,296244
False,162114
False,437138
False,101431
False,204085
True,364953
False,279558
False,567055
True,8191
False,238816
True,87070
False,40471
False,230247
False,458898
False,264735
False,454661
False,133061
False,282957
False,487236
False,115866
False,42578
False,52790
False,199304
False,426429
False,279588
False,262360
False,39322
False,429283
False,564290
False,100196
False,15658
False,485940
False,296360
False,312015
False,131011
False,135226
False,47164
False,287590
False,154613
False,185225
False,14938
False,136334
False,373578
False,292209
False,355904
False,363879
False,525264
False,100558
False,448580
False,78042
False,201722
False,221379
False,444126
False,462964
False,109521
False,455934
False,480950
False,495018
False,516264
False,346862
False,112922
False,476787
False,471473
False,394476
False,559958
False,565186
False,169155
True,501506
False,571504
False,356060
False,120643
False,368117
False,379713
False,142719
False,27626
False,200391
False,459190
False,461236
False,338375
False,64798
False,539683
False,400633
False,555239
False,97964
False,318184
False,408289
False,414285
False,232047
False,195815
False,376747
False,443631
False,489771
False,335844
False,231035
False,39852
False,324321
False,106379
False,350457
False,57461
False,552942
False,21921
False,127339
False,435425
False,383764
False,444464
False,126521
False,384901
False,332875
False,169395
False,399162
False,472172
False,547039
False,126590
True,449914
False,198530
False,299533
False,444500
False,224419
False,382855
False,451391
False,98326
False,455608
False,221883
False,44959
False,422268
False,454963
False,51965
False,400644
False,149810
False,83518
False,361648
False,423380
False,335013
False,151017
False,34580
False,164564
False,498615
False,230462
False,46775
False,15427
False,437967
False,136908
False,358788
False,268200
False,5140
False,203129
False,23419
False,326569
False,69366
False,411587
False,577301
False,307835
False,271195
False,173400
False,303617
False,205334
False,303204
False,239337
False,273371
False,101252
False,180418
False,147866
False,219810
False,68238
False,82788
False,222600
True,514049
False,312252
False,477301
False,527501
False,381458
False,29449
False,132476
False,175969
False,51610
False,400149
False,169098
False,21075
False,554171
False,558641
False,508713
False,493859
False,226664
False,103223
False,248111
False,193385
False,288310
True,104452
False,114286
False,168932
False,578226
False,7629
False,426758
False,566301
False,56442
False,211444
False,58658
False,61196
False,157119
False,85349
False,268418
False,289323
False,454961
False,116625
False,173153
False,1554
False,408201
False,188762
False,29914
False,51025
False,396660
False,14546
False,416356
False,137412
False,530590
False,71618
False,337802
False,524905
False,370462
False,347877
False,512152
False,212138
False,8405
False,250451
False,568147
False,332953
False,556073
False,10145
False,350328
False,254902
False,68953
False,195648
False,483630
False,84312
False,329878
False,396432
False,468442
False,310870
False,292444
False,428580
False,423935
False,175212
False,437106
False,308103
False,274697
False,114398
False,554651
False,432605
False,193881
False,430472
False,364659
False,90732
True,354322
False,575354
False,561005
False,400166
False,499627
False,251818
False,141962
False,238001
False,118748
False,210195
False,131665
False,158642
False,373076
False,10903
False,146951
False,455856
False,263377
False,157715
False,244550
False,466445
False,239093
False,538699
False,536786
False,147547
False,220601
False,53147
False,99245
False,45226
False,2585
False,55150
True,242133
False,69625
True,316181
False,441432
False,327590
False,54300
False,221803
False,275211
False,4947
False,542183
False,340545
False,557037
True,460837
False,38314
False,559348
False,371836
False,468885
False,318299
False,399835
False,216391
False,386009
False,180463
True,205594
False,289740
False,333406
True,113893
False,475236
True,540556
False,26443
False,365116
False,494592
False,579907
False,29019
False,191242
False,279097
False,559651
False,455770
False,83619
False,466432
False,496399
False,29616
False,281112
False,563477
False,325710
False,173149
False,559024
False,214124
False,170436
False,94577
False,493692
False,343815
False,160220
False,451781
False,503541
False,490993
False,357294
False,466985
False,490055
False,61262
False,457235
False,237689
False,411441
False,301875
False,561006
False,189706
False,21232
False,119922
False,108914
False,475564
False,515304
False,43776
False,61422
False,204491
False,538182
False,161733
False,35145
False,226631
False,152397
True,132495
False,317999
False,163136
True,525684
False,480863
False,143386
False,51808
False,375087
False,81397
False,174417
False,320186
False,113649
False,183330
False,168805
False,147073
False,67961
False,316019
False,92017
False,247914
False,286058
False,41027
False,466621
False,546981
False,22879
False,232379
True,65238
False,22827
False,245202
False,353311
False,246408
False,50591
False,182527
False,44227
False,12875
False,534274
False,318683
False,9763
False,227733
False,174303
False,388853
False,457948
False,222080
False,132773
False,421877
False,335363
False,441686
False,285844
False,221666
False,507928
False,294133
False,178533
False,320461
False,227558
False,330681
False,362482
False,303108
False,302924
False,2446
False,163394
False,305501
False,370369
False,384848
False,501739
False,147591
False,69863
False,563645
False,572865
False,510548
False,486987
False,53095
False,553150
False,581220
False,115069
False,208913
False,2270
False,224942
False,213933
False,186537
True,283678
False,244328
False,493941
False,572630
False,464188
False,574257
False,337161
False,389020
False,318670
False,345009
False,177367
False,431671
False,142497
False,382603
False,556542
False,141659
False,100536
False,404004
False,110257
False,267200
False,380474
False,322620
False,157673
False,472444
False,566642
False,388581
False,417006
False,205011
False,9946
False,294992
False,351726
False,92614
False,92353
False,433154
False,232161
False,536369
False,379607
False,218204
False,237427
False,192554
False,511412
False,448951
False,199653
False,274978
False,534019
False,249905
False,337949
False,109916
False,415026
False,109414
False,445540
False,331031
False,225383
False,420926
False,65587
False,202943
False,217471
False,129141
False,410023
False,558579
False,217064
False,571719
False,340333
False,15165
False,268988
False,486438
False,83448
False,27352
True,24242
False,506039
False,233956
False,535327
False,32766
False,15468
False,142295
False,556021
False,216910
False,273120
False,545160
False,341383
False,116832
False,482994
False,139248
False,143420
False,112639
False,139150
False,455406
False,385107
False,429490
False,397373
False,155449
False,279939
False,326781
False,463836
False,208894
False,376557
False,130518
False,440334
False,120734
False,334881
False,211686
False,544956
False,314714
False,380171
False,546140
False,15006
False,126651
False,555998
False,294698
False,354891
False,512940
False,120987
False,539705
False,536274
False,86573
False,475238
False,473153
False,167908
False,444576
False,344174
False,528372
False,267540
False,229228
False,466373
False,42844
False,369823
False,146573
False,46269
False,144283
False,8592
False,105881
False,82678
False,249531
False,490102
False,336697
False,275793
False,135984
True,233841
False,71236
False,171290
False,539906
False,26609
False,205282
False,211451
False,140634
False,433229
False,230468
False,183007
False,456127
False,176991
False,4760
False,144618
False,24553
False,55585
False,110697
False,335323
False,238201
False,408407
False,154310
True,160735
False,141468
False,318355
False,79189
False,11288
False,266298
True,53328
False,108140
False,263264
False,549907
False,316855
False,188534
False,144817
False,195677
False,240784
False,402082
False,193819
False,446106
False,462756
False,82658
False,61559
False,44810
False,379315
False,357391
False,91461
True,552985
False,221494
False,541258
False,8733
False,564643
False,244334
False,133778
False,198137
False,22484
False,2153
False,283996
False,95251
False,223833
False,558822
False,248276
False,127467
False,443349
False,44269
False,332499
False,478311
False,126959
False,181885
False,34525
False,251857
False,8053
False,537553
False,482912
False,485113
False,357899
False,321
False,485605
False,418141
False,439576
False,312536
False,97372
False,350663
False,78565
False,318245
False,419942
False,496121
False,574316
False,31582
False,33727
False,485696
False,26702
False,266696
False,16251
False,37358
False,386799
False,572304
False,506388
False,337194
False,232503
False,249219
False,501271
False,505661
False,44178
False,158798
False,158055
False,535013
False,279549
False,369849
False,89202
False,303986
False,530896
False,35160
False,440871
False,408324
False,27329
False,463039
False,532719
False,33536
False,460333
False,486244
False,504054
False,499755
False,441407
False,251892
False,567755
False,418065
False,319798
False,290812
False,526892
False,351654
False,264296
False,166275
False,489400
False,68050
False,373492
False,414422
False,434316
False,77870
False,348302
False,417036
False,74901
False,453132
False,421157
False,403739
False,42540
False,183049
False,31082
False,401720
False,27032
False,55206
False,528071
False,12231
False,465272
False,296235
False,271231
False,33633
False,371861
False,180154
False,49027
False,408484
False,264170
False,62389
False,551088
False,499523
True,449102
False,293341
True,49080
False,189017
False,265597
False,320144
False,374208
False,398633
False,531307
False,107148
False,421986
False,235912
False,490875
False,363410
False,89103
False,27946
False,335670
False,271473
False,99081
False,125661
False,22705
False,198841
False,205439
True,169054
False,176082
False,175096
False,502058
False,560472
False,323810
False,577582
False,306264
False,232277
False,412208
False,10179
False,238685
False,487770
False,383857
False,90994
False,10046
False,305626
True,513861
False,39098
False,381163
False,161112
False,290314
False,68748
False,232648
False,379654
False,38693
False,527504
False,491910
False,363483
False,363546
False,554630
False,108572
False,291854
False,404095
False,455203
False,110230
False,184800
False,346450
False,52348
False,298629
True,503332
False,72507
False,314943
False,4761
False,408623
False,508612
False,554559
False,183719
False,51630
True,450567
False,65842
False,304481
False,538223
False,244184
False,568071
False,267338
False,186298
False,268717
False,398753
False,90526
False,296886
False,94061
False,198506
False,500784
False,323028
False,52891
False,84167
False,378189
False,442133
False,33764
False,373677
False,438191
False,251229
False,47492
False,110798
False,310085
False,48685
False,48935
False,427547
False,1811
False,82042
False,15274
False,399185
False,459826
False,56544
False,139344
False,416258
False,10600
False,134068
False,7778
False,116732
False,534259
False,385921
False,88866
False,81995
False,26227
False,307030
False,557694
False,173091
False,492678
False,153187
False,190413
False,367125
False,540554
False,446467
False,314876
False,449844
False,478145
False,60117
True,524431
False,175364
False,298347
False,379111
False,186103
False,11569
False,36589
False,138227
False,355819
False,314986
False,317622
False,198319
False,343903
False,529586
False,491666
False,328412
True,397929
False,501122
False,12764
False,327799
False,78537
False,557527
False,244711
False,441165
False,273354
False,52813
True,230585
False,29602
False,180522
False,433133
False,141538
False,498915
False,294528
False,388777
False,200404
False,16005
False,530962
False,4796
False,85376
False,218637
False,416604
False,502998
False,266503
True,150799
False,59146
False,204422
False,129143
False,391857
False,220842
False,329888
False,440617
False,179914
False,271077
False,243839
False,13969
False,273156
False,400971
False,66151
False,84740
False,411517
False,207264
False,210425
False,173693
False,453221
False,442614
False,487692
False,298545
False,178022
False,505643
True,202339
False,130545
False,175410
False,494599
False,295250
False,425817
False,369230
False,502425
False,537389
True,541212
False,304157
False,348207
False,71429
False,4981
False,332692
False,243214
False,61697
False,461561
False,120744
False,127718
False,1319
False,563319
False,140420
False,111660
False,32678
False,305348
False,461521
False,408863
False,145391
False,502863
False,468917
False,52016
False,92768
False,11146
False,158801
False,65136
False,35972
False,266963
False,271828
False,278732
True,295740
True,200812
False,206118
False,235581
False,500464
False,384420
False,138904
False,211850
False,352724
False,368293
False,444166
False,408922
False,166503
False,229378
False,505852
False,577870
False,108353
False,52096
False,428686
False,400552
False,250045
False,50206
False,46316
False,226264
False,262415
False,282450
False,191353
False,552518
False,517139
False,183319
False,283277
False,173464
False,579229
False,206806
False,381122
False,323387
False,58435
False,262549
False,491212
False,526898
False,23539
False,52826
False,238304
False,133196
False,404395
False,539071
False,389410
False,196777
False,33555
False,93272
False,48432
False,462957
True,567494
False,35975
True,569841
False,31217
False,453509
False,406595
False,187432
False,334048
False,302281
False,351749
False,159962
False,314379
False,140114
False,539173
False,515364
False,561907
False,459515
False,256105
False,67623
False,95410
False,545898
False,488726
False,187249
False,354734
False,300472
False,94951
False,481355
False,472581
True,200550
False,432333
False,279189
False,228380
False,120767
False,151877
True,195768
False,133161
False,405451
False,107304
False,377914
False,397467
False,164036
False,94564
False,342583
False,298252
False,48867
False,379649
False,148392
False,335581
False,210099
True,377488
False,72095
False,86108
False,106107
False,452676
False,64816
False,566583
False,460916
False,140155
True,498940
False,58315
False,505633
False,576237
False,387849
False,469336
False,163025
False,182593
False,538073
False,198836
False,438017
False,227487
False,200287
False,72505
False,224407
False,152273
False,246470
False,320314
False,562243
False,196924
False,492524
False,66014
False,560009
False,118344
False,461326
False,321736
False,128649
False,541856
False,473296
False,188514
False,223447
False,204059
True,276638
False,431879
False,177254
False,282994
False,265635
False,128275
False,517945
False,400623
False,541464
False,422300
False,204170
False,24372
False,9999
False,419627
False,222024
False,536433
False,117040
False,569645
False,196584
False,283868
False,477420
False,515765
False,92957
False,322246
False,392684
False,579621
False,292649
False,500650
False,16253
False,49363
False,274684
False,403948
False,214150
False,303847
False,223243
False,527891
False,474206
False,535777
False,442451
False,512757
False,222260
True,445263
False,201308
False,467966
False,466565
False,219735
False,369920
False,75612
True,60415
False,115763
True,195974
False,547594
False,453682
False,548336
False,229531
False,170398
False,343383
False,134169
True,249537
False,562875
False,377059
False,144161
False,88449
False,427975
False,286523
False,125286
False,471409
False,197401
False,330084
False,512375
False,196518
False,166592
False,251639
False,196018
False,8211
False,471375
True,320670
False,77380
False,217297
False,564332
False,358088
False,552974
False,265382
False,356787
False,453225
False,302756
True,211071
False,367552
False,569505
False,572671
False,101115
False,205955
False,164183
False,46170
False,186828
False,199438
False,416279
False,533550
False,482789
False,189148
False,205432
False,362744
False,98279
False,89589
False,28253
False,572478
False,564836
False,5328
False,335954
False,504980
False,331229
True,314708
False,9286
False,228989
False,528049
False,401458
False,459137
False,424658
False,290595
False,221820
False,129474
False,438769
False,34961
False,455945
False,419604
False,240662
False,321223
False,30796
False,365305
False,8345
False,37479
False,162579
False,153204
False,15050
False,56332
False,157926
False,159135
False,541385
False,101571
False,417455
False,231056
False,496411
False,336862
False,305713
False,182696
False,53990
False,21343
False,365542
False,40100
False,380959
False,580777
False,135041
False,234612
True,540459
False,195951
False,371873
False,494620
False,330451
False,361197
False,32656
False,297154
False,563779
False,423425
False,344672
False,301730
False,115260
False,494622
False,278988
False,134562
False,162362
False,223516
False,518179
False,324303
False,215884
False,215024
False,68025
False,337533
False,251937
False,66706
False,442915
False,361601
False,411751
False,540370
True,476827
False,327998
False,53344
True,353835
False,112011
False,367011
False,546581
False,297604
False,33835
False,274074
False,103366
False,436611
False,346472
False,192502
False,506149
False,387421
False,124940
False,317891
False,135332
False,438744
False,7567
False,262283
False,117781
False,367449
False,513440
True,244132
False,100306
False,287235
False,544471
False,156985
False,202423
False,220270
False,18073
False,211909
False,575502
False,451392
False,204700
False,484289
False,578951
False,161914
False,243610
False,168758
False,562149
False,218205
False,80834
False,475779
False,485440
False,499760
False,140667
False,477202
False,406509
False,421105
False,336166
False,131747
False,18485
False,254604
False,440562
False,365928
False,16439
False,342294
False,106048
False,83632
False,564796
False,323147
False,457147
False,549426
False,543413
False,143530
False,187007
False,129135
False,336465
False,338670
False,276749
False,581204
False,350974
False,528006
False,161510
False,551998
False,487612
False,502665
False,153585
False,538817
False,58632
False,276386
False,8457
False,241350
False,135420
False,452027
False,560047
False,450914
True,382527
False,675
False,321651
False,286190
False,547003
False,359143
False,165527
False,511706
False,116155
False,362811
False,187795
False,458616
False,339711
True,12991
False,201069
False,490541
False,188460
False,81474
False,490415
False,184669
False,213282
False,376407
True,14041
False,331824
True,215291
False,87334
False,344043
False,356110
False,310670
False,228525
False,58640
False,336075
False,475482
False,90277
False,54868
False,473040
False,320533
False,109409
False,185158
True,234088
False,467646
False,239037
False,227663
False,422725
False,197420
False,171381
False,310878
False,80609
False,546333
False,540538
False,205861
False,147331
False,326700
False,271604
False,377055
False,468357
False,27063
False,381247
False,190382
False,416489
False,142726
False,120181
False,357254
False,83987
False,72883
False,250777
False,11373
False,185577
False,389933
False,139734
False,45195
False,466585
False,290524
True,547726
False,344456
False,443749
False,475902
False,79354
False,225533
False,24296
False,151307
False,210537
False,480000
False,32183
False,333378
False,361930
False,47687
False,428248
False,192671
False,418696
False,140963
False,41588
False,498532
False,333575
False,525380
True,69188
False,426795
False,242286
False,428985
False,392387
False,115569
False,44604
False,574010
False,57523
False,486718
False,327178
False,409102
False,367608
False,138785
False,265453
False,224178
False,115632
False,245683
False,29711
True,76245
False,344729
False,428035
False,466910
False,33441
False,346890
False,240862
False,351589
False,246879
False,329375
False,365437
False,298878
False,477542
False,223300
False,478809
False,186608
False,191740
False,367020
False,486164
False,58465
False,241677
False,42893
False,410301
False,292662
False,580781
False,297562
False,351428
False,21095
True,279197
False,217957
False,25376
False,334208
False,538693
False,132982
False,26029
True,372795
False,433021
False,511485
True,538741
False,519657
False,305270
False,479245
False,541478
False,353671
False,141343
False,538544
False,562160
False,524377
False,112734
False,409111
False,438462
False,379869
False,577811
False,505728
False,135806
False,510342
False,560018
False,115226
False,503061
False,299492
False,475723
False,302147
False,223650
True,559315
False,562347
False,50753
False,548020
False,423209
False,305685
False,281583
False,362367
False,265915
False,316657
False,391678
True,500946
False,288853
False,3156
False,358770
False,390671
False,149923
False,211206
False,365918
False,66005
False,453586
False,14820
False,503957
False,320731
True,540205
False,140426
False,460251
True,227250
False,162861
False,102671
False,458856
False,547345
False,436370
False,22726
False,99875
False,536570
False,206473
False,176435
False,471946
False,503424
False,205300
False,214254
False,301971
False,97180
False,351382
False,308872
False,291596
False,39000
False,387470
False,140724
True,45388
False,562916
False,318044
False,187855
False,193023
False,416972
False,43190
False,540270
False,11449
False,537441
False,422779
False,403521
False,390125
False,58245
False,180220
False,437911
False,516233
False,323010
False,300620
False,555739
False,340308
False,160243
True,132836
False,371054
False,288733
False,574147
False,331278
False,164343
False,190014
False,101548
False,133294
False,340701
False,405660
False,289333
False,32101
False,500561
False,265745
False,389969
False,557045
False,283650
False,295931
False,86429
False,246728
False,329641
False,447209
False,431526
False,79701
False,443718
False,544250
False,383293
False,456719
False,279479
False,125184
True,456863
False,99803
False,437118
False,395281
False,278029
False,522021
False,12182
False,553547
False,359567
False,432171
True,384269
False,150931
False,324598
False,437701
False,345168
False,529409
False,351091
False,555013
False,337536
False,115635
False,399416
False,368855
True,107843
False,383641
False,429887
False,232550
False,419711
False,576533
False,576040
False,253970
False,339681
False,206475
False,264353
False,403677
False,160652
False,3521
False,475923
False,128522
False,504873
False,430940
False,304716
False,221234
False,292258
False,25457
False,484884
False,376490
False,484814
False,490312
False,9045
False,195124
False,122936
False,1025
False,91055
False,219327
False,212643
False,275374
False,503906
False,252639
False,244967
False,461993
False,203248
False,188416
True,341113
False,143064
False,580698
False,222726
False,404461
False,247130
False,19184
False,370892
False,375897
False,228172
False,145179
False,99191
False,321314
False,289895
False,68005
False,294744
False,82697
False,495533
False,266434
False,195685
False,96006
False,445592
False,235352
False,194756
False,526968
False,457703
False,200103
False,15559
False,433763
False,212453
False,268052
True,246924
False,457725
False,303778
True,441462
False,360736
False,320482
False,440043
False,566314
False,490556
False,355270
False,100020
False,472390
False,46230
False,38798
False,2560
False,178966
False,382617
True,206912
False,50443
False,554815
True,143478
False,165990
False,334772
False,2372
False,444086
False,445167
False,164772
False,187169
False,241948
False,487418
False,379158
False,539808
False,4266
False,402057
False,553192
False,120827
False,215878
False,228121
False,4289
True,53490
False,306663
False,448633
False,334742
False,263599
False,503822
False,178048
False,491255
False,5802
False,471039
False,310552
False,121215
False,149422
False,8813
False,89598
False,557643
False,267647
False,380189
False,100647
False,200324
False,284667
False,16314
False,125586
False,558348
False,99039
False,59693
False,523199
False,15073
False,573291
False,343737
False,296201
False,405248
False,3134
False,543422
False,176461
False,510534
False,375670
False,140390
False,562856
False,49740
False,455799
False,276542
False,458365
False,396845
False,35717
False,83328
False,505157
False,496410
False,68237
False,357432
False,242145
False,435902
False,390552
True,556216
False,347675
False,46656
False,261071
False,222893
False,255018
False,162275
False,365766
True,117690
False,542718
False,172171
True,333615
False,364815
True,344157
False,397742
False,202040
False,178018
True,399885
False,52951
False,428995
False,489861
False,245132
False,452566
False,512182
False,515815
False,19158
False,279831
False,27108
False,301373
False,459176
False,196851
False,251075
False,53064
False,239323
False,561910
False,385313
False,570543
False,549182
False,217584
False,491319
False,143931
False,573501
False,416184
True,90678
True,464752
False,537761
False,314193
False,56667
False,223468
False,119909
False,251557
False,458629
False,190882
False,352007
False,35963
False,60347
False,74544
False,271820
False,393664
False,442666
False,161843
True,105623
False,313420
False,282097
False,330676
False,445048
False,162712
False,507789
False,100244
False,485891
False,133994
False,97182
False,325524
False,480489
False,262239
False,317162
False,177811
False,12240
False,224020
False,484336
False,102667
False,136021
False,233224
False,139168
False,211527
False,576187
False,376819
False,458141
False,511218
True,447464
False,250533
False,12795
False,389698
False,82947
True,272110
False,85564
False,90985
False,36653
False,338452
False,210702
False,99983
False,445960
False,524651
False,502866
False,137706
True,59202
False,483401
False,443969
False,36836
False,402334
False,254130
False,128858
False,300990
False,209864
False,416308
False,345882
False,339094
False,503255
False,96535
False,78457
False,323182
False,414723
False,97767
False,63661
False,167854
False,42147
False,62547
False,14337
False,518010
False,365353
False,243330
False,413839
False,165562
False,399984
True,210915
False,471352
False,281296
False,540
True,401307
False,314616
False,464859
False,127865
False,440004
True,346399
False,96566
True,419369
False,291582
False,75455
False,474680
False,228133
False,517115
False,437093
False,66628
False,208994
False,531515
False,357790
False,206107
False,447932
False,191197
False,385864
False,312344
False,167490
False,247407
False,440284
False,342639
False,159427
False,426824
False,310058
False,416451
False,575916
False,188599
False,434070
False,342885
False,477566
False,340129
False,17715
False,197300
False,283835
False,532124
False,156630
False,507318
False,528047
False,486503
False,112770
False,568947
False,575405
False,531964
False,559516
False,303392
False,191301
False,30196
False,13235
False,502438
False,568597
False,125725
False,476321
False,307993
False,145025
False,116226
False,240196
False,424800
False,550019
False,321804
False,284688
False,189915
False,372212
False,330883
False,514451
False,64342
False,466835
False,340754
False,4903
False,263223
True,477259
False,416948
False,529310
False,398083
False,306467
False,136097
False,272736
False,354059
False,306456
False,473681
False,334958
False,501059
True,194045
False,535164
False,342589
False,384034
False,24516
False,553678
False,46512
False,165571
False,145409
False,113619
False,151334
False,194669
False,188181
False,485595
True,6460
False,442557
False,475774
False,472509
False,28127
False,78572
False,143563
False,67241
False,96111
False,134271
False,243384
False,397109
False,395040
False,332736
True,467612
False,432752
False,346795
False,88414
False,28367
False,12120
False,114239
False,553731
True,435377
False,158887
False,438737
False,212671
False,491914
False,66817
False,26152
False,453582
False,347217
False,10405
False,275754
False,94590
False,453523
False,494780
False,38370
False,12461
False,141857
True,146123
False,347335
False,183327
False,231315
False,68996
False,296897
False,448509
False,196009
False,481550
False,526371
False,390447
False,104313
False,206416
False,531541
False,168690
False,56580
False,546203
False,457824
False,359778
False,333024
False,139157
False,89425
False,561578
False,311025
False,394756
False,492465
False,415629
False,137892
False,61174
False,425077
False,580257
False,455565
False,428305
False,434208
False,279443
False,423513
False,474461
True,570781
False,131967
False,297692
False,313694
False,14888
False,490570
False,251569
False,412826
True,467800
False,353562
False,208849
False,96638
False,301251
True,542343
False,303365
False,308100
False,399516
False,105998
False,171351
False,71964
False,26421
False,436647
False,581717
False,5785
False,114748
False,228914
False,567523
False,509292
False,154556
False,528555
False,239241
False,353948
False,221478
False,20460
False,570736
False,490612
False,498081
False,297730
False,502818
False,204777
False,203107
False,318566
False,13714
False,307871
False,27764
False,30565
False,281500
False,183390
False,463330
False,186145
False,430338
False,402609
False,96854
False,410531
False,221725
False,580296
False,102149
True,290415
False,199021
False,161597
False,143933
False,439630
False,379732
False,98405
True,511929
True,147681
False,171435
True,245182
False,1089
False,354185
False,425041
False,151558
False,142262
False,10766
False,157539
False,433279
False,578770
False,394532
False,424984
False,481753
False,316423
False,122667
False,462329
False,440434
False,577964
False,514241
False,280484
False,139815
False,348854
False,379470
False,517696
False,553346
False,293570
False,412011
False,301147
False,557848
False,160671
False,217302
False,288607
False,48993
False,148263
False,184276
False,514697
False,7201
False,268659
False,394208
False,180042
False,243038
False,278097
False,92781
False,204806
False,115518
False,127710
False,458510
False,26617
False,562207
False,226528
False,423243
False,262727
False,39597
False,401969
False,65831
False,265553
False,462327
False,520
False,178031
False,213273
False,477179
False,129361
False,461507
False,419224
False,416103
False,61524
False,229947
False,207557
False,166236
False,503674
False,402113
False,551921
False,470553
False,323334
False,464033
False,486807
False,205362
False,556145
False,279605
False,312050
False,397192
False,318385
False,234277
False,46152
False,474439
False,166506
False,237764
False,413956
False,427997
False,98703
False,368852
False,161836
False,272136
False,221771
False,209480
False,492020
False,307238
False,178072
False,362690
False,542974
False,442214
False,46298
False,8373
False,304815
False,211844
False,552302
False,455912
False,343424
False,444156
False,418085
False,317147
False,310150
False,30356
False,173987
False,39398
False,412364
False,362419
False,99628
True,301247
False,211116
False,372343
False,334007
False,450686
False,64309
False,226527
False,334736
False,76179
False,182005
False,241959
True,494195
False,68812
False,567224
False,491229
False,556666
False,87865
False,17769
False,415608
False,407593
True,578345
False,277717
False,125859
False,225393
False,157300
False,246927
True,563964
False,119333
False,5028
False,47700
False,414552
False,163563
False,574928
False,204458
False,32562
False,191390
False,293763
False,321679
False,92016
False,486159
False,358451
False,505592
False,286382
False,487009
False,394729
False,498557
False,406292
False,218587
False,464181
False,59949
False,418982
False,252502
False,94436
False,45840
False,442962
False,525988
False,122017
False,481567
False,295106
False,234296
False,552089
False,385674
True,70733
False,440104
False,331223
True,327417
False,325786
False,105671
False,505642
False,178572
False,166403
False,458339
False,319221
False,239461
False,106772
False,134238
False,514254
False,60828
False,318455
False,75234
False,313082
False,185888
False,225113
False,109819
False,487796
False,52290
False,153604
False,54563
False,168698
False,334362
False,370157
False,547440
False,443964
False,82508
False,176634
False,98808
False,256533
False,568369
False,246532
False,47667
False,154346
False,93649
False,540860
False,446422
False,63602
False,452220
False,538478
False,354868
True,462114
False,262683
False,322791
False,65400
False,229603
False,233104
False,53464
False,455219
False,185479
False,116370
False,230272
False,113672
True,414661
False,507975
False,95833
False,407097
False,320964
False,453601
False,428898
False,225313
True,517113
False,487825
False,563592
False,168121
False,25515
False,557339
False,82745
False,65888
False,410574
False,542475
False,245642
False,321215
False,499730
False,68125
False,314627
False,477143
False,126973
False,411554
False,184547
False,242202
False,20384
False,466484
False,271183
False,3535
False,543112
False,134893
False,337420
False,120329
True,505650
False,526794
False,427348
False,72872
False,275046
False,170809
False,333580
False,471871
True,280913
False,199919
False,323868
False,271282
False,183692
False,297323
False,114274
False,212054
False,123664
True,559145
False,182474
False,486030
False,442165
False,377235
False,64718
False,330954
False,85482
False,347235
False,562504
False,297166
False,566234
False,461027
False,533686
False,310879
False,188515
False,483806
False,472495
False,519112
False,534318
False,7570
False,431185
False,154111
False,365618
False,530653
False,76994
False,443136
False,181939
False,78684
False,111165
False,581362
False,549220
False,93269
False,99247
False,176000
False,513283
False,301747
False,399227
False,344013
False,72020
False,209229
False,484279
False,372511
False,16297
False,246336
False,516595
False,425433
False,120875
False,269600
False,215070
False,530730
False,297607
False,117417
False,347995
False,339974
False,411695
False,553233
True,68628
False,560613
False,231093
False,247744
False,488295
False,32673
True,332261
False,357700
False,453889
False,389280
False,97270
False,337527
False,75932
False,82530
False,189290
False,55937
False,461870
False,109509
False,462517
False,205729
False,122839
False,227451
False,502963
False,367171
False,212229
False,172922
False,30828
False,19432
False,288982
True,304834
False,66011
False,393907
False,173932
False,492489
False,547509
False,485680
False,42408
False,429059
False,248402
False,130970
False,386066
False,373866
False,182821
False,60988
False,526172
False,316014
False,162693
False,117349
False,114790
False,205590
True,6026
False,534578
False,427203
False,206397
False,505163
True,221132
False,39301
True,499027
False,249357
False,546739
False,544639
False,162283
False,402199
False,146849
False,540735
False,220430
False,282032
False,67419
False,335383
False,224125
False,454399
False,203257
False,530146
False,369179
False,270001
False,30148
False,541282
False,81714
False,97579
False,4694
False,96615
False,92186
False,509339
False,43773
False,567145
False,363927
False,508251
False,176213
False,486084
False,223315
False,164153
False,55973
False,541279
False,354532
False,508343
False,344040
False,12923
False,166508
True,298139
False,555669
False,421734
False,450832
False,577213
False,116078
False,515422
False,532559
False,217103
False,95326
False,491757
False,516008
False,237767
False,60892
False,42563
False,580856
False,400547
False,413078
False,437516
False,489072
False,160142
False,445325
False,173451
False,271495
False,83738
False,366733
False,412752
False,52007
False,480990
False,297512
False,556472
False,134644
False,446
False,335552
False,46372
False,412009
False,204024
False,352654
False,343534
False,96315
True,61838
False,372789
False,407970
False,529208
False,210346
False,139192
False,371672
False,532531
True,205883
False,563424
False,473983
False,412551
False,401766
False,247893
False,51949
False,7855
False,33900
False,465265
False,65029
False,126096
False,376322
False,325600
False,97878
False,342618
False,195650
True,53668
False,476795
False,194419
False,118212
False,555586
False,17984
False,236721
False,191225
False,384465
False,139551
False,371353
False,380280
True,140785
False,118579
False,144193
False,34816
False,541343
True,423091
False,557768
False,63043
False,327191
False,377632
False,432421
True,334529
False,419679
False,386210
False,284885
False,574760
False,385589
False,544556
False,182384
False,231102
False,287197
False,297970
False,237558
False,425254
False,158169
False,60596
False,46889
False,234474
False,200327
False,362796
True,141256
False,184763
False,448256
False,103276
False,5060
False,337219
False,46408
False,233090
False,454601
False,353130
False,538982
False,292125
False,498601
False,565652
False,496578
False,321332
False,304187
False,570085
False,231632
False,123923
False,125377
False,248582
False,385757
False,272955
False,230245
False,143511
False,272961
False,395030
False,469067
False,158676
False,366677
False,9321
False,36048
False,96294
False,26981
False,125703
False,8027
False,346583
False,538985
False,396743
False,501700
False,403746
False,246311
False,485236
False,555627
False,11401
False,525660
False,33372
False,30875
False,104626
False,31376
False,511117
True,430750
False,448448
False,266168
True,415885
False,526473
False,374133
False,418933
False,570209
False,357443
False,423541
False,509509
False,149791
False,535145
False,104906
False,54389
False,251798
False,53731
False,225599
False,144173
False,150053
False,54655
False,241064
False,206596
False,47857
True,85154
False,553201
False,297637
False,65612
False,75682
False,394444
False,356314
False,218196
False,9119
False,400968
False,195911
False,641
False,192320
False,29776
False,550066
False,485306
False,56837
False,10655
False,246759
False,377208
False,238302
False,165029
True,120655
False,269306
False,35741
False,433305
False,451389
False,265433
False,180964
False,180386
False,238428
False,355413
False,129715
False,516628
False,216457
False,410320
False,91005
False,127750
False,548550
False,142191
False,135978
False,333749
False,208954
False,489025
False,510334
False,24287
False,476552
False,438154
False,16114
False,63495
False,380191
False,559267
False,102989
False,143132
False,91288
False,427178
False,464951
False,420066
False,493438
False,279159
False,579883
False,132015
False,177938
False,515512
False,576011
False,89922
False,117531
False,413382
False,404024
False,367260
False,566765
False,162171
False,374924
False,132385
False,360132
False,429902
False,397327
False,443527
False,528929
False,209044
False,40359
False,183266
False,281505
False,4080
False,507551
False,451211
False,357602
False,53802
False,455767
False,103386
False,158254
False,60792
False,229837
False,131731
False,26294
False,7048
False,148761
False,482858
False,241082
False,101636
False,289791
False,277778
False,148655
False,138220
False,13397
False,457335
False,38488
False,234839
False,61207
True,272153
False,42366
False,274203
False,423638
False,462505
False,347926
False,308785
False,571839
False,329477
True,25812
False,322082
False,197068
False,272335
False,495376
False,44279
False,324692
False,555390
True,279259
False,545145
False,236290
False,247720
False,499423
False,355387
False,85035
False,103516
False,73997
False,546325
False,476060
False,330432
False,126972
False,50256
False,236874
False,366955
False,167062
False,22696
False,450493
False,369283
False,543631
True,441576
False,560355
False,345998
False,205258
False,404783
True,164603
False,290192
False,229456
False,185486
False,13879
False,314398
False,326937
False,451761
False,101588
False,421643
False,224592
False,516916
True,150361
False,246442
False,228920
False,529800
False,468846
False,342702
False,287289
False,477112
False,117418
False,93262
False,170613
True,3995
False,232148
False,471935
False,99626
False,567989
False,182257
False,156776
False,572171
False,514321
False,344794
False,344181
False,471711
False,110573
False,36953
False,78843
False,77074
False,141741
True,410496
False,356648
False,341041
False,1907
False,79469
False,216386
False,62048
False,469445
False,578169
False,159220
False,577083
False,485526
False,427895
False,557907
False,255795
False,151163
False,395775
False,514318
False,324866
False,536317
False,502470
False,17553
False,183882
False,158702
False,346412
False,320292
False,487861
False,64425
True,557323
False,157342
False,301574
False,536127
False,421596
True,151330
False,133086
False,542304
False,273147
False,401221
True,94046
False,419001
False,567603
False,80646
False,166141
False,274089
False,343596
False,470026
False,270269
False,230291
False,224759
False,575675
False,11122
False,416193
False,491279
False,318187
False,220089
False,355622
False,537774
False,447197
False,24023
False,145113
False,316155
False,36508
False,280007
False,214821
False,29962
False,162435
False,853
False,88663
False,568076
False,559073
False,182799
False,476191
False,37771
False,508015
True,246846
False,427918
False,336406
False,112252
False,87901
False,454154
False,57878
False,441379
False,579666
False,30693
False,535464
False,115639
False,457100
False,73172
False,159100
False,29994
False,186927
False,168129
False,72899
False,375765
False,243116
False,561666
False,490491
False,232094
False,219750
False,135914
False,70048
False,191744
False,53916
False,358525
False,335085
False,429407
False,77429
False,405283
False,224396
False,378344
False,398938
False,112801
False,153008
False,324584
False,244124
False,71927
False,457205
False,533384
False,36718
False,384952
False,277449
False,2567
False,321673
False,9677
False,44780
False,101602
False,100667
False,123867
False,19642
False,294495
False,187495
False,147030
False,198406
False,260261
False,506945
False,208727
False,96435
False,508870
False,495947
False,76028
False,294297
False,81296
False,136145
False,554152
False,339248
False,246453
False,20030
False,4108
False,75548
False,569718
False,371280
False,559440
False,543218
False,525709
False,285450
False,36091
False,325310
False,115374
False,112805
False,509185
False,484180
False,15693
False,557762
True,321258
False,480012
False,311286
False,233877
False,192576
False,570457
False,427384
False,477852
False,388528
False,91650
False,216029
True,60080
False,420620
False,116872
False,55532
False,346754
False,202463
False,415935
False,214450
False,483803
False,244928
False,103737
False,455476
False,566341
False,85400
False,119550
True,384449
False,129592
False,473448
False,137830
False,216681
False,281052
True,419349
False,275371
False,147422
False,121441
False,361139
False,380528
False,292296
False,207549
False,200838
False,40685
False,113309
False,174354
False,429443
False,168146
False,147333
False,485871
False,534519
False,124926
False,163250
False,440811
False,292480
False,458596
False,339886
False,123901
False,96084
False,312694
False,379987
False,8218
False,439715
False,118546
False,467194
False,82255
False,400410
False,98501
False,56566
False,365003
False,420446
False,345869
False,8350
False,232231
False,454830
False,474434
False,1625
True,124013
False,433657
True,447558
False,199131
False,472108
False,162559
False,14004
False,483484
False,193369
True,417700
False,123351
False,39914
False,26247
False,384723
False,113077
False,300047
False,548939
False,303436
False,513434
False,122964
False,238584
False,232401
False,231393
False,201271
False,271171
False,349363
False,489461
False,95809
False,564198
True,589
False,465294
False,401935
False,229014
False,68546
False,390826
False,567171
True,79031
False,275835
False,248270
False,105310
False,223434
False,92648
False,56562
False,32093
False,542527
False,298906
False,103558
False,165713
False,161312
False,177349
False,47172
False,337365
False,60769
False,433806
False,434858
False,378673
False,55690
False,52005
False,517232
False,125814
False,317781
False,286760
False,373613
False,356237
False,578332
False,489263
False,315178
False,377652
True,548561
False,103931
False,526186
False,99363
False,337338
False,427091
True,219525
False,114162
False,281718
False,354095
False,366695
