v_coco_id,coco_Id
False,412922
False,195798
False,396768
False,242926
False,454195
False,64948
False,127035
False,171613
False,381208
False,551575
False,31867
False,54262
False,318157
False,391460
False,366873
False,580649
False,501841
False,506220
False,18833
False,14282
False,486506
False,224802
False,182706
False,228832
False,254082
False,121559
False,576667
False,89616
False,161062
False,460533
False,333323
False,357238
False,369637
False,280220
False,72733
False,408965
False,517049
False,95757
False,527098
False,356445
False,34143
False,26356
False,220045
False,24294
False,98480
False,544968
False,265108
False,44494
False,44820
False,42919
False,183379
False,570516
True,574343
False,435326
False,440792
False,268114
False,200764
False,94651
False,581921
False,420410
False,177163
False,386623
False,171472
False,227683
False,80480
False,379561
False,333920
False,557313
False,424472
False,116356
False,264124
False,208898
False,566060
False,425472
False,64760
False,259382
False,6287
False,383807
False,101145
False,522574
False,208250
False,26263
False,274494
False,53404
False,474984
False,533955
True,466838
False,194555
False,462565
False,455275
False,230851
True,571950
True,515854
False,463591
False,315243
False,254632
False,112394
False,205940
False,414849
False,134322
False,581601
False,434602
False,483771
False,31324
False,178131
False,217312
True,551631
False,41094
False,374430
True,550237
False,213113
False,93519
False,478736
False,376426
False,471589
False,206927
False,10710
False,568417
False,285192
False,340941
False,507642
False,275161
False,520471
True,328238
False,333652
False,278573
False,114077
False,29647
False,524559
False,404592
False,426948
False,336492
True,107430
False,425536
False,62357
False,203680
False,404701
False,173561
False,193110
False,215763
False,438348
False,307352
False,43251
False,41831
False,211294
False,194054
False,575432
False,157219
False,311469
False,161856
False,302982
False,249856
False,109869
False,444415
False,481313
False,114420
False,153655
False,538822
False,226300
False,125109
False,473468
False,105642
False,156624
False,89908
False,214252
True,544237
False,335063
False,244088
False,462026
False,167564
False,242096
False,542817
False,489276
False,279024
False,20171
False,443519
False,82790
False,133275
False,199888
False,476339
False,317873
False,136836
False,503249
False,421534
False,84735
False,168803
False,566536
False,494771
False,111004
False,177280
False,264537
False,246609
True,281008
False,136668
False,75309
False,166805
False,163192
False,83815
False,290896
False,465467
False,63270
False,210090
False,152663
False,498241
False,245426
True,548288
False,570503
False,36204
False,135965
False,270278
False,542930
False,74533
False,413312
False,284176
False,297440
False,286787
False,246089
False,155388
False,355677
False,133648
False,166482
False,580813
False,476481
False,498392
False,531392
False,37779
False,44612
False,248457
False,424842
False,87503
False,332574
False,501263
False,429803
False,548905
False,540988
False,93923
True,553100
False,287219
False,185773
False,273250
False,40910
False,340386
False,532358
False,343559
False,81461
False,468632
False,577398
True,220457
False,562870
False,469197
False,41606
False,474785
False,470588
False,251292
False,453313
False,345229
False,388569
False,27701
False,238757
False,74126
False,31536
False,430380
False,317863
False,520301
False,467062
False,21740
False,416544
False,32688
False,391754
False,13473
False,126638
False,120259
False,158993
False,528761
False,398442
False,297802
False,270650
False,367121
False,513809
False,456251
False,74743
False,397890
False,138164
False,306191
False,397903
False,128029
False,383414
False,537812
False,182379
False,383777
False,359268
False,299563
False,245729
False,505539
False,193442
False,1591
False,340208
False,70827
False,339489
False,573330
False,184813
False,122266
False,149221
False,577975
False,37830
False,190211
False,560571
False,7393
False,44937
False,557174
False,283426
False,217216
False,8483
False,337479
False,138119
False,551285
False,422367
False,271949
False,327186
False,197792
False,545447
False,468825
False,476282
False,105027
False,61735
False,138200
False,159525
False,276413
False,255904
False,137203
False,62477
False,300207
False,340316
False,3711
False,361567
False,293393
False,211919
False,205352
False,267699
False,554301
False,177404
False,424485
False,195606
False,361895
False,249325
False,280254
False,462955
False,500077
False,24939
False,125091
False,196483
False,569878
False,304758
False,137378
False,342011
False,49646
False,109515
False,573337
True,8771
False,490851
False,324927
False,482989
False,514563
False,544522
False,333830
False,61316
False,417726
False,269634
False,373970
False,398580
False,138347
False,545924
False,5502
False,100855
False,371997
False,462576
False,427165
False,142276
False,359840
False,442786
False,251084
False,489585
False,445192
False,275900
False,282252
False,313888
False,84643
False,356921
False,399661
False,275429
False,548218
False,496554
False,93965
False,203545
False,571678
False,466942
False,49683
False,488500
False,51642
False,460408
False,84701
False,69350
False,27298
False,565165
False,447146
False,37958
False,450747
False,218965
False,502982
False,357696
False,115378
False,122776
False,95749
False,323819
False,162007
False,492627
False,16546
False,105975
False,148730
True,511127
False,279415
False,270918
False,228464
False,189015
False,370765
False,568647
False,400763
False,479075
False,550421
False,361244
False,55419
False,57300
False,303247
False,375426
False,236772
False,467325
False,528269
False,65948
False,330410
False,41200
False,483677
False,232287
False,422115
False,476913
False,186544
False,550009
False,67768
False,145191
False,527961
False,506890
False,467285
False,470462
False,217068
False,264244
True,80521
False,192247
False,289899
True,247692
False,409211
False,496151
False,575219
True,101989
False,129980
False,210416
False,574218
False,34193
False,166244
False,110011
False,330292
False,203616
False,506439
False,559816
False,319908
False,138315
False,561121
False,233383
False,444203
False,85173
False,268728
False,526622
True,80180
False,46260
True,274209
False,350940
False,335039
False,528341
False,466772
False,275532
False,564705
False,146202
False,515289
False,128172
False,123125
False,452341
True,552186
False,265052
False,387736
False,366802
False,403378
False,400596
True,515785
False,445135
False,339227
False,480818
False,24045
False,15070
False,528960
False,26086
False,475881
True,500167
False,57903
False,170529
False,435841
False,442542
False,450761
False,355236
False,581008
False,446931
False,188454
False,424102
False,79274
False,557886
False,417234
False,119805
False,570392
False,445408
False,366240
False,432160
False,375811
False,517005
False,132386
False,389472
False,194620
False,74390
False,306395
False,288316
False,285499
False,244235
False,385326
False,160290
False,509497
False,187262
False,532983
False,144760
False,549301
False,131400
False,530875
False,94600
False,161546
False,469934
False,66510
False,447714
False,80194
False,347216
False,560186
False,92526
False,259040
False,476967
False,130074
False,43601
False,376434
False,504211
False,121633
False,433286
False,233140
False,576743
False,422284
False,87871
False,33842
False,20255
False,144832
False,5085
False,537041
False,550173
False,6230
False,152070
False,153973
False,35976
False,284296
False,341957
False,423488
True,113041
False,753
False,306636
False,573151
False,559225
True,198761
False,213830
False,95133
False,351126
False,481425
False,67347
False,115637
False,62324
False,330862
False,30960
False,79345
False,1059
False,35670
False,164555
False,242510
False,294875
False,271416
False,377576
False,565834
False,146504
True,509459
False,551571
True,151826
False,201916
False,255886
False,215278
False,467762
False,303879
False,572543
False,550482
False,489763
False,474353
False,255554
False,453341
False,234986
False,163240
False,548331
False,539879
False,360205
False,473215
False,83556
False,225869
False,409438
False,299649
False,457825
False,415277
False,448613
False,411969
False,340559
False,18464
False,112887
False,292845
False,573431
False,572276
True,372654
False,195203
False,224056
False,482160
False,333152
False,7894
False,114776
False,272049
False,58753
False,80782
False,398271
False,103379
False,78266
False,437354
True,458932
False,457572
False,372427
False,505625
False,397004
False,208408
False,512836
False,534128
False,181488
False,8095
False,429174
False,76518
False,281330
False,251985
False,67558
False,31437
False,166142
False,280808
False,273337
False,105844
False,405327
False,274130
False,560037
False,31822
False,445099
False,61588
False,200796
False,369367
False,400581
False,126054
False,223031
False,379035
False,322008
False,98772
False,362951
False,130681
False,121454
False,464081
False,373511
False,443652
False,426073
False,450599
False,553221
False,280764
False,23019
False,485123
False,487720
False,536509
False,329105
False,123480
True,175611
False,378373
True,181837
False,172993
False,317527
False,437951
False,8944
False,474827
False,359081
False,92218
False,554699
False,62151
False,306222
False,175943
False,502540
False,57005
False,201352
False,421131
True,10023
False,246456
False,395083
False,494453
False,2374
False,451353
False,225730
False,436901
True,551820
False,412545
False,122419
False,50811
False,126974
False,454878
False,282150
False,78555
False,268987
False,161354
False,408492
False,567801
False,53842
False,581518
False,443870
False,20903
False,270185
False,234533
False,240832
False,88835
False,413533
True,404766
False,232357
False,533231
False,121649
False,456768
False,65198
False,58304
False,126907
False,322894
False,493843
False,441445
False,298893
False,549427
False,74714
False,349647
True,574034
False,193046
True,213146
False,162963
False,101686
False,543838
False,349489
False,376381
False,129113
False,62706
False,488234
False,444132
False,135907
False,528184
False,423986
False,83176
False,162182
False,279810
False,167553
False,173125
False,189163
False,482036
False,191681
False,248229
True,334665
False,138007
False,439650
False,229302
False,495557
False,168609
False,329263
True,262487
False,283600
True,281498
False,430867
False,213364
False,222086
False,298956
False,463610
False,494498
False,7276
False,109921
False,170968
False,318605
False,283403
False,410667
False,246718
False,110984
False,174866
False,306824
False,47407
False,564657
False,18530
False,466273
False,444448
False,484013
False,440182
False,501867
False,429809
False,91553
False,246322
False,80073
False,193867
False,119469
False,275663
False,574922
False,18401
False,433007
False,475696
False,584
False,246985
False,371608
False,82468
False,18241
False,178492
False,503978
False,156556
False,486112
False,330136
False,505796
False,165169
False,350720
False,177845
False,280347
False,60203
False,399164
False,267402
False,472900
False,128250
False,74828
False,197071
False,172366
False,329254
False,210983
False,96044
False,163020
False,29730
False,217425
False,386755
False,104607
False,365703
False,173801
False,205814
False,138116
False,455614
False,568872
False,213455
False,553573
False,335688
False,539395
False,544402
False,572352
False,395473
False,173350
False,159299
False,355458
False,556356
False,457245
False,146439
False,113880
False,216194
False,327241
False,300383
False,418697
False,400983
False,281602
False,49065
False,15757
False,170485
False,140067
False,145214
False,382951
False,421887
False,475371
False,205668
False,50321
False,72702
False,61562
False,465740
False,219312
False,401313
False,383401
False,573830
False,248640
False,121356
False,551510
False,400133
False,200749
True,492881
False,502084
False,484450
False,44977
False,73774
False,295359
False,527453
False,267035
False,535604
False,374946
False,10321
False,132752
False,527733
False,302588
False,581199
False,16210
False,229318
False,191651
False,210458
False,561677
False,572215
False,456178
False,560366
False,31765
False,371814
False,32664
False,198075
False,212824
False,284772
False,385844
True,20410
False,389249
False,476910
False,497797
False,120811
False,178744
False,23378
False,281475
False,75843
False,321373
False,351298
False,133281
False,392426
False,122314
False,194421
False,554735
True,276265
False,542079
False,78170
False,206412
False,39196
False,105399
False,281652
False,467758
False,512438
True,371854
False,26662
False,317061
False,553669
False,434484
False,385403
False,303723
False,18367
False,222983
False,97974
False,380720
False,292034
False,181759
False,537393
False,310546
False,252074
False,283982
False,111612
False,560054
False,199969
False,279331
False,428381
True,572544
False,289821
False,525371
False,206809
False,497226
False,463620
False,290269
False,150685
False,439784
False,111099
False,429693
False,173096
False,42225
False,267861
False,78729
False,444566
False,382939
False,27002
False,112849
False,539340
False,270388
False,376336
False,204052
False,397303
False,283516
False,91079
False,51335
True,354070
False,396303
False,389011
False,316676
False,280814
False,365168
False,487942
False,148085
False,122117
False,514674
False,453860
False,248104
False,26388
False,388880
True,439402
False,388381
False,284421
False,548565
False,350023
False,389107
False,80651
False,205533
False,33995
False,288263
False,203615
False,20059
False,302527
False,39987
False,167995
False,197118
False,509235
False,382109
False,288340
False,72077
False,412019
False,120155
True,326420
False,8436
False,525891
False,112988
False,330988
False,398540
False,195086
False,74215
True,436
False,324554
False,159440
False,331222
False,446813
False,408307
False,518850
False,159537
False,181643
False,146722
False,358466
False,568041
False,220189
False,544060
False,137300
False,228647
False,456771
False,569249
False,473003
False,267568
False,122983
True,479035
False,119861
False,115741
False,574988
False,45197
False,106563
True,236461
True,335824
False,362352
False,247141
False,364176
False,250136
False,376491
False,61722
False,154011
False,461123
False,14283
False,89894
False,503963
False,126230
False,406543
False,189778
False,535978
False,110841
False,297868
False,508502
False,291861
False,322802
False,433704
False,324037
True,144965
False,417264
False,485934
False,350491
False,2623
False,313148
False,241963
False,402665
False,238502
False,113233
False,93964
False,332031
False,131533
False,116603
False,270325
True,288852
False,91891
False,302193
False,68356
True,217653
False,335999
False,338826
False,322105
False,73639
False,408534
False,526769
False,91935
False,127474
False,205317
True,338501
False,49952
False,179653
False,97580
False,335585
False,158747
False,525012
False,438919
False,104053
False,321437
False,335212
False,351903
False,170654
False,489440
False,344801
False,81593
True,354736
False,363079
False,543407
False,17055
False,151988
False,71283
False,280833
False,229131
True,95676
False,57796
False,212181
False,490016
False,340445
False,251835
False,164600
False,146256
True,424960
True,446093
False,303765
False,286322
False,406908
False,42628
False,162256
False,361193
False,358039
False,434668
False,84852
False,277239
False,496730
False,192759
False,108026
False,494211
True,315025
False,390290
True,227928
False,332221
False,272323
False,59335
True,515513
False,398183
False,101952
False,473044
False,99851
False,131841
False,29342
False,9448
False,215755
False,79111
False,159403
False,94871
False,252208
False,157426
False,96512
False,568469
False,478198
False,553600
False,201073
False,296134
False,8471
False,106788
False,479400
False,404616
False,471312
False,459600
False,129327
False,338007
False,405057
False,414648
False,362722
False,365511
False,250677
False,491337
False,401957
False,456046
False,193327
False,563040
False,19093
True,145335
True,501677
False,447585
False,136718
False,19712
False,272480
False,488201
False,70236
False,374463
False,399294
False,132307
False,453330
False,270818
True,541529
False,263618
False,373089
False,113836
False,249687
False,495969
False,97218
False,496089
False,483553
False,126457
False,549830
False,347233
False,419265
False,170238
False,27394
False,53317
False,114330
False,291560
False,174544
False,222083
False,222195
False,172509
False,388841
False,116064
False,20987
False,534107
False,180662
False,212248
True,625
False,324315
False,28116
False,218853
False,185935
False,80274
False,302443
True,160009
False,116834
False,104015
False,556028
False,187797
False,331613
False,319259
False,30109
False,221661
False,412184
False,6590
False,249983
False,203891
False,73118
False,281887
False,1902
False,54479
False,87227
True,54354
False,517321
False,361153
False,203006
False,415334
False,250243
False,333998
False,339709
False,571105
False,437806
False,493507
False,403472
False,219254
False,499733
False,41186
False,265234
False,157032
False,413472
False,284987
False,269511
False,268745
False,296112
False,254997
False,386257
False,94940
False,363084
False,333654
False,144878
False,128324
False,545016
False,206680
False,402271
False,478306
False,134552
False,167193
False,329268
False,1342
False,403593
False,506034
False,20513
False,155309
False,236148
False,128312
False,171185
False,375409
False,509864
False,37457
False,559113
False,223950
False,397523
False,32819
False,296703
False,176833
False,334938
False,342666
False,371007
False,471339
False,376763
False,425653
False,370914
False,505784
True,205945
False,457017
False,358254
False,290122
False,421876
False,425135
False,70285
False,224670
False,502860
False,226324
False,474224
False,445815
False,398138
False,457861
False,207686
False,464715
True,527899
False,474775
False,85019
False,192080
False,177567
False,172977
False,155617
False,108408
False,227686
False,438373
False,494973
False,366207
False,353276
False,506965
False,492683
False,457683
False,213288
False,581815
False,47949
True,534854
False,534553
False,343524
False,475944
False,417141
False,447043
False,86357
False,370890
False,373768
False,134689
False,17967
False,39484
False,87354
False,578594
False,483065
False,55514
False,283534
False,235687
True,56306
False,394941
False,264870
False,294908
False,211882
False,468771
False,174934
False,223339
False,263685
False,148502
False,575257
False,433428
False,130973
False,544698
False,143847
False,61403
False,24368
False,303744
False,373189
False,506444
False,541374
False,152782
False,60005
False,476415
False,89534
False,96684
False,74537
False,350414
False,300773
False,281508
False,497002
False,1877
False,301591
False,385036
False,10327
False,66711
False,66008
False,561885
False,27191
False,457225
False,32275
False,467760
False,294978
False,580931
False,173071
False,129060
False,549559
False,320763
False,397138
False,408456
False,315488
False,186502
False,351705
False,325384
False,417190
False,418984
False,210108
False,377273
False,238708
False,566357
False,332684
False,147016
True,497365
False,457020
True,125351
False,408386
False,184940
False,210071
False,564043
False,411178
False,357074
False,81811
False,170506
False,525980
False,291290
True,345149
False,269098
False,223682
False,548608
False,531415
False,280187
False,368679
False,535917
False,465323
False,378070
False,59022
False,57284
False,6051
False,26731
False,115676
False,19635
False,277971
False,190172
False,267794
False,173533
False,169166
False,550396
False,542202
False,451680
False,72255
False,297595
False,543254
False,425341
False,139468
False,34869
False,19927
False,255224
False,134811
False,423396
False,338439
False,547318
False,80044
False,188795
False,526359
False,155746
False,186720
False,465066
False,51249
False,144334
False,558678
False,471562
False,565233
False,67686
False,264085
False,148727
False,134946
False,482487
False,540885
False,150370
False,495387
False,331225
False,539820
False,90106
False,210752
False,377635
False,187585
False,497177
False,336185
False,332498
False,240594
False,230708
False,507471
True,474161
False,353133
False,553876
False,109976
False,301326
False,134066
False,167813
False,71223
False,372731
False,187592
False,542248
False,323847
False,447182
False,5314
False,100187
False,517084
False,437300
False,564123
False,463655
False,53058
False,192450
False,390559
False,87387
False,110374
True,173245
False,485452
False,412281
False,536996
False,321542
False,73583
False,505890
False,265135
False,379172
False,109599
False,497438
False,554518
False,34551
False,303321
True,345751
False,193892
False,188078
False,541999
False,495134
False,58553
False,33405
False,56701
False,263276
False,339634
False,9322
True,230554
False,311220
False,454915
False,312735
False,558602
False,476813
False,173073
False,458594
False,405934
False,203729
False,210951
False,434786
False,70421
False,48339
False,560217
False,393852
False,133194
False,513811
False,290836
False,375437
False,59567
False,61288
False,61266
False,177387
False,345870
False,184397
False,287967
False,181260
False,357471
False,115089
False,510781
False,174896
False,350596
False,8267
False,175238
False,165248
False,552589
False,581283
False,538372
False,170327
False,69705
False,433156
False,168053
False,375150
False,420422
False,185520
False,321902
False,425078
False,117036
False,32610
False,411792
False,509948
False,149583
False,22440
False,431967
False,539255
False,53616
False,477150
False,27919
False,121350
False,102858
False,263111
False,148329
False,395324
False,421499
False,452088
False,91371
False,318464
False,103861
False,579337
False,18886
False,193621
False,430251
False,512068
False,416049
False,372460
False,382443
False,449270
False,179180
False,35033
False,57707
False,397760
True,79305
False,352107
True,310278
False,95176
False,488655
False,308098
False,138317
False,293466
True,563302
False,81476
False,404839
False,234230
True,422893
False,536073
False,133503
False,180410
False,569550
False,332448
False,237697
False,484302
False,579184
False,339849
False,7167
False,190406
False,524984
False,308338
False,580822
True,297417
False,475798
False,233142
False,357342
False,57631
False,240867
False,298304
False,507893
True,265586
False,79716
False,340317
False,350251
False,247167
False,132000
True,372577
False,272426
False,464605
False,52435
False,300057
False,155719
False,364806
False,330051
False,401569
False,321706
False,134351
False,507937
False,145479
False,461187
False,292789
False,493853
False,348012
False,267932
True,571799
False,374829
False,384745
True,296033
False,452852
False,122766
True,53774
False,581351
False,163660
False,193105
False,273576
False,145381
False,556624
False,26209
False,40884
True,308095
False,480944
False,271844
False,451511
False,334513
False,170849
False,469265
False,469721
False,297871
False,322734
False,149588
False,36761
False,153692
True,105899
False,75190
False,322255
False,490555
False,182681
True,44687
False,549784
False,203405
False,92066
False,482296
False,134042
False,102654
False,28930
False,427920
False,446084
False,398858
False,224869
True,157806
False,82945
False,237617
False,569142
False,242513
False,65375
False,459589
False,451915
False,47161
False,339462
False,47974
False,335807
False,449313
False,262145
False,224633
False,65969
False,116295
False,72091
False,466042
False,81135
False,320106
False,322724
False,446126
False,265432
False,279608
False,128152
False,405287
False,191854
False,457586
False,99913
False,533682
False,138368
False,227713
False,13160
False,254009
False,329191
False,424110
False,242535
False,204381
False,216223
False,405740
True,282209
False,493902
True,204609
False,32134
False,316622
False,8297
False,206362
False,151885
False,408535
False,359337
True,29431
False,20979
False,47559
False,122998
False,124975
False,178890
False,420713
False,386089
False,229949
False,368096
False,277524
False,178064
False,45491
False,237420
False,9274
False,219842
False,228565
False,488440
False,257674
False,279990
False,93025
False,10743
True,87027
False,157176
False,264733
False,494583
False,158036
False,215584
False,306249
True,413716
False,76768
False,385239
False,237834
False,551418
False,23230
False,485097
False,112793
False,142483
False,554523
False,3219
False,274776
True,563435
False,534419
True,410328
False,343708
False,264396
False,282981
False,49445
False,204787
False,392352
False,370827
False,156126
False,412101
False,407751
False,181756
False,11497
False,83393
False,386683
False,99519
False,9760
False,36557
False,329752
False,400926
False,404684
False,249792
False,295376
True,149903
False,216637
False,430805
False,65035
False,300577
False,280736
False,26208
True,543521
False,313818
False,539449
False,306603
False,364374
True,528563
False,119210
False,174423
False,183401
False,301082
False,366146
True,62877
False,112298
False,308394
False,218312
False,564870
False,336047
False,248005
False,291506
False,364608
False,366396
False,253578
False,2448
False,154306
False,118237
True,451084
False,393553
False,341707
False,116511
False,117743
False,182575
False,237077
False,467469
False,341950
False,239828
False,2235
True,21650
True,538414
False,253477
False,112395
False,463467
False,174712
False,572474
False,555473
False,154207
False,222227
False,426930
False,12238
False,248610
False,119993
False,550812
False,542559
True,577190
False,37104
False,291206
False,334675
False,85143
False,37743
False,71603
False,15472
False,305254
False,269566
False,54696
False,19087
False,201969
False,288528
False,268071
False,376564
False,371955
False,386080
False,275020
False,51620
False,192296
False,515508
False,367929
False,241026
False,304627
False,221533
False,93904
False,80067
False,425388
False,514006
False,458631
False,104502
False,557920
True,499845
False,28385
False,402378
False,380885
False,384333
False,151414
False,100599
False,187334
False,36745
False,90827
False,513793
False,285649
False,510035
False,113449
False,227307
False,562338
False,12860
False,289575
False,460666
False,121530
False,494887
False,203937
False,546147
False,77432
False,389775
False,219778
False,27030
False,562433
False,515445
False,405632
False,190898
True,444280
False,328836
False,207670
False,117389
False,51990
False,555476
False,221509
False,359141
False,480313
False,72235
False,20421
False,206218
False,448771
False,554507
True,298199
False,134231
False,63565
False,414638
False,495790
False,417465
False,177959
False,384554
False,17935
False,392841
False,534044
True,491732
False,196156
False,416841
False,525567
False,48376
False,250939
False,245377
False,549201
False,264804
False,135316
False,435523
False,170393
False,419586
False,231280
False,66785
False,411109
False,75352
False,547367
False,160181
False,361124
True,26132
False,428726
False,297779
False,279661
True,551922
False,225923
False,363136
False,401826
False,458903
False,168607
False,478979
False,318231
False,323970
False,212920
False,276664
False,20434
False,389016
False,143269
False,155482
False,91009
False,25533
False,18940
False,37548
False,439939
False,81365
False,397908
False,10484
False,201907
False,404917
False,442218
False,471647
False,457337
False,465369
False,397717
False,531069
False,30113
False,304291
False,21088
False,286149
False,141711
True,124387
True,282406
False,434820
False,109838
False,452909
False,400536
False,222857
False,415493
False,273138
False,500226
False,267284
False,542809
False,549766
False,28535
False,348290
False,270045
False,183100
False,148772
False,263406
False,150533
False,49814
False,148375
False,280189
False,154028
False,396685
False,210136
False,287188
False,286101
False,161386
False,566724
False,153466
False,580790
False,556391
False,531681
False,38490
False,330348
False,453772
False,51355
False,112698
False,180363
False,240278
False,187810
False,369199
False,419445
False,550796
False,345849
False,289586
False,274286
False,509579
False,418270
False,504130
False,37698
False,480225
False,195914
False,485954
False,311173
False,292155
False,14818
False,403754
False,438751
False,236535
False,60458
False,405437
False,274250
False,575755
False,404828
False,374910
True,341681
False,542487
False,509390
False,42124
False,309137
False,130188
False,360504
True,193373
False,27974
False,529012
False,473516
False,566631
False,503883
False,162358
False,482479
False,157356
False,131497
False,327770
False,384528
False,527134
False,34847
False,115649
False,348116
False,40905
False,282471
False,50672
False,235964
False,518685
False,239676
False,525790
False,305821
False,461017
False,411093
False,491936
False,93565
False,6140
False,36729
False,302117
False,76477
False,274386
False,516945
False,393089
False,348954
False,284701
False,213988
False,380007
False,8830
False,304520
False,286973
False,354179
False,353484
False,69928
False,29640
False,538588
False,408426
True,496902
False,198004
False,501835
False,206469
False,451283
False,411028
False,53729
False,350014
False,272402
False,435399
False,271190
False,395740
False,532239
False,137711
False,348047
False,417834
False,204855
False,348767
False,161947
False,250167
False,381433
False,162577
False,447842
False,71396
False,408917
False,291541
False,61660
False,28257
False,530991
False,493454
False,356533
False,97367
False,541319
False,59868
True,9797
False,176668
True,189839
False,334135
False,66253
False,539423
True,90959
False,237720
False,194780
False,304078
False,97809
False,452168
False,519877
False,320929
False,381216
False,163798
False,26829
True,156232
False,397500
False,287714
True,493131
False,22652
False,160952
False,333430
False,534656
False,563009
False,494863
False,273245
False,539507
False,92752
False,193680
False,64941
False,76266
False,43451
False,266083
False,111131
False,189083
False,465868
False,55951
False,378566
False,251671
False,119087
False,42820
False,374211
False,501369
False,27739
False,394478
False,535510
False,244349
False,273204
False,111235
False,106296
False,254356
False,340547
False,456690
False,414610
False,13703
False,275977
False,304556
False,481398
False,293757
False,226592
False,129437
False,36951
False,25506
False,224079
False,183348
False,175671
False,448533
False,347351
False,99965
False,179599
False,146315
False,240537
True,119065
False,245094
False,33758
False,286503
False,264362
False,193011
False,527528
False,382418
False,86981
False,338061
False,26783
False,449195
False,426611
False,108892
False,175205
False,450716
False,134703
False,78797
False,393282
False,300284
False,494066
False,277848
False,13650
False,123765
False,293315
False,85881
False,6673
False,128652
False,419406
False,203845
False,88192
False,576849
False,291518
False,289400
False,543027
False,391876
False,87146
False,38513
False,123412
False,560713
False,184945
False,546773
False,169800
False,151497
False,406366
False,444350
False,504160
False,11996
False,75187
False,246231
False,11552
False,504810
False,402097
False,115619
False,438671
False,122811
False,357620
False,379370
False,500793
False,63812
False,574784
False,365339
False,31247
False,313480
False,230516
False,253223
False,127781
False,139889
False,151808
False,324852
False,363273
False,228318
False,117205
False,255335
False,295563
False,156084
False,110004
False,55478
True,475182
False,274853
False,384235
False,168800
False,149834
False,109986
False,513451
False,208288
False,10432
False,27428
False,2686
False,25352
False,508482
True,187336
False,5617
False,418115
False,72887
False,556837
False,9603
False,464166
False,147694
False,483144
False,398200
False,38662
False,152942
False,107658
False,431139
False,366148
False,180571
False,55126
False,6709
False,537991
False,360101
False,108440
False,414481
False,443630
False,568660
False,166764
False,504065
False,297187
False,288347
False,18647
False,103865
False,62942
False,556505
False,295958
False,508680
False,7729
True,232460
False,388974
False,111195
False,320508
True,417298
False,493683
False,305779
False,580431
False,388316
False,381060
True,130586
False,28690
False,570902
False,397613
True,82715
False,355088
False,510366
False,332159
False,292304
False,117114
False,214274
False,343933
False,412855
False,396542
False,240259
False,466531
False,508872
False,324654
False,312003
False,577118
False,158279
False,7932
False,207844
False,84448
False,197069
False,7899
False,212311
False,234555
False,530622
False,349686
False,448599
False,282928
False,356651
True,415109
False,536290
False,294545
False,125042
False,401699
False,4410
False,197632
False,431764
False,262654
True,273586
False,418297
False,402454
False,362919
False,300280
False,5946
False,480601
False,468182
False,369701
False,462134
False,182078
False,382929
False,95828
False,250303
False,566201
False,149406
False,326014
False,470114
False,247838
False,495738
False,305638
False,139456
False,493793
False,183350
False,581667
False,24030
False,290684
False,17366
False,233575
False,305799
False,412798
False,195081
False,143245
False,573823
False,570785
False,406047
False,205887
False,394546
False,325327
False,448671
False,414148
False,136700
False,502326
False,571485
False,212440
False,578093
True,525899
False,331314
False,505092
False,102540
False,145621
False,25003
False,290165
False,312343
False,480861
False,314310
False,55629
False,484760
False,93778
False,540285
False,531765
False,181969
False,224736
False,336374
False,22627
False,204755
False,54728
False,316495
False,263760
False,48630
False,227468
False,387056
False,197492
False,385417
False,85706
False,394739
False,303236
False,239837
False,513430
False,171328
False,90433
False,99024
False,183517
False,12996
False,537081
False,470463
False,5094
False,209130
False,394131
False,319616
False,187054
False,30779
False,159112
False,214816
False,298848
False,563604
False,160423
False,120966
False,512258
False,30321
False,469488
False,191686
False,312454
False,531377
False,228552
False,204969
False,64534
True,122281
False,94069
False,455691
False,329542
False,168500
False,370652
False,415561
False,462904
False,304603
False,381646
False,125062
False,381758
False,204626
False,133453
False,486350
False,221770
False,335318
False,235959
False,467763
False,479946
False,293328
False,480807
True,348636
False,23392
False,330607
False,286233
False,322197
False,85998
True,561454
False,101713
False,22964
False,559652
True,431364
False,183757
False,313034
False,475804
False,81841
True,397274
False,99211
False,563601
False,300966
False,176592
False,131524
False,207077
False,172404
False,212380
False,208122
False,307206
True,26425
False,57866
False,80441
False,446628
False,288372
False,480415
False,85665
False,232551
False,445351
False,399991
False,270136
False,138846
False,408270
False,401045
False,106330
False,360152
False,82994
False,211046
False,149230
False,65306
False,318381
False,51052
False,368450
False,483449
False,463758
False,346262
False,478286
False,531037
False,417926
False,188935
False,272735
False,312866
False,223216
False,24403
False,255578
True,380414
False,54092
False,405736
False,99956
False,336390
False,510371
False,573659
False,440546
False,286525
False,356916
True,512211
False,160103
False,377497
False,435069
False,16995
False,42944
False,125698
False,339670
False,157417
False,356623
False,389168
False,110638
False,309192
False,218302
False,403837
False,233137
False,325027
False,96211
False,385441
False,338518
False,140590
False,335107
True,113846
False,140332
False,103520
False,27665
False,465177
False,424551
False,288751
False,68805
False,305959
False,279927
False,107108
False,182972
False,200941
False,150091
False,276164
False,439374
False,28007
False,382125
False,334585
False,460407
False,508456
False,435170
True,482275
False,78416
False,443377
False,99727
False,21718
False,546079
False,13252
False,400603
False,567342
False,514567
False,530766
False,303992
False,320351
False,442400
False,580238
False,95999
False,250424
False,56116
False,288948
False,248995
False,538747
False,488367
False,162685
False,268905
False,193021
False,70134
False,346026
False,309135
False,278394
False,90675
False,499983
False,227480
False,443575
False,501758
False,91917
False,75267
False,464909
False,282719
False,188184
False,386640
False,235057
False,131763
False,436070
False,127324
False,516316
False,524646
False,92001
False,242724
False,409963
False,33850
False,447075
False,560902
False,134538
False,355817
False,274416
False,534074
True,308694
False,121582
False,566835
False,532520
False,492382
False,458153
False,118246
False,361033
False,202835
False,576829
False,38801
False,326805
False,545022
False,490496
False,114177
False,81105
False,267779
False,528631
False,491241
False,290689
False,445346
False,466265
False,379518
False,57515
False,460236
False,342279
False,360660
False,127855
False,483742
False,388754
False,544926
False,157099
False,45136
False,94954
False,465530
False,489183
False,402570
False,556491
False,252160
False,241188
False,481012
False,121322
False,105053
False,205967
False,560637
False,504888
False,514602
False,262979
False,279818
False,363867
False,447533
False,59776
False,515755
False,5820
False,321071
False,265566
False,108392
False,21864
True,580507
False,212025
False,468484
False,8781
True,383046
False,248002
False,284861
False,407102
False,393600
False,461030
False,573841
False,152729
False,482305
False,30646
False,9738
False,476331
False,471634
False,315176
False,574108
False,278737
False,79887
False,377044
False,340642
False,81294
False,537803
False,173598
False,159680
False,57930
False,60046
False,78000
False,332153
False,107204
False,250708
False,545361
False,206994
False,466536
False,144495
False,45655
False,353808
False,32575
False,104550
False,14271
False,91045
True,556620
False,180483
False,66878
False,336839
False,25984
False,128168
False,343922
False,15582
False,535501
True,223139
False,468542
False,398609
False,177858
False,380989
False,157192
False,558717
True,101065
False,283018
False,64915
False,180002
False,116588
True,279646
False,368729
False,92221
False,109707
False,138814
False,352129
False,573653
False,465248
False,340368
False,488743
False,313538
False,356174
False,393979
False,408112
False,248461
False,233567
False,569792
False,262197
False,243891
False,578848
False,379304
False,333855
False,188296
False,179037
False,328106
False,99592
False,286132
False,544690
False,149974
False,509158
True,397186
False,575897
False,379055
False,470781
False,538798
False,136400
False,88168
True,439906
False,540795
False,15190
False,15927
False,342100
False,477924
False,145761
False,188544
False,325950
False,574971
False,48863
False,326065
False,510225
False,494966
False,186729
False,446733
False,384742
False,174371
False,73783
False,94852
False,571136
False,248238
False,87875
False,369326
False,82650
False,181719
False,516341
False,169849
False,515638
False,117283
False,360535
False,172094
False,188956
False,347238
False,323752
False,316934
False,99387
False,96207
False,265150
False,580870
False,559221
False,16898
False,443005
True,149014
False,348451
False,354761
False,170326
False,564688
False,578521
False,286583
False,360277
False,356201
False,282158
False,47952
False,330931
False,482451
False,297559
False,306486
False,302164
False,213529
False,232673
False,232540
False,58117
False,126321
False,245631
False,554138
True,581328
False,191218
False,577924
False,274184
False,564098
False,124569
False,100271
False,5862
False,112497
False,54706
False,101234
False,181946
False,318468
False,55402
False,403542
False,126992
False,489834
False,447424
True,463542
False,244157
False,13719
False,468011
False,214059
False,459749
False,564861
False,188660
False,163498
False,444880
False,304545
False,550001
False,158344
False,143822
False,556279
False,404759
False,342347
False,316605
False,403520
False,408578
False,557442
False,85670
False,77504
False,17154
False,377588
True,161231
False,183844
False,127
False,398568
False,292116
False,469030
False,217769
False,322768
False,76846
False,388391
False,401785
False,501047
False,274275
False,242663
False,295577
False,164255
False,511165
False,87141
False,241557
False,263270
False,125552
False,332296
False,197656
False,449770
False,306109
False,88499
False,454789
False,346189
False,236126
False,330391
False,327628
False,424560
False,356749
False,365525
False,44385
False,86140
False,203989
False,190056
True,463884
False,211484
False,82513
False,482134
False,310851
False,632
False,168200
False,272033
False,447147
False,263261
False,433019
False,476773
False,448555
False,379711
True,74860
False,316817
True,279697
False,457263
False,411938
False,369253
False,537560
False,474668
False,139486
False,81571
True,465199
False,497444
False,137420
False,418810
False,448803
False,23369
False,334787
False,280324
False,165172
False,219179
False,142803
False,391966
False,159175
False,405214
False,485843
False,117230
False,17449
False,425243
False,430160
False,398613
False,273516
False,194553
False,568276
False,75090
False,163361
False,494446
False,194440
False,22589
False,145614
False,407778
False,548726
False,184330
False,255669
False,88652
True,368521
True,569196
False,82770
False,558788
False,155087
False,369171
False,291207
False,553141
False,152427
False,282631
False,485950
False,278890
False,372112
False,54521
False,289024
False,459575
False,22123
False,547675
False,488927
False,294669
False,278555
False,179199
False,262159
False,348517
False,453885
False,41273
False,459328
False,560614
False,236397
False,466288
False,355667
False,341121
False,14855
False,171374
False,302222
False,44860
False,98328
True,36303
False,149053
False,42492
False,70434
False,198959
False,112634
True,137838
False,194030
False,373776
False,226897
False,421433
False,579240
False,32665
False,547644
False,286388
False,299496
True,379004
False,451539
False,337886
False,344482
False,282707
False,388215
False,44117
False,47409
False,125118
False,320901
False,200377
False,221441
False,2346
False,381961
False,116652
False,246981
False,516146
False,534554
False,311290
False,121873
False,248711
False,574755
False,442518
False,212679
False,116229
True,421452
False,559721
False,305451
False,240689
False,283790
False,491377
False,376643
False,483080
False,282431
False,143594
False,110434
False,307757
False,236074
False,376858
False,182181
False,306664
False,105100
False,354690
False,421560
False,55984
False,230190
False,498284
False,570430
False,411104
False,195367
False,307148
False,512774
False,448574
True,62657
False,382770
False,141102
False,204981
False,418770
False,444983
False,13383
False,517394
False,368218
False,131840
False,154515
False,377060
False,137809
False,370768
False,285000
False,535165
False,381729
False,573958
False,491611
False,151577
False,151742
False,221542
False,482319
False,74340
False,1295
False,527492
False,92910
False,263714
False,122750
False,267770
True,367673
False,309883
False,59151
False,565087
False,22090
False,279621
False,332721
False,22256
False,397782
False,396550
False,249964
False,311075
True,367429
False,78283
False,288416
False,444887
False,540569
True,383746
False,107436
False,169262
False,543423
False,298809
False,227230
False,164780
False,468902
False,441012
False,176873
False,297147
False,307773
False,230362
False,411913
False,115506
False,65301
True,253964
False,104631
False,429131
True,416705
False,51470
False,325145
False,2691
False,248016
False,213773
False,118607
False,117497
True,447130
False,237818
False,348487
False,160614
False,250292
False,416303
False,28451
False,30645
False,481582
False,144163
False,213753
False,555516
False,389112
False,236925
False,203098
False,131565
False,551815
False,285588
False,385934
False,287190
False,16496
False,440652
False,106029
False,31240
False,381947
False,284089
False,34873
False,237482
True,580235
False,581831
False,350648
True,472659
False,221232
False,449634
False,313280
False,33871
False,38179
False,297830
True,268313
False,381821
False,432008
False,416197
False,502678
False,71024
False,552584
False,18737
False,138022
False,412537
False,228035
False,214605
False,235430
False,26647
False,75055
False,308950
False,434200
False,378611
False,544738
False,463625
False,477759
False,94
False,16015
False,92173
False,122798
True,557965
False,237517
False,117079
False,489745
False,169589
False,164442
False,452684
False,272866
False,67075
False,496256
False,486482
False,58732
False,493769
False,569774
True,463242
False,424483
False,462802
False,188236
False,244476
False,192081
False,135116
False,562819
False,103822
True,479466
False,572840
False,560103
False,267311
False,278414
False,234175
False,90498
False,411475
False,362114
False,233873
False,186079
False,552811
False,101240
False,454783
False,97595
False,262954
False,414284
False,298405
False,576612
False,231644
True,201685
False,166621
False,166067
True,9514
False,154007
False,416960
False,459799
False,573655
False,38417
False,191005
False,101084
False,377195
False,246522
False,275335
False,284047
False,555743
False,72273
False,318099
False,182455
False,165202
False,456012
False,463898
False,222811
False,206670
False,387567
False,377703
False,70735
False,558424
True,318001
False,425712
False,328121
True,214972
False,329351
False,113867
False,470999
False,213510
False,557987
True,121154
True,547830
True,574116
False,235832
True,432169
False,56006
False,373196
False,59471
False,167599
False,5574
False,206749
False,143944
True,57086
False,237129
False,566470
False,471788
False,235670
False,205391
True,474024
True,402118
False,320943
False,237597
False,429369
False,209139
False,170193
False,145311
False,292088
False,204657
False,355778
False,402862
False,122164
False,353893
False,472344
False,345071
False,389490
False,183504
False,169774
False,361798
False,418949
False,557461
False,6053
False,414916
False,48017
False,230422
False,105116
False,410731
False,576305
False,277945
True,397678
False,470161
False,450903
False,89668
False,68867
False,283557
False,183676
False,515102
False,320344
False,300881
False,379316
False,375645
False,407524
False,52440
False,571450
False,116957
False,433296
True,407689
False,407936
False,542173
False,3668
False,545309
False,55882
False,527250
False,136186
False,308568
False,81248
False,218870
False,154008
False,35768
False,243034
False,255158
False,168114
False,330934
False,378726
False,551677
False,66328
False,580652
False,213423
False,230966
False,445982
False,472530
False,32174
False,44625
False,436947
False,156757
False,394276
False,511402
False,390120
False,128763
False,546164
False,58851
False,564129
False,447839
False,309573
True,510798
False,461428
False,548926
False,29853
False,530154
False,313798
False,157604
False,452498
False,73697
False,417115
False,576749
False,397203
False,498000
False,121241
False,408139
False,116861
False,197029
False,249295
False,299665
False,407911
False,177571
False,37823
False,448521
False,246496
False,578567
False,469650
False,452187
False,473776
False,455966
True,351240
False,393661
False,361964
False,561126
False,535898
True,543570
False,137452
False,194027
False,119636
False,263878
False,110547
False,96161
False,502894
False,394211
False,85803
False,352236
False,54421
False,144944
False,576714
False,571764
False,328628
False,191265
False,350833
False,290026
False,80987
False,517032
False,166706
False,426548
False,135319
False,66859
False,190794
False,224371
False,575202
True,168583
False,45543
False,54001
False,468613
False,290782
False,32625
False,397893
False,267497
False,85782
False,174228
True,474465
False,479647
False,362683
False,273329
True,95336
False,150726
False,488792
False,350267
False,365218
False,89021
False,42871
False,553586
False,353653
False,550410
False,237031
False,74789
False,144580
False,548532
False,182773
True,357808
False,327780
False,220630
False,66696
False,263929
False,512023
False,512904
False,528232
False,527908
False,554860
True,459991
False,571499
False,252859
False,371114
False,36110
False,135545
False,142287
False,564812
False,339344
False,386684
False,323397
True,444817
False,453152
False,443033
False,406909
False,530658
False,223004
False,209590
False,215664
True,141785
True,183166
False,27151
False,453875
False,193884
False,570465
False,127074
False,347048
False,215781
False,473099
False,436662
False,168488
False,43092
False,137591
False,26101
False,339495
False,468798
True,477471
False,3947
False,91227
False,5684
False,563961
False,353149
False,16361
False,579386
False,234963
True,574537
False,191997
False,442582
False,68130
False,96500
False,413749
False,56119
False,104603
False,194208
False,278161
False,267350
False,113593
False,372246
False,311109
False,511141
False,203344
False,47739
False,443772
False,470012
False,29697
False,544921
False,10245
False,518071
False,539299
False,569678
False,434069
False,472426
False,222825
False,266622
False,222235
False,301926
False,196321
False,442311
True,480075
False,454769
False,152328
False,497042
False,105655
False,466596
False,139757
False,480685
False,183293
True,559730
False,140438
False,389463
False,553000
True,383564
False,386162
False,246071
False,357415
False,394572
False,263211
True,452060
False,516988
False,494085
False,233402
True,463070
True,439770
False,560511
False,442645
False,457638
False,170623
False,87225
False,2150
False,486240
False,167229
False,274298
False,187240
False,420634
False,89356
False,339536
False,239644
False,418313
False,234900
False,106140
False,512248
False,545493
False,428605
False,522163
False,284297
False,458675
False,119947
False,538105
False,166940
False,341621
False,398222
False,475551
False,377003
False,382210
False,555771
False,336708
False,378823
False,163525
False,159472
False,104788
False,509528
False,127669
False,294763
False,368442
False,75516
False,318080
False,25847
True,237233
False,496819
False,549988
False,164222
False,69328
False,131044
False,25470
False,462501
False,281575
False,55493
False,207833
False,20769
True,545812
False,86811
False,410904
False,182523
False,201758
False,28456
False,218830
False,448401
False,386085
False,186410
False,347818
False,369811
False,2217
False,340734
False,134198
False,559557
True,45626
False,281567
False,59194
False,533003
False,314855
True,262414
False,334171
False,153134
False,116678
False,211445
False,509129
False,198547
True,264758
False,48564
False,135676
False,392851
False,375004
False,477135
False,580538
False,35411
False,255051
False,345389
False,349122
False,332217
False,117492
False,5169
False,575971
False,54607
False,518866
False,320246
False,35031
False,356010
True,48130
False,211234
False,179102
False,176622
False,327605
False,64300
False,378117
False,58690
False,446117
False,364567
False,410924
False,460931
False,352508
False,479496
False,69486
False,572017
False,152277
False,566128
False,112836
False,265677
False,2056
False,309087
False,295032
False,52068
False,466001
False,58344
False,562972
False,322990
False,221378
False,348843
False,248141
False,118118
True,441491
False,225087
False,441921
False,186413
False,529777
False,471483
False,74398
False,69750
False,30611
False,542959
False,22924
False,97513
False,447592
False,36481
False,108124
False,350299
False,121393
False,86738
False,454325
False,548183
False,507080
False,266892
False,501531
True,487876
False,480333
False,475415
False,335459
False,559159
False,159585
False,351888
False,492037
False,30785
False,581929
False,372307
True,355051
False,104081
True,250301
False,70322
False,146541
False,393601
False,103759
False,572008
False,313240
False,179034
False,17203
False,281502
False,268774
False,459898
False,575946
False,421188
False,377464
False,380591
False,55184
False,489723
False,356968
False,237137
False,154794
True,41990
False,175729
False,77332
False,560628
True,436456
False,284259
False,329534
False,304147
False,389426
False,129278
False,340946
False,2342
False,246666
False,526980
False,534426
False,178751
False,45912
True,510559
False,297678
False,104046
False,78738
False,534848
False,211384
False,375802
False,488796
False,362659
False,51124
False,43150
False,426874
False,442199
False,154343
False,83256
True,423202
False,225663
False,581391
False,105853
False,556765
False,54141
False,185006
False,242297
False,311789
False,270659
False,530187
False,293339
False,223470
False,419559
False,34687
False,552650
False,109659
False,484690
False,519489
False,140490
False,427123
False,360342
False,555722
False,483573
False,490111
False,26226
False,267670
False,421745
False,16776
False,119552
False,420028
False,219859
False,52628
False,253166
False,547637
False,505486
False,351686
False,251860
False,69526
False,442638
False,451428
False,156020
False,355875
False,35769
False,537548
False,79196
False,131043
False,136445
False,221390
False,429715
False,42471
False,231549
False,484908
False,57075
False,20371
False,101069
False,274852
False,268212
False,123066
False,528452
False,568286
False,457149
False,126869
False,305219
False,148318
False,452836
False,109008
False,79269
False,91852
True,99218
False,308979
False,415776
False,319576
False,449197
False,124277
False,531146
False,468394
False,570620
False,490117
False,332065
False,560794
False,12463
False,26274
False,232511
False,346638
False,208805
False,215149
False,71090
False,474237
False,52897
False,355072
False,101720
False,482433
False,4296
False,492583
False,255568
False,304434
False,154585
False,2624
False,80737
False,253122
False,504585
False,85941
False,127235
False,76329
False,106072
False,276381
False,53778
False,300622
False,191874
False,510103
False,371506
False,177088
False,315795
False,357312
False,95148
False,173155
False,55517
False,19447
False,13414
False,172211
False,303994
False,475103
False,22675
True,241762
False,47621
False,506766
False,535143
False,66406
False,396295
False,297665
True,265550
False,504257
False,87812
False,303926
False,15733
False,381608
False,2349
False,100396
False,119641
False,64103
False,278962
True,374368
False,462968
False,345725
False,27585
False,12741
False,516634
False,267732
False,67888
False,509565
False,454181
False,250299
False,390374
False,59483
False,244909
True,276064
False,157519
True,278258
True,502107
False,529626
False,184493
False,201188
False,392556
False,356810
False,551267
False,369074
False,131784
False,238602
False,560391
False,303133
False,77123
True,153572
False,279305
False,396770
False,546577
False,344936
False,327890
False,389644
False,310902
False,119799
False,563403
False,512864
False,168781
False,430850
False,452908
False,515296
False,404398
True,462676
False,94179
False,426118
False,64818
False,511430
False,454271
False,573132
False,139240
False,102006
False,53479
False,265818
False,425839
False,369770
False,525932
True,318444
False,57827
False,180784
False,429820
False,472690
False,306160
False,439241
False,275494
False,480798
False,48572
False,348299
False,312868
False,502495
False,362284
False,42828
False,382399
True,552188
False,264110
False,78499
False,90444
False,293382
False,265023
False,61307
False,533941
True,379734
False,453870
False,53221
False,376420
False,97095
False,326667
False,559486
False,410951
False,40143
True,224420
False,243773
False,384030
False,160824
False,328454
False,64251
False,379678
False,572391
False,139789
False,239625
False,91482
False,105279
False,403535
False,401981
True,221252
False,510913
False,579260
False,214266
False,102641
False,150196
False,221330
False,468659
False,371396
False,174091
False,564418
False,326702
False,292363
False,127377
False,67339
False,393169
False,114677
False,218988
False,151141
True,151594
False,441430
False,188646
True,545696
False,347664
False,509986
False,358055
False,354045
False,537698
False,474780
False,64136
True,578780
False,532947
False,555921
True,248831
False,285486
False,119669
False,345331
False,440443
False,227216
False,230881
False,560240
False,549729
False,236123
False,535313
False,578276
False,77864
False,179462
False,551164
False,484722
False,298600
False,124364
True,386116
True,194456
False,301684
False,468443
False,106498
False,431931
False,557664
False,27937
False,275718
False,238795
False,533803
False,154209
False,47638
False,576789
False,560000
False,102057
False,284715
False,558128
False,15185
False,335610
False,495040
False,204888
True,247285
False,423389
True,425324
False,155763
False,189388
False,91236
False,481293
False,162741
False,209128
False,524386
False,124747
True,54130
False,40795
False,368956
False,231851
False,473384
False,510333
False,188276
False,138582
False,280540
False,470774
False,203312
False,391662
False,153776
False,444619
False,66164
False,133839
False,400851
False,65404
True,398423
False,424039
False,534421
False,197690
False,483135
False,338169
False,520660
False,494552
False,8292
True,404823
False,424138
False,333436
False,86588
False,122573
False,139075
False,492638
False,187401
True,38426
False,87581
False,27826
False,306277
False,214563
False,212739
False,174749
False,503715
False,579544
False,322530
True,338077
False,400625
False,130610
False,494578
False,391170
False,453428
False,384231
False,439143
False,454576
False,374033
False,6973
False,325021
False,481281
False,219114
False,465412
False,168294
False,169575
True,97097
False,285683
False,355418
True,348400
False,234328
False,106051
False,227883
False,131800
False,91842
False,221003
False,153394
False,244164
False,395758
False,69405
False,439336
False,527082
True,566771
False,181850
False,374061
False,442868
False,166504
False,55053
False,75254
False,283697
False,383621
False,255800
False,352861
False,463279
False,239376
False,91057
False,357088
False,222029
False,177861
True,174504
False,135372
False,196691
False,358438
False,477193
False,340258
False,579226
False,555976
False,50736
False,572243
False,472502
False,267164
False,358058
False,479348
False,424768
False,517623
False,230889
False,416047
False,163280
False,176085
False,491525
True,89095
False,407699
False,266136
False,345960
False,297698
False,276853
False,409424
False,40995
False,447093
False,266677
False,422145
False,8531
False,556349
False,299923
False,450107
True,546352
False,162230
False,117094
False,104108
False,137154
False,428498
False,366956
False,250576
False,267870
False,384328
False,25994
False,173383
False,93419
True,156910
False,288694
True,466561
False,430821
False,62589
False,481893
False,492851
False,174213
False,423116
False,77345
True,509471
False,149833
False,240904
False,145129
False,467256
False,230262
False,434806
False,181133
False,473340
True,477066
False,532503
False,275660
False,442536
False,408111
False,393266
False,537672
False,203382
False,532557
False,345951
True,165464
False,225054
False,227843
False,89820
False,512187
False,578489
True,13546
False,122923
False,153618
False,20403
False,222903
False,338104
False,43191
False,571857
False,62170
False,51277
False,194594
False,72602
False,334332
False,422865
False,200181
False,334174
False,33567
False,528161
False,243324
False,566502
False,64239
False,228857
False,245895
False,567093
True,306619
False,399534
False,195172
False,134165
False,475635
False,406514
False,233706
False,130625
False,140435
True,419050
False,314845
False,389582
False,6464
False,293130
False,60167
True,339283
False,58241
False,412857
False,574471
False,102787
False,404388
False,543855
False,311879
False,68898
True,373318
False,543618
False,332407
False,466392
False,650
False,485484
False,176785
False,449529
False,488532
False,572108
True,78429
True,264179
False,317410
False,476349
False,326919
False,226712
False,325065
False,494445
False,492379
False,413791
False,455020
False,314328
False,141648
False,431825
False,529630
False,173392
False,344229
False,236419
False,245361
False,282377
False,254729
False,27888
False,391259
False,417334
False,23584
False,334944
False,575220
False,245161
False,31734
False,387318
False,114822
False,434622
False,326086
False,36151
False,253098
False,283913
False,319830
False,126681
False,578553
False,136142
False,38890
False,509269
False,336360
False,184822
False,169826
False,216794
False,540652
False,6874
False,66754
False,223384
False,438091
False,48939
False,413782
False,193946
False,423858
False,422008
False,284043
False,420475
False,468383
False,70758
False,319517
False,342006
False,47221
False,366713
False,37875
False,478115
False,450478
False,205875
False,55237
False,157125
False,58099
False,398813
False,112166
False,387301
False,16180
False,22755
False,563355
False,576155
False,317460
False,272072
False,178821
False,436002
False,201637
False,572909
False,541917
False,244206
False,124880
False,379318
False,156637
False,357865
False,147293
False,500212
False,80634
False,268363
False,500495
False,319977
False,498368
False,176728
False,529102
False,445726
False,446835
False,7796
True,573284
False,182179
True,25777
False,401004
True,355660
False,385342
False,179019
False,110559
False,196775
False,135045
True,98721
False,169947
False,386203
False,111490
False,142552
False,507542
False,320537
False,460031
False,1737
False,135472
False,53823
False,246613
False,332300
True,574282
False,74466
False,196368
False,185760
False,48601
False,244578
False,155604
False,454982
False,219249
False,186524
False,443465
False,242870
False,233580
False,37624
False,578094
True,25358
False,213432
False,535010
False,209918
False,44776
False,93191
False,310442
True,291752
False,8791
False,332960
False,162144
False,556748
False,83923
False,447313
False,90448
False,303637
False,437554
False,460347
False,9668
False,375739
False,80745
False,468345
False,11696
False,23301
False,335421
False,431304
False,158183
False,566189
False,292347
False,570602
False,581726
False,361571
False,262690
False,143236
False,488408
False,514939
False,555357
False,142794
False,206838
False,101195
False,197212
False,337806
False,109156
False,105761
False,391292
False,323790
False,100098
False,214316
False,264236
False,385205
False,451381
False,438258
False,5352
False,99159
False,274108
True,182048
False,176737
True,10265
True,63906
False,381390
False,450309
False,41887
False,263101
False,319388
False,16543
False,189794
False,269751
False,123208
False,390099
False,396143
False,160944
False,89459
False,379636
False,20561
False,145825
False,311232
False,223764
False,21470
False,532753
False,550993
False,311982
False,572303
True,41135
False,109635
False,490935
False,531414
True,308759
False,471064
False,264771
False,328023
False,44061
False,539967
False,534881
True,280437
False,22593
False,458178
False,120466
False,224916
False,166509
False,558516
False,394008
False,447731
False,271842
False,498120
False,488406
False,307989
False,320641
False,188225
False,62195
False,512421
False,34061
False,291280
False,380227
False,364439
False,579277
False,445009
False,396221
False,479066
False,293385
False,377252
False,555811
False,213034
False,191990
False,163263
True,159948
False,106754
False,198510
False,104044
False,342800
False,4256
False,208967
False,500228
False,394234
False,306988
False,24880
False,61439
False,406445
True,542776
False,409985
True,437373
False,2377
False,5688
False,299394
False,326770
False,80096
False,108499
False,123142
False,88552
False,265725
False,577744
False,172654
False,535786
False,103548
False,195952
False,361858
False,243775
False,66995
False,544832
False,400216
False,70104
False,403184
False,367128
False,552336
False,486093
False,272901
False,213124
False,426850
False,83494
False,197880
True,419212
False,272416
False,28914
False,76001
False,339278
False,230903
False,468499
False,55090
False,56261
True,370591
False,103631
False,307442
False,144259
False,104455
False,544264
True,541949
False,210989
False,242868
False,433221
False,501269
False,58407
False,350497
False,296040
False,168282
False,405061
False,229107
False,509577
False,5193
False,167028
False,571596
False,243657
False,561594
False,510900
False,336221
False,572608
False,376961
False,414068
False,131089
False,575164
True,567208
False,51774
False,167743
False,48381
False,525299
False,46428
False,38190
False,496019
False,87792
False,154083
False,543686
False,358253
False,372959
False,431893
False,579073
False,313768
False,424799
False,21313
False,527599
False,502152
False,129305
False,333294
False,506803
False,329016
False,564465
False,184684
False,174701
False,189888
False,500973
False,441480
False,354309
False,374605
False,266768
True,508328
False,398752
False,320947
False,311771
False,293368
False,77686
False,435045
False,457383
False,548933
True,49884
False,8181
False,462081
False,503235
False,367891
False,512667
True,240147
False,190391
False,104112
False,488747
False,388992
False,408327
False,115917
False,463012
False,505286
False,556956
False,527995
False,415536
False,463842
False,153340
True,434930
False,105918
False,442178
False,221713
False,183273
True,181658
False,424272
False,71499
False,28998
False,517443
False,254692
False,378864
False,225325
True,114392
False,47093
False,164687
False,462613
False,274196
False,361527
False,488828
False,411931
False,228409
False,549361
False,128137
False,423617
False,38034
False,242400
False,322824
True,135585
False,222016
False,554490
False,286483
False,531861
False,285667
False,268726
False,371315
False,201940
False,360706
False,49133
True,553285
False,309484
False,176563
False,464616
True,565571
False,161328
False,442743
False,383652
False,40187
False,497870
False,253281
False,27538
False,118846
False,466132
True,357228
False,409275
True,407017
False,327805
False,164569
False,110611
False,465595
False,20367
True,18090
False,527277
False,135065
False,140686
False,267715
False,350262
False,397486
False,459110
False,99785
False,130181
False,265128
False,190469
False,461509
False,381908
False,348528
False,95337
False,5131
False,297844
False,413088
False,359403
False,413900
False,386880
False,262514
False,474751
False,505891
False,525180
False,397815
False,426422
False,548802
False,185247
False,415727
False,299115
False,373289
False,114035
False,493828
False,331822
False,275919
False,287136
False,113556
False,497464
False,419798
False,552074
False,451863
False,94716
False,91837
False,1369
False,367310
False,192191
False,560260
False,59075
False,390061
False,354241
False,109973
False,208166
False,75095
False,511537
False,182300
False,19456
False,82554
False,301453
False,11856
False,270639
False,268008
False,110298
False,316741
False,304396
True,245691
False,438477
False,89835
True,480160
False,567837
False,349719
True,112409
False,383967
False,80275
False,485485
False,37035
False,228734
False,344932
False,483496
False,540695
False,542154
False,462993
False,499784
False,486730
False,33930
False,408502
False,332219
False,367092
False,23108
False,100863
False,107516
False,461805
False,147913
False,62459
False,532734
False,388980
False,406555
False,569866
False,267146
False,207959
False,61867
False,257044
False,372775
False,558771
False,333098
False,21483
False,393403
False,501229
False,371072
False,378499
False,499775
False,115144
False,148373
False,461902
False,487566
False,89390
False,421109
False,143217
False,479729
False,263734
False,352196
False,530796
False,219904
False,388846
True,552561
False,134309
False,396172
False,343849
False,167913
True,52603
False,50179
False,27565
False,198558
False,509258
False,340422
False,12475
False,369125
False,274682
False,174680
False,33672
False,292375
False,396927
False,548593
False,352965
False,44454
False,265547
False,450584
False,316725
False,470907
False,147829
False,481036
False,242631
False,170007
False,264322
True,550221
False,492540
False,566899
False,202855
False,517453
False,299527
False,563603
False,170917
False,86075
False,330368
False,332193
False,39270
False,80300
False,507782
False,310867
False,180670
False,242526
False,447328
False,355183
False,306582
False,36450
False,359148
False,117891
False,74704
False,50913
False,529529
False,167848
False,352091
False,573869
False,489191
False,376358
False,170999
False,26671
False,492639
False,300070
False,434022
False,481125
False,456800
False,251195
False,102607
False,225750
False,255362
False,157434
False,558804
False,428587
False,92091
False,35222
False,310843
False,252093
False,549276
False,169863
False,347039
False,579822
False,42793
False,69956
False,449084
False,291834
False,298154
True,211370
False,215356
False,142014
False,46276
False,399878
False,194108
False,341399
False,369034
False,129370
False,465853
False,150636
False,453517
False,4157
False,369610
False,247700
False,46048
False,182240
True,21029
True,120441
False,70477
False,160247
False,555391
False,352206
False,115108
False,500457
False,224045
False,157215
True,289444
False,476731
False,263644
False,371164
False,207048
False,272970
False,68623
False,325346
False,428691
False,493991
False,288602
False,493751
False,286442
False,450864
False,489235
False,80084
False,497661
False,37905
False,253956
False,218290
False,94293
False,346309
False,539439
False,375915
False,511669
False,278763
False,235760
False,457768
False,199093
False,159974
False,189765
False,370543
False,100234
False,383950
False,282190
False,55092
False,27516
False,254931
False,58836
False,145666
False,280409
False,60274
False,571498
False,419624
False,521729
True,537211
False,326325
False,205309
False,39276
False,517906
False,189882
False,122560
False,161178
False,471905
False,390288
False,443916
False,514294
False,30719
False,391512
False,20145
False,5443
False,10683
False,35712
False,474545
False,2645
False,313675
False,557375
False,41110
False,411823
False,105668
False,142291
False,328464
False,40569
False,135032
False,159233
False,328068
False,494194
False,39447
False,346614
False,431401
False,410216
False,408041
False,455395
False,50624
False,111548
False,58933
False,472109
False,287308
False,36996
False,25360
False,7524
False,55947
False,415206
False,343770
False,507781
False,78468
False,399382
False,400573
False,572980
False,251874
False,517395
True,160694
False,535842
False,328651
False,312076
False,224531
False,166489
False,202431
False,469198
False,233948
False,269079
False,289659
False,493873
False,277134
False,93391
False,208075
False,36728
False,393804
False,70774
False,285089
True,390581
False,188026
False,172673
False,184266
False,265663
False,9987
False,91707
False,91378
False,379530
True,227399
False,18078
False,229724
False,82242
False,121718
False,31118
False,74599
False,418844
False,95033
False,169321
False,399822
False,177407
False,469625
False,207826
False,35927
False,17817
False,187025
False,551952
True,371532
True,283524
False,255137
False,44989
False,58800
False,557252
False,198119
False,190167
False,70092
True,495651
False,278628
False,294084
False,196365
False,75818
False,246154
False,136111
False,446522
False,426238
False,543310
False,108599
False,546031
False,321133
True,55385
False,159338
False,560358
False,500981
False,4159
False,271396
False,270715
False,72715
False,316878
False,22104
False,500265
False,148705
False,289460
False,153184
False,390232
False,8468
False,559695
False,240217
False,389542
False,448765
False,459310
False,488880
False,425988
False,80619
False,447465
False,126534
False,136681
False,421250
False,546791
False,185956
False,294307
False,254081
False,293505
False,98636
False,41054
False,361923
False,508580
False,7476
False,41603
False,170595
True,368370
False,293372
False,404948
False,491107
False,238589
False,55536
False,189893
False,349868
False,577817
False,213538
False,535262
False,313437
True,117121
False,539296
False,305738
False,484300
False,478645
False,183957
False,190487
False,356641
False,43176
False,461841
False,20276
False,13300
False,277961
False,478076
False,191994
False,12614
False,41843
False,4426
False,500861
False,213141
False,111500
False,164502
False,215383
False,450105
False,226795
False,99580
False,50965
False,557186
False,211198
False,165654
False,46927
False,96327
False,490112
False,37706
False,74035
False,405215
False,415370
False,357511
False,373679
False,108088
False,290981
False,374018
False,496607
False,56283
False,285355
False,414078
False,225281
False,120584
False,147178
False,216972
False,193318
False,416326
False,251768
False,496267
False,180087
True,168335
False,271185
True,501515
False,306284
False,215913
True,336015
False,175715
False,510006
False,157181
False,325688
False,208640
False,468086
False,504289
False,43367
False,56768
False,14728
True,431693
False,5277
False,464993
False,305724
True,516846
False,55764
False,538132
False,312306
False,79465
False,173161
False,505638
False,65861
False,184431
False,116326
False,25552
False,219349
False,511803
False,74461
True,389197
False,42341
True,434548
False,394326
False,574757
True,176841
False,29732
False,571696
False,274860
False,116220
False,289960
False,143286
False,482084
False,271795
False,313009
False,315808
False,486991
False,362879
False,558813
False,207548
False,383601
False,516636
False,560624
False,130088
False,526536
True,97423
False,536950
True,43829
False,233615
False,98864
False,79901
False,250205
False,462071
False,337780
True,448689
False,429585
False,48791
False,273918
False,223718
False,508938
False,449963
False,504470
False,373637
False,495852
False,547041
False,127055
False,39495
False,1014
False,134697
False,536884
False,20784
False,219025
False,565861
False,191300
False,393054
False,177976
False,508218
False,333956
False,542678
False,17585
False,164006
False,317357
False,455657
False,32667
False,396924
False,236346
False,407386
False,113513
False,358301
False,350452
False,72592
False,327979
False,214174
False,89285
False,553912
False,482907
False,113812
False,166798
False,187738
False,424665
False,345787
False,334463
False,262161
False,488043
False,377715
False,297680
False,78466
False,59654
True,205116
False,296846
False,456732
False,268195
False,373045
False,465196
False,303281
False,183445
False,92197
False,156197
False,32607
False,275829
False,491965
False,207065
False,436578
False,264909
False,362275
False,536462
False,71678
False,373294
False,124711
False,344003
False,100087
False,155379
False,70589
False,361073
False,536169
False,493212
False,54464
False,329219
False,29747
False,467909
False,353175
True,467752
False,228712
False,545874
False,60859
False,37563
False,344870
False,97099
False,580084
False,273930
False,485139
False,84174
False,554208
False,143560
False,300842
False,102668
False,289871
False,294968
False,48947
False,468302
False,337277
False,105374
False,527618
False,461567
False,461447
False,161056
False,344180
False,76476
False,107571
False,229233
False,423222
False,391499
False,387355
False,412190
False,238184
False,555843
False,247604
False,356771
False,89884
False,354205
False,265799
False,476380
False,322089
False,381041
False,347292
False,108316
False,541486
False,225829
False,568448
False,393423
False,173997
False,578977
False,391912
False,362278
False,142016
False,110460
False,445689
False,348204
True,290174
False,318524
False,144597
False,340736
False,301425
False,255930
False,150559
False,298395
False,361400
False,265851
False,119320
False,469816
False,90138
False,255045
False,71870
False,190271
False,403981
False,91921
True,169602
False,396228
False,349603
False,144620
False,430739
False,548168
False,458756
False,346138
False,174390
False,488658
False,545950
False,470632
False,375810
False,486960
False,275751
False,271780
False,352081
False,66327
False,231748
False,158286
False,247247
True,235479
False,29956
False,435988
False,282425
False,411070
False,357349
False,304092
False,560517
False,54936
False,334011
True,488682
False,91784
False,130524
False,350000
False,271035
False,521382
False,200464
False,532521
False,44080
False,96365
False,143367
False,422654
True,47867
False,525369
False,9983
False,158099
False,456390
False,49673
False,481168
False,554809
False,435098
False,62089
True,69440
False,209835
False,267537
False,187890
False,300192
False,519165
False,290437
False,373700
False,480082
False,469195
False,141993
False,330356
False,539143
False,369774
False,526597
False,549622
False,541924
False,432519
False,275398
False,60873
False,307573
False,314237
False,98248
True,87207
False,4442
False,504306
False,356169
False,356478
False,230987
False,306531
False,432453
False,111152
False,502827
False,284527
False,179142
False,59041
False,342322
False,214692
False,246335
False,551518
False,100686
False,311991
False,470267
False,213338
False,39884
False,209919
False,115967
False,215858
False,66427
False,309662
False,109151
False,222608
False,187473
False,282485
False,159377
False,494884
False,286166
False,513611
False,316214
False,397587
False,158122
False,421979
False,308083
True,501926
False,178796
False,41085
False,138153
False,237093
False,270722
False,364549
False,330086
False,564068
False,532976
False,481290
False,210736
False,417111
True,145385
False,208806
False,235809
False,549117
False,479590
False,110780
False,194850
False,387429
False,118543
False,44446
False,230593
False,434735
True,60305
False,387635
False,104768
False,454940
False,146836
False,263098
False,409184
False,342688
False,187888
False,120285
False,4338
False,12323
False,247121
False,162462
False,431323
True,278801
False,450621
False,133034
False,96414
False,432627
False,548943
False,216378
False,554866
False,91928
False,44964
False,405973
False,245174
False,252582
False,331780
True,135424
False,347037
False,5755
False,5595
True,26105
False,224437
False,516655
False,482100
False,403789
False,222788
False,367177
False,93106
False,97643
False,288737
False,575701
False,505469
False,557567
True,333629
False,553534
False,161586
False,306031
False,405897
False,189405
False,494182
False,44700
False,187351
False,457817
False,284084
False,122916
False,291320
False,267457
False,292047
False,489288
False,551314
False,82081
False,556478
False,244291
False,190900
False,550350
False,554488
False,284824
False,391439
False,240783
False,252857
False,443818
False,218578
False,181519
False,417830
False,127120
False,185197
False,498702
True,67537
False,396793
False,532037
True,48133
False,469317
False,564820
False,332849
False,21826
False,486013
False,54643
False,101626
False,248051
False,539378
False,55223
False,361381
True,454291
False,581702
False,484029
False,335644
False,321938
False,547555
False,561475
False,74538
False,45281
False,222921
False,298290
False,237143
False,205239
False,341393
False,172877
False,43815
True,576463
False,439366
False,84929
False,74388
False,275938
False,428858
False,580029
False,310240
False,54912
False,133923
False,18385
False,275902
False,491017
False,375317
False,342887
False,236332
False,255718
False,205898
False,551063
False,89765
False,517878
False,454404
False,19863
False,11299
False,208319
False,538291
False,33073
False,183611
False,192631
False,65993
False,453352
False,246166
False,81961
True,318807
False,579906
False,384643
False,355492
False,298170
False,427729
False,263970
False,59318
False,541077
False,441229
False,495568
False,187037
False,141348
False,352959
False,359085
False,398435
False,497592
False,407926
False,328018
False,2232
False,489842
False,359965
False,149086
False,247631
False,51143
False,331592
False,372433
False,472146
False,308753
False,41678
False,347548
False,348031
False,93417
False,277795
False,271870
False,202805
False,419883
False,215023
False,327970
False,169111
False,575615
False,167613
False,145623
False,362530
False,245432
False,97744
False,218608
False,104952
False,138747
False,516124
False,133137
False,366704
False,174258
False,499867
False,112486
False,349875
False,439889
False,14113
False,68444
False,404007
False,540414
False,463616
False,537206
False,281302
False,52109
False,6765
False,115118
False,365187
False,322443
False,189798
False,194448
False,115515
False,426778
False,517430
False,507068
True,472860
False,225529
False,55294
False,347819
False,263176
False,458654
False,283264
False,432484
False,160447
False,281382
False,104486
False,364683
False,74060
False,438038
False,158548
False,293346
False,284594
True,350167
False,77181
True,124456
False,127647
False,395444
False,203796
False,83161
False,163316
False,502214
False,457560
False,446265
False,403307
False,420610
False,263204
False,463684
False,156480
False,70460
False,223093
False,372230
False,127863
False,354500
True,535871
False,20650
False,233298
False,380729
False,471322
False,172342
False,349566
False,179480
False,566261
False,370583
False,208262
True,81188
True,525915
False,294814
False,530259
False,504673
False,480010
False,541345
False,419718
False,5809
False,454654
False,347697
False,8559
False,306207
False,336445
False,20362
False,567346
False,131556
False,569747
True,319045
False,467431
False,306820
False,374830
False,332851
False,114701
False,104565
False,404282
False,164637
False,548971
False,19698
False,568034
False,383053
False,1308
False,227372
False,52835
False,389649
False,383413
False,320946
False,92288
False,605
True,559483
False,293448
False,400124
False,232050
False,16796
False,289213
False,145544
False,514955
False,97201
False,27662
False,447877
False,505738
False,392162
False,119404
False,41753
False,231952
False,361896
False,277622
False,303893
False,170077
False,32809
False,459718
False,271395
True,459001
False,498759
False,514525
False,444660
False,472022
False,230661
False,156278
False,180989
False,45594
False,375528
False,414176
False,174522
False,133543
False,48737
True,368602
False,220428
False,520087
False,500646
False,55950
False,359687
False,560396
False,517921
False,309139
False,309368
False,511549
False,781
False,180079
False,559271
False,20450
True,335650
False,27977
False,554434
False,441172
False,533079
False,286411
False,338987
False,81065
False,493417
False,151915
False,405376
False,7159
False,228316
False,17551
True,14167
False,438269
False,517261
False,485426
False,366389
False,398986
False,302552
False,478215
False,108871
False,162204
False,288099
False,265636
True,114917
False,9199
False,456412
False,430238
False,417055
True,159026
False,446094
False,193901
False,207385
False,235651
False,364123
False,59321
False,107331
False,143553
True,136143
False,468125
False,232091
False,220367
False,364167
False,145668
False,230905
False,70636
False,504142
False,66523
False,376839
False,296176
False,360449
False,138095
False,484721
False,572510
False,362677
False,222755
False,201261
False,494759
False,138040
False,34683
False,16838
False,386853
False,489463
False,397527
False,382890
False,561745
False,255392
False,177748
False,419860
False,156739
False,49384
False,119516
False,244406
False,484108
False,182098
False,114119
False,402077
True,251576
False,181857
False,139561
False,65012
False,200752
False,33417
False,330881
False,443940
False,567357
False,485769
False,337815
False,227946
False,301956
False,472831
False,110560
False,112235
False,390923
True,517465
False,362764
False,278565
False,184138
False,9113
False,39258
False,230226
False,206467
False,541472
False,8055
False,25974
False,356664
False,348625
False,240038
False,180609
False,490897
False,85914
False,490992
False,341033
False,23140
False,70557
False,380552
False,203673
False,355075
False,176226
False,62272
False,264619
False,337555
False,452719
False,210065
False,236117
False,562502
True,19707
False,85046
True,145217
False,451951
False,503575
False,207543
True,548834
False,552371
False,135364
False,445493
False,203438
False,453334
False,95381
False,509099
False,414851
False,264735
False,81715
False,7519
False,515701
False,73437
True,407903
False,42578
False,360672
False,73591
True,470784
False,109390
False,234953
False,344460
False,100050
False,492151
False,517916
False,396014
False,40419
False,101753
False,192818
False,131011
False,561208
False,175731
False,198786
False,134012
False,185225
False,565148
False,218284
False,274894
False,219535
False,102090
False,417129
False,41319
False,165271
False,555294
False,78042
False,201722
False,166130
False,512938
False,535185
False,166481
False,151757
False,193401
False,223714
False,32877
False,425944
False,93531
True,148739
False,535307
False,74030
False,559958
False,372317
False,161436
False,489414
False,194434
False,349809
False,181499
False,290521
False,379713
False,209530
False,105177
False,200391
False,459190
False,485875
False,222753
False,151486
False,387478
False,493682
False,241155
False,100652
False,275502
False,163292
False,18460
False,402916
False,68700
False,348092
False,57286
False,230669
False,20039
False,412468
False,501315
False,414170
False,225253
False,329582
False,569079
False,48263
False,429712
False,536402
False,513298
False,213137
False,86832
False,131273
False,6733
False,332875
False,267256
False,399162
False,444024
False,281972
False,187720
True,449914
False,83972
False,186556
False,574957
False,106850
False,70478
False,194398
False,547336
False,308470
False,224128
False,184994
False,422268
False,302242
False,471273
False,73936
False,149810
False,413684
False,361648
False,504531
False,291784
False,322337
False,82935
False,164564
False,498615
False,358457
False,238385
True,326243
False,437967
False,73536
False,224821
False,181996
False,325472
True,386677
False,392915
False,118485
False,555412
False,33488
False,34828
False,346492
False,8311
False,71528
False,449622
False,214453
False,119492
False,239337
False,2685
False,375947
False,530059
False,113317
False,369382
False,68238
False,548240
False,15954
False,307614
False,267434
False,185373
False,229008
False,513708
False,215215
False,108395
False,35682
False,347174
False,206644
False,350553
False,57375
False,432125
False,323252
False,139042
False,102634
True,502324
False,38282
False,328662
False,229747
False,225345
False,208054
False,356369
False,185334
False,538276
False,327114
False,202465
False,200376
False,29698
False,51403
False,390395
False,333463
False,157119
False,7757
False,268418
False,153685
True,2470
False,305576
False,461175
False,546451
False,206430
False,240376
False,18783
False,234413
False,503967
False,518359
False,253958
False,343319
False,284582
False,533431
False,203882
False,367313
False,561357
False,312506
False,314439
False,126163
False,458093
False,434850
False,69054
False,244933
False,319868
False,415670
False,490626
True,100209
False,367336
False,244665
False,569431
True,33130
False,576799
False,351787
False,371091
False,310870
False,27433
False,529902
False,546343
False,83950
False,441891
True,373078
False,171045
False,414904
False,114698
False,580975
False,466742
False,263780
False,534935
False,572767
False,549575
False,7921
False,193122
False,341697
False,499627
False,251818
False,479101
False,238001
False,21688
False,331279
False,366137
False,412661
False,343385
False,10903
False,506691
False,6160
False,278796
False,201104
True,432239
False,324310
False,542181
False,419310
False,536786
False,147547
False,301724
False,73814
False,282365
False,184003
False,95554
False,482464
True,242133
False,69625
False,442106
False,128327
False,126104
False,371701
False,138832
False,117454
False,211115
True,340532
False,426343
False,199196
False,189101
False,502456
False,83477
False,208597
False,273268
False,495536
False,399835
True,246252
False,281779
False,455483
False,234599
False,352290
False,390534
False,432967
False,475236
False,52193
False,26443
False,392809
False,228215
False,433217
False,528020
False,68063
False,348368
False,359625
False,318311
False,35367
False,293587
False,222262
False,290668
False,58677
False,252054
False,325710
False,312299
False,121901
False,350077
False,533784
False,496939
False,356406
False,338746
False,287519
False,353507
True,452866
False,427493
False,572786
False,324456
False,308674
False,422851
False,6949
False,220226
False,443450
False,24154
False,561006
False,478798
False,82909
False,478099
False,434457
False,116574
False,253341
False,43776
False,6595
False,101692
True,475191
False,400000
False,468818
False,293493
False,541879
False,471708
False,30066
False,189617
False,283500
False,237928
False,409661
False,178818
False,38252
False,150185
False,208838
False,69795
False,13168
False,488693
False,460643
False,392201
False,67961
False,240952
False,173251
False,466047
False,551018
False,44559
False,144444
False,289677
False,18837
False,453706
False,394328
False,428403
False,45124
False,279428
False,413922
False,422785
False,62745
False,108680
False,26900
False,310472
False,359876
False,186562
False,227733
False,174303
False,388853
False,347171
False,162018
False,175331
False,544983
True,183843
False,135681
False,241685
False,438762
False,354655
False,473326
False,448151
False,478055
False,39777
True,228071
False,47502
False,137491
False,114178
False,211560
False,286656
False,269664
False,370369
False,161144
False,501739
False,361454
False,45882
False,491464
False,140992
False,293377
False,69971
False,314689
False,553150
True,67975
False,369509
False,246245
False,2270
False,393593
False,271469
False,447354
True,283678
False,137571
False,444571
False,25997
False,102420
False,538637
False,19404
True,141673
False,155498
True,448211
False,158197
False,451169
False,345799
False,432569
False,556542
False,543947
False,546695
False,189774
False,120420
False,255274
False,103580
False,194009
False,323820
False,437849
False,275036
False,159409
False,235091
False,373960
False,369087
True,185201
False,124567
False,317223
False,92353
False,570801
False,524623
False,51989
False,292386
False,334476
False,51396
False,172597
False,578454
False,934
False,227316
False,274978
False,544325
False,249905
False,539055
False,561917
False,415026
False,382898
False,205313
False,190994
False,225383
True,87680
False,51167
False,266069
False,86189
False,274770
False,284170
False,15738
False,327701
False,133000
False,311180
False,332537
False,305472
False,362824
False,335658
False,184101
False,540099
False,506039
False,201126
True,509161
False,385601
False,482848
False,200263
False,548528
False,354839
False,273120
False,545160
False,564280
False,252581
False,518721
False,512760
False,143420
False,134964
True,354298
True,199555
False,568333
False,282349
False,545101
False,71214
False,144365
False,236422
False,34267
False,576200
False,419226
False,254100
False,440334
False,343820
False,315136
False,565012
False,55527
False,431152
False,85876
False,546140
False,485483
True,480726
False,535733
False,124815
False,352899
False,325236
False,120987
False,539705
False,52869
False,36658
False,20221
False,92879
False,167908
False,543716
False,554654
False,16173
False,337147
False,251589
False,284932
False,567671
False,205384
False,375838
False,320353
False,100006
False,443820
False,491804
False,55395
False,47877
False,15273
False,344920
False,358378
False,483382
False,314027
False,484273
False,552575
False,543303
False,403868
False,165351
False,553056
False,477526
False,185464
False,214250
False,54806
False,406328
True,331507
False,356474
False,576445
False,122851
False,108240
False,416878
False,431184
False,238201
False,392186
False,55290
True,160735
False,355786
False,400235
False,503232
False,542713
False,5111
False,272803
False,110587
False,339913
False,167920
True,73584
False,302227
False,204329
False,317035
False,385644
False,479899
False,187464
False,383651
False,312218
True,467875
False,61559
False,237759
False,30418
False,378203
False,358982
False,503832
False,184642
False,541258
False,360422
False,561864
False,244334
False,111040
False,414034
False,81469
False,116592
True,450359
False,174019
False,302971
False,558822
False,101223
False,93119
False,566278
False,29030
False,394349
False,34471
False,136757
False,534183
False,424858
False,280536
False,8053
False,386414
False,482912
False,485113
False,215805
False,327857
False,485605
False,194885
False,242472
False,312536
False,218482
False,112378
False,235252
False,135356
False,358539
False,542570
False,74421
False,310862
False,33727
False,226814
False,26702
True,284991
False,47084
False,37358
False,38934
False,274888
False,123074
True,450282
False,206909
False,531812
False,564940
False,505661
False,557314
False,526955
False,318461
False,473420
False,333892
False,430688
False,393108
False,191381
False,25549
False,505757
False,514125
False,120648
False,185243
False,434628
False,158601
False,464444
False,145436
False,432924
False,174576
False,461871
False,295970
False,475317
True,472772
False,123739
False,506146
False,170865
False,233404
False,545564
False,153783
False,120977
False,128058
False,409918
False,347515
False,13296
False,31981
False,77870
False,287173
False,2114
False,53550
False,202138
False,11334
False,403739
False,102246
False,96881
False,448739
False,401720
True,71759
False,55206
False,2309
False,231966
False,232290
False,141986
False,65566
False,186345
False,95379
False,242940
False,142665
False,220118
False,246970
False,240240
False,255271
False,297258
False,262619
False,370375
False,44816
False,432134
False,284342
False,453299
False,377213
False,29886
False,299207
False,433398
False,144176
False,378169
False,490875
False,314741
False,188865
False,390213
False,289696
False,98927
False,48421
False,555904
False,432037
False,235833
False,519338
False,222043
False,214048
False,146773
False,502058
False,225609
False,538099
False,97610
False,188735
False,232277
False,514902
False,364703
False,264821
False,212895
False,234182
False,90994
False,10046
False,5587
True,151237
False,407348
False,280898
False,149005
False,544263
False,191913
False,232648
False,284310
False,100064
False,162598
False,63476
True,16556
False,293378
False,93034
False,33332
False,453140
False,378795
False,67412
False,571051
False,80566
False,499305
False,52348
False,382046
False,564247
False,172000
False,180919
False,321427
False,266360
False,508612
False,555461
False,183719
False,300930
False,424982
False,274292
False,241170
False,362038
False,547055
False,211408
False,267338
False,557422
False,407520
False,3474
False,422657
False,475844
False,152933
False,107094
False,335103
False,310617
False,126131
False,343083
True,560632
False,173033
False,33764
True,243482
False,411368
False,87507
False,566115
False,296617
False,389810
False,401083
False,477077
False,511056
False,89579
False,371351
False,94978
True,508896
False,567552
False,489419
False,139344
False,245965
False,296735
False,308436
False,242945
False,371871
False,534259
False,305879
False,208031
False,81995
False,383637
False,578795
False,115145
False,496439
False,181256
False,549448
True,541918
False,108360
False,455345
False,128450
False,450270
False,561270
True,322518
False,60117
False,253236
False,561366
False,163290
False,134375
False,226874
False,358558
False,36589
False,45678
False,194536
False,137210
False,55580
False,198319
False,277070
False,443533
False,466352
False,149679
False,353754
True,440092
False,456145
False,89552
False,158378
False,351004
False,394518
False,574256
False,306229
False,367954
True,283659
False,533917
False,231998
False,264307
False,207074
False,492440
False,83507
False,2149
False,93883
False,186626
False,319647
False,416778
False,555640
False,285990
False,196280
False,6028
False,35303
False,495802
False,474528
False,204422
False,129143
False,288586
False,377701
False,182444
False,509895
False,179914
False,43007
False,243839
False,13969
False,568090
False,467333
False,129813
False,581031
False,493316
False,17216
False,579950
False,332038
False,453221
False,227959
False,39181
False,129201
False,480687
False,505643
False,239347
False,177319
False,526877
False,188345
False,142393
False,229893
False,369230
False,287639
False,338911
False,142660
False,355908
False,468920
False,71429
False,546010
False,332692
False,162319
False,440959
False,288707
False,407091
False,300467
False,38204
False,176280
False,168455
False,291990
False,155029
False,448099
False,13143
False,75296
False,193821
False,445276
False,142774
False,124132
False,350727
False,411201
False,305368
False,435145
False,35972
False,321262
False,228604
False,284846
False,419081
True,412001
False,478528
False,502914
False,231401
False,357830
False,138904
False,424607
False,352724
False,91743
False,183658
False,408922
False,126021
False,250941
False,558741
False,112956
False,318726
False,172680
False,334953
True,129897
False,493547
False,335362
False,556647
False,293014
False,221335
True,496407
False,203864
False,451346
False,130234
False,492352
False,477805
False,345822
False,478769
False,412440
False,267105
False,18531
False,198997
False,397294
False,308522
False,524375
False,241340
False,446152
False,561323
False,579362
False,45492
False,104790
False,56302
False,196777
False,568154
False,328663
False,179875
False,231907
False,140801
False,386277
False,573341
False,544071
False,543961
False,406595
False,406013
False,334048
False,47873
False,34180
False,445075
False,314379
False,58765
False,466583
False,448319
False,56313
False,52155
False,541491
False,67623
False,93314
False,241149
False,418624
False,281221
False,383461
False,12146
False,3386
False,349243
False,378502
False,276162
False,210899
False,309836
False,228380
False,205067
False,529055
True,195768
False,309541
False,502116
False,217241
False,306447
False,369889
False,102620
False,59327
False,313916
False,397390
True,48595
False,220171
False,96958
False,189257
False,338108
False,419544
False,72095
False,578522
False,106107
False,281442
False,458568
False,461286
False,325992
False,196610
False,326108
False,540843
True,37325
False,276760
False,306267
False,284494
False,548962
False,201
False,167092
False,322944
True,403743
False,435328
False,160308
False,475957
False,491203
False,152273
False,399829
False,319118
False,65288
False,141827
True,448694
False,66014
False,146440
False,543202
False,275870
False,226903
False,349059
False,541856
False,138180
False,551963
False,223447
False,571564
False,327324
False,371514
False,476444
False,49165
False,268159
False,426323
False,551718
False,28429
False,166871
True,540439
False,575
False,128309
False,227000
False,2833
False,236228
False,508954
False,89072
False,569645
False,196584
False,211807
False,314920
False,214232
False,310693
False,322246
False,464872
False,365948
False,275956
False,555356
False,304558
False,152327
False,168512
False,53919
False,46571
False,4322
False,388539
False,334714
False,500323
False,9822
False,18252
False,254476
False,197807
False,396779
False,503178
False,149185
False,48892
False,219735
False,90328
False,43077
False,548706
False,153529
False,344016
False,146620
False,453682
False,193194
False,429526
True,138436
False,368676
False,134169
False,309452
False,389996
False,297919
False,329748
False,51663
False,472930
False,209935
False,306952
False,176744
False,197401
False,330084
False,206042
False,27216
False,27534
True,535706
False,246968
False,289312
False,205023
False,120964
False,12790
False,44309
False,349268
False,166401
False,7772
False,211613
False,176671
False,181518
False,517931
False,181043
False,367552
False,480752
False,281564
False,202080
False,29145
False,143085
False,424604
False,186828
False,91040
False,416279
False,431173
False,400440
False,546161
True,15257
False,364222
True,402410
False,450129
False,136722
False,487192
False,490507
True,541727
False,288762
False,158914
False,533004
False,47293
True,43305
False,141910
False,214133
False,127007
False,387731
False,485291
False,379070
False,275727
False,177893
False,243418
False,34961
False,279454
False,472364
False,215357
False,217859
False,490129
False,552503
False,89
False,85962
False,492363
False,10303
False,128512
False,83482
False,73066
False,205324
False,579952
False,353920
False,241440
False,187153
False,220031
False,326801
False,290951
False,268130
False,497701
False,581906
False,293169
False,410436
False,519977
False,314914
False,297427
False,146878
False,122453
False,322449
False,32677
False,167206
False,84873
False,361197
False,438888
False,297154
False,284333
False,282940
False,339256
False,8106
False,469603
False,252596
False,284386
False,134562
False,373519
False,557219
False,218031
False,507143
False,399675
True,84731
False,545440
False,330532
False,405079
False,151523
False,43425
False,53755
False,337647
False,358646
False,141197
False,514209
False,224049
False,239717
False,156999
False,199460
False,540858
False,216502
False,351935
False,529956
False,103366
False,288223
False,574297
False,491981
False,365431
False,301114
False,143516
False,103401
False,580746
False,234572
False,7567
False,236841
False,222266
False,30484
False,120743
False,551710
False,21632
False,505010
False,494707
False,580185
False,433277
False,33377
False,406920
False,134227
False,507154
False,510915
True,207013
False,378790
False,199134
False,224034
False,62350
False,353102
False,51008
False,375782
False,24396
False,330959
False,450711
False,374516
False,165147
True,570678
False,226161
False,58107
False,141600
False,503014
False,558619
False,157188
False,163628
False,244549
False,429898
False,572036
False,328162
False,83632
False,359365
False,6520
False,6120
False,223554
False,302089
False,417043
False,476562
False,309264
False,142357
False,338670
False,293858
False,318525
False,448308
True,314050
False,553373
True,408288
False,301218
True,175825
False,294603
False,179932
False,233703
False,191376
False,490511
False,502361
False,252105
False,363630
False,160259
False,450914
False,570755
False,298295
False,99927
False,256672
False,566419
False,246087
False,514997
False,465005
False,555882
False,513123
False,480501
False,458616
False,77325
False,565077
False,501790
False,187566
False,455543
False,81474
False,187425
False,448924
False,250808
False,376407
False,56075
False,516879
True,215291
False,87334
False,73857
False,401847
False,15870
False,429332
False,462663
False,353504
False,377578
False,266108
False,541627
False,500281
False,320533
False,487299
False,559474
False,379517
False,467646
False,157596
False,207455
False,162343
False,5690
False,307400
False,124663
False,122459
True,18554
False,540538
False,351861
False,147331
True,318396
False,466734
False,432553
False,188084
True,75607
False,273743
False,158353
False,578595
False,217465
False,172498
False,441633
False,132689
False,203359
False,183218
False,11373
False,134223
False,239520
False,450247
False,90570
True,254753
False,195265
False,550745
False,123193
False,33883
False,77842
False,490256
False,225533
True,381544
False,151307
False,194700
False,460484
False,191325
False,322392
False,75393
True,387250
False,306998
False,13506
False,12892
False,68396
True,445425
False,327089
False,201476
False,567384
False,68359
False,461510
False,20727
False,170651
False,452263
False,513881
False,415912
True,198017
False,82457
False,437785
False,28750
False,213978
False,280469
False,138785
False,265453
False,197577
False,57641
False,509188
False,301207
True,290846
False,344729
False,30548
False,70211
False,298691
False,365385
False,142557
False,292901
False,280157
False,164657
False,362343
False,489899
False,217756
False,359801
False,28307
False,537255
False,191740
False,298722
False,397860
False,58465
False,350303
False,528764
False,111010
True,143348
False,538255
False,351359
False,577160
False,21095
True,279197
False,41342
False,116755
False,334208
False,538422
False,115856
False,26029
False,238232
False,433021
False,465495
True,391748
False,266442
True,179584
True,181475
False,537300
False,409909
False,532638
False,316471
False,295550
False,543194
False,112734
False,569520
False,554046
False,60364
False,488645
False,330341
False,450117
True,296906
False,516049
True,454359
False,35715
False,176996
False,214024
False,139097
False,408235
False,567562
False,180560
False,63974
False,452279
False,423209
False,305685
False,177529
False,463800
False,137108
False,124133
False,391678
True,164292
False,158160
False,305647
False,269790
False,30254
False,292510
False,458119
False,112896
True,339595
False,409867
False,210453
False,455959
False,304625
False,239504
False,26033
False,338774
False,553772
False,64111
False,461255
False,315474
False,397502
False,543222
False,294541
False,187757
False,339576
True,510594
True,577893
False,457537
False,424044
False,200830
False,38029
False,232463
False,80949
False,397899
False,530941
False,389429
False,421602
False,120706
False,140724
False,1706
False,250953
False,135322
False,567793
False,193023
False,416972
False,241645
False,441071
False,496339
False,198516
False,15576
True,223550
False,179519
False,522935
True,418569
False,128286
False,80234
False,323010
False,542832
False,147846
False,31578
False,207542
False,111746
False,529827
False,162046
False,420887
False,456113
False,507427
False,388211
False,361913
False,187462
False,67420
False,76460
True,240448
False,400853
False,196047
False,265745
False,511031
False,560784
False,47519
False,90052
False,449132
False,246728
False,329641
False,74032
False,381069
False,79701
False,80937
False,381036
False,15986
False,437597
False,556057
False,538586
False,275409
False,265211
False,515796
True,484599
False,540645
False,304973
False,326911
False,130005
False,35961
False,528197
False,233647
False,150931
False,182401
True,571149
False,564599
False,577552
False,462811
False,289805
False,62075
False,369449
False,240661
False,241297
False,343774
False,383641
False,429887
False,24310
False,58928
False,248733
False,558194
False,247311
False,343256
False,167802
False,144717
False,403853
True,290248
False,3521
True,491665
False,496198
False,216413
False,332427
True,365687
False,135775
False,3920
False,371426
False,200724
False,144246
False,575490
False,570782
False,227878
False,516220
False,2184
False,326511
False,83217
False,59556
False,228907
False,260925
False,227242
False,580835
False,244967
False,403481
False,280740
False,537721
False,303651
False,358100
False,386377
False,493741
False,392170
False,347483
False,328427
False,49357
False,296758
True,81387
False,358136
False,291983
False,132223
False,426175
False,181413
False,294744
False,381246
False,80430
False,270198
False,397403
False,81871
False,535961
False,295778
False,336335
False,526968
False,491983
False,15809
False,517920
False,396528
False,231536
False,397543
False,173229
False,56070
False,344024
False,326367
False,5482
False,529788
False,268333
False,332205
False,280866
False,410016
True,278224
False,186587
False,320715
False,315314
False,46891
False,162181
False,472327
False,62549
False,386764
False,343200
False,92909
False,301188
False,334772
False,2372
False,376970
False,437100
False,200643
False,457708
False,263677
False,505898
False,492469
False,216771
False,111062
False,402057
False,476080
False,315812
False,525640
False,151200
False,228419
False,148415
False,166896
False,136461
False,248263
False,263599
False,182233
False,386879
False,557720
True,14960
False,342711
False,227220
False,442872
False,446531
False,29715
False,478393
False,422466
False,267647
False,315719
False,60600
True,478433
False,366440
False,16314
False,125586
False,265233
False,314915
False,376934
False,222295
False,27844
False,228518
False,106660
False,145452
True,266160
False,530851
False,420110
False,761
True,579060
False,445446
False,482910
True,72888
False,279022
False,455799
False,131833
False,250035
False,554232
False,279085
False,246423
False,303570
False,495753
False,76615
False,31671
False,133151
False,435902
False,458410
False,564687
False,556086
False,157675
False,203102
False,309956
False,25034
False,52886
False,75183
False,193476
False,514292
False,337435
True,333615
False,36460
False,168647
False,398927
False,30997
False,108850
False,490099
False,400976
False,385675
False,560495
False,537198
False,150358
False,299881
False,290259
False,32787
False,333412
False,280847
False,31093
False,199669
False,560992
False,503283
False,377672
False,7665
False,275432
False,211201
False,570543
True,315249
False,10478
False,485269
False,81505
True,278001
False,380203
False,165893
False,28377
False,526197
False,72187
False,270696
True,14892
False,163594
False,514369
False,173843
False,143305
False,423161
False,328592
False,502828
False,477636
False,349964
False,178742
False,442666
False,218155
False,215069
False,96654
False,225215
False,32329
False,68217
True,311007
False,507789
False,36459
False,532159
False,413868
False,246923
False,488075
False,164918
False,262239
False,71339
False,78580
True,515241
False,491628
False,399049
False,171735
False,450215
False,257
False,34777
False,235409
False,332115
False,71699
False,271620
False,531797
False,145093
False,131979
False,12795
False,361643
False,138549
False,18896
False,358684
True,54277
False,449455
False,352900
True,53601
False,294689
False,268084
False,460755
False,241565
False,137706
False,184999
False,157789
False,367896
False,266209
False,312199
False,254130
False,241496
False,283129
False,439628
False,463889
True,221593
False,125882
False,45634
False,57424
False,18418
False,323182
False,146959
False,514514
False,56049
False,429160
False,33429
False,62547
False,532926
False,28872
False,428214
False,128891
False,233968
False,348931
False,399984
False,144180
False,203302
False,239593
False,546219
False,189600
False,357837
False,140454
False,303020
False,39617
False,179650
False,562461
False,271972
False,280788
False,198969
False,500896
False,228133
False,64954
False,224958
False,63252
False,27015
False,531515
False,552990
True,193540
False,417590
False,145199
False,385864
False,384605
True,249180
False,340069
False,276004
False,342639
False,521719
True,409496
False,308812
False,222702
False,86686
False,124428
False,92813
False,265715
False,304749
True,546320
False,5692
False,20475
False,381301
True,247082
False,181485
False,170898
False,38558
False,486503
True,142346
False,415174
False,538497
False,255315
False,561354
False,303392
False,544950
False,262227
False,158729
False,27789
False,50750
False,125725
False,456136
False,316044
False,406885
False,332276
False,230976
False,288023
False,369976
False,309491
False,424174
False,292558
False,46242
False,327026
False,176947
False,148042
False,278418
False,224596
False,389389
False,69461
False,419371
False,160186
False,144503
False,398083
False,162309
False,183990
False,447038
False,510377
False,569096
False,103358
False,73276
False,300428
True,492968
False,281176
False,420525
False,354242
False,514749
False,101183
False,146131
False,438691
False,297989
False,444496
False,548184
False,544975
False,104028
False,485595
False,341277
False,575349
False,156497
False,169766
False,277046
False,172964
False,209084
False,286016
False,268647
False,287792
False,484734
False,361397
False,350245
False,19333
False,138922
False,42057
True,346795
False,88414
False,28367
False,406286
False,204589
False,279117
False,347736
False,151609
False,276835
False,316514
False,303358
False,85036
False,70603
False,152731
False,209671
False,271747
False,237100
False,140010
False,362778
True,525382
False,38370
False,78782
False,524595
False,383873
False,373259
False,335924
False,213536
False,68996
False,254540
False,12881
False,303413
False,439946
False,267907
False,75076
False,550423
False,92050
False,471962
False,168690
False,176765
True,362005
False,23400
False,324334
False,47151
False,54340
False,502336
False,203450
False,152120
False,533805
False,458918
False,394100
False,272765
False,61174
False,292587
False,175633
False,31079
False,225329
False,187079
False,235062
False,450597
False,67455
False,454611
False,131967
False,337857
False,7355
False,214320
False,273035
False,115823
True,561223
False,218242
False,401434
False,208849
False,189310
False,198054
False,353935
False,430476
False,167095
False,85731
False,234733
False,22802
True,396687
False,310532
False,367615
False,378081
False,290889
False,252354
False,123214
False,222322
False,509292
False,154556
False,121575
False,568440
False,385598
False,180055
False,6517
False,242307
False,529004
False,419194
False,312591
False,459914
False,213342
False,130215
False,71838
False,39010
False,194138
False,138115
False,185901
False,511363
False,153609
False,504736
False,555685
False,436138
False,539476
False,14862
False,279689
False,272678
False,35230
False,188511
False,105830
False,127268
False,540176
False,448652
False,546658
False,349480
False,460702
False,363606
False,157469
False,415589
False,271301
False,493072
False,354185
False,381350
False,74253
False,203870
False,163608
False,220472
False,88029
False,539566
True,325228
False,286862
False,171678
False,28875
False,300369
False,262707
False,429144
False,577964
False,478643
False,280484
False,139815
False,205512
False,277738
False,505626
False,219246
False,182373
False,346637
False,351034
False,557848
False,458487
False,79127
False,251608
False,539789
False,148263
False,183756
False,213902
False,102684
False,268659
False,196286
False,77813
False,88735
False,139285
False,343012
False,204806
False,350017
False,343309
False,280024
False,274724
False,390933
False,110170
False,282002
False,510027
False,175743
True,256868
False,32176
False,231905
False,406489
False,514245
False,178031
False,164727
False,229858
False,402542
False,292356
False,193785
False,365098
False,314572
False,229947
False,526911
False,135278
False,232969
False,146841
False,25784
False,411968
False,572467
False,551941
False,431827
