v_coco_id,coco_Id
False,412922
False,580161
False,572604
False,77533
False,39789
False,317792
False,393575
False,535080
False,308422
False,464312
False,367934
False,316578
False,245002
False,228222
False,455085
False,36606
False,124931
False,389326
False,568810
False,76636
True,431023
False,51819
False,89973
False,550133
False,261453
True,60647
False,206701
False,43338
False,161062
False,555622
False,110310
False,5340
False,151587
False,318857
False,498840
False,408965
False,109783
False,41962
False,333363
False,351521
False,499393
False,130645
False,536312
False,456045
False,98480
False,242605
False,168542
False,117759
False,438580
False,226268
False,175942
False,406021
False,433353
False,473489
False,440792
False,268114
False,95622
False,75846
False,495613
False,344735
True,565203
False,542211
False,479219
False,412555
False,492674
False,2544
True,34412
False,324785
False,191995
False,389116
False,407056
False,480379
False,178121
False,14998
False,466519
False,52761
False,357272
False,553422
False,38365
False,249556
False,402112
False,87956
False,74224
False,500432
True,483462
False,293964
False,150435
False,514200
False,381683
False,294302
False,319351
False,272316
False,96048
False,280392
False,173584
False,479553
False,44068
False,394113
False,247160
True,115796
False,492657
False,9077
False,219502
False,208414
False,170766
False,147780
False,305540
False,423008
False,381037
False,155645
False,530690
False,446231
False,130971
False,319427
True,348968
False,559522
False,10710
False,344127
False,425038
False,94202
False,507642
False,64827
False,412780
False,67571
False,449981
False,446819
False,114077
False,55276
False,155376
False,53587
False,532013
False,458533
False,244227
False,333739
False,577651
False,404751
False,143095
False,563651
False,534308
False,509247
False,333127
False,51164
False,517211
False,511624
False,452371
False,194054
False,336959
False,252627
False,73075
False,333411
False,348550
False,97913
False,79611
False,573008
False,7535
False,280838
False,76877
False,538822
False,162887
False,307149
False,79792
False,184520
False,177453
False,89908
False,139871
False,195852
False,335063
False,162858
False,17137
False,283456
False,463730
False,398771
False,460030
False,205703
False,229134
False,353427
False,412687
True,538458
False,567118
False,65008
False,248601
False,14849
False,323202
False,488066
False,307240
False,168803
False,198705
False,327315
False,63950
False,118968
False,206998
False,167489
False,103498
False,268617
False,10343
False,363767
False,321543
False,327616
False,103547
False,46630
False,452791
False,467308
False,558539
False,360208
False,416076
False,441232
False,96984
False,60054
False,135965
False,270278
False,285788
False,390159
False,40635
False,275168
False,7621
False,98773
False,296858
False,301749
False,131138
False,148010
False,374891
False,580813
False,476481
False,388714
False,531392
False,37779
False,312867
False,370252
False,89126
False,2495
False,332574
False,412896
False,202582
False,265313
True,15778
False,105719
False,293716
False,341062
False,63647
False,273250
False,360350
False,166437
False,91051
False,126229
False,393928
False,434829
False,68080
False,450037
False,264568
False,172911
False,41606
False,529105
False,569511
False,163761
False,280132
False,298762
False,76405
False,467537
False,218459
False,84784
False,251988
False,526542
False,167021
False,103554
False,554852
False,49413
False,462579
False,163447
False,391754
False,93786
False,131638
False,436221
False,275392
False,555456
False,456302
False,192620
False,272299
False,17305
True,498263
False,326011
False,295850
False,10319
False,374125
False,373400
False,457146
False,178510
False,557200
False,133146
False,22196
False,301194
False,565166
False,392152
False,386580
False,68287
False,48129
False,32390
False,430523
False,458610
False,478120
False,80367
True,90616
False,542758
False,149221
False,448439
False,10981
False,233111
False,269099
False,2672
False,468648
False,379620
False,283426
False,353558
False,250054
False,337479
False,253262
False,237286
False,537220
False,495641
False,124850
False,173684
False,389378
False,468825
False,189459
False,564166
False,107394
False,150981
False,418536
False,40937
False,360352
False,346351
False,260470
True,367670
False,33186
False,96514
False,497600
False,235916
False,413377
False,483823
False,267699
False,464845
False,176229
False,556789
False,21942
False,24779
False,373905
False,350270
False,169474
False,133060
False,104701
True,361291
False,413947
False,130598
False,375637
False,136900
True,299474
False,22080
False,171500
False,573337
False,236985
False,56206
False,453424
False,400257
False,514563
False,19329
False,52565
False,313130
False,127747
False,17192
False,373970
False,507385
False,238263
False,11720
False,369799
False,387773
False,89745
False,448503
False,380635
False,54252
False,319192
False,292177
False,251084
False,175978
False,79754
False,15569
False,470147
False,127749
False,112525
False,170406
False,134597
False,174690
False,311927
False,494345
False,238700
True,273159
False,420304
False,417825
False,379980
False,232001
False,552641
False,460408
False,34459
False,4211
False,27298
False,240463
False,551446
False,185248
False,145523
False,237324
False,539962
False,560660
False,486854
False,122776
False,396223
False,455108
False,346633
False,492627
False,516365
False,451533
True,127451
False,511127
False,31621
False,13000
False,373664
False,404652
False,18564
True,430789
False,473642
False,382207
False,107468
False,40158
False,244213
False,320238
False,479916
False,288391
False,396572
False,532269
False,468777
False,166291
False,489372
False,230450
False,483795
False,25115
False,534038
False,404148
False,114871
False,300791
False,111680
False,402798
False,541973
False,416943
False,312894
False,52123
False,245448
False,264244
False,320685
False,240247
False,262407
False,234454
False,207998
False,117796
False,27208
False,324646
False,42105
False,41155
False,381990
True,393809
False,213499
False,176414
False,511668
False,240589
False,178962
False,559816
False,44332
False,127911
False,355321
False,215287
False,580586
False,290416
False,526506
False,197661
False,465360
True,395888
False,66366
False,501013
False,171062
False,92346
False,81810
False,223342
False,29304
False,48784
False,287842
False,181212
False,37210
False,452341
False,455430
False,272510
False,85824
False,366802
False,302185
False,324231
False,357926
False,223738
False,2902
False,357060
False,35004
False,163258
False,23671
False,138453
False,180141
False,380258
False,543803
False,36827
False,317833
False,375425
False,188722
False,505705
False,462241
False,248468
False,188414
False,93597
False,318388
False,557886
False,413734
False,216695
False,471118
False,285046
False,156827
False,273068
False,484331
False,139039
False,127543
False,577653
False,77297
False,74390
False,34452
False,287299
False,475277
False,234535
False,268390
False,546890
True,532994
False,309856
False,161752
False,181058
False,549301
False,547817
False,308610
False,401821
False,235093
False,40036
False,248559
False,557187
False,509490
False,485082
False,154879
False,530285
False,290489
False,96983
False,316528
True,158223
False,502630
False,178025
False,393396
False,297426
False,307943
False,186124
False,171548
False,87871
False,126613
False,295620
False,233017
False,207507
False,330536
False,507766
False,255425
False,48558
False,392145
False,433839
False,184405
False,261605
False,423488
False,433499
False,289275
False,506942
False,512334
False,559225
False,285064
True,551676
False,208919
False,226939
False,467654
False,67347
False,115637
False,46149
False,152472
False,446623
False,382692
False,548703
False,162189
False,136683
False,457344
False,230576
False,234903
False,377576
False,565834
False,140898
False,344671
False,319346
False,348782
False,265209
False,531036
False,412613
False,552352
False,250517
False,428576
False,75341
False,268785
False,474353
False,332773
False,133098
False,525766
False,551052
False,568454
False,539879
False,240742
False,174196
False,106194
False,314558
False,269434
False,279837
False,505739
False,457672
False,292075
False,329394
False,442224
False,138316
True,269103
False,292845
False,436399
False,109041
False,177915
False,415475
False,464880
False,141723
False,333152
False,353090
True,515301
False,72813
False,527427
False,368116
False,162249
False,85131
False,139930
False,436963
False,357044
False,62543
False,366711
False,494220
True,207611
False,2608
False,279674
False,345781
False,107313
False,288729
False,344284
False,173202
False,281330
False,408047
False,164010
False,354569
False,118320
False,280808
False,7155
True,180764
False,307831
False,321325
False,286773
False,275694
False,356949
False,452516
False,384093
False,369367
False,400581
False,357108
False,83000
False,128337
False,322008
False,201757
False,158077
False,130681
True,572900
False,118369
False,439398
False,226866
False,352259
False,309437
False,515622
False,280764
False,227741
False,291557
False,253417
False,375530
False,23781
False,560307
False,486362
True,195316
True,181837
False,509733
False,76578
False,397143
False,430818
False,474827
False,468518
False,178980
False,536504
False,436252
False,307658
False,135872
False,129546
False,555748
False,504988
False,407634
False,69365
False,368253
True,522054
False,385157
False,287223
False,392674
False,266968
False,40720
False,180271
False,25145
False,249906
False,286248
False,59565
False,73904
False,203754
False,228965
False,18482
False,161354
False,408492
False,361054
False,53842
False,570866
False,413600
False,441152
False,73310
False,415222
False,541132
False,88835
False,330573
False,134649
False,178379
False,533231
False,29541
False,36563
False,454565
False,148830
False,105473
False,169456
False,394
False,487548
False,137206
False,503703
False,74714
False,301817
False,129753
False,202158
False,314390
False,194800
False,299103
False,306095
False,545581
False,396115
False,505501
False,411767
False,351439
False,294349
False,465138
False,97724
False,170914
False,136088
False,114473
False,374107
False,319098
False,62154
False,620
False,82263
False,221927
True,87920
False,166465
False,401551
False,452819
True,447728
False,33005
False,466058
False,463414
False,485268
False,249049
False,123797
False,253988
False,72525
False,535136
False,507334
False,244057
False,573085
False,305253
False,310331
False,170968
False,84677
False,75754
False,321118
False,331395
False,455613
False,471515
False,274277
True,65189
False,382584
False,512183
False,124408
False,401862
False,105402
False,302582
False,501867
False,74002
False,563653
False,162735
True,67761
True,38850
False,66443
False,275663
False,180593
False,293860
False,492292
False,279451
False,584
False,453158
False,92559
False,567439
False,173798
False,23797
False,330098
False,51054
False,221805
False,407253
False,364420
False,526927
False,433774
False,126301
False,231034
True,213592
True,262893
False,144935
False,1688
False,534334
False,74828
False,97250
False,274687
False,130564
False,264855
False,85777
False,287794
False,29730
False,99026
False,180020
False,396084
True,397658
False,50531
False,61834
False,460929
False,233292
False,52949
False,443641
False,513056
False,335688
False,539395
False,535198
False,228463
False,7221
False,440738
False,381305
False,355458
False,201460
False,435482
False,481920
False,246804
False,515885
False,324483
False,300383
False,222908
False,456953
False,68958
False,294595
False,353435
False,389466
False,244635
False,242465
False,382951
False,496373
False,20254
False,104345
False,137619
False,63561
False,11703
False,20701
False,578362
False,8473
False,580033
False,573830
False,404015
False,271017
False,171289
False,111819
False,494335
False,356400
False,529360
True,581446
False,188417
False,305660
False,252504
False,210812
False,208971
False,511480
False,221910
False,284805
False,480720
False,155624
False,302588
True,437540
False,104425
False,556282
False,335450
False,159702
False,561677
False,572215
False,306553
False,486910
False,449675
False,293900
False,136464
False,275604
False,3209
False,316429
False,72258
False,234341
False,389303
True,142779
False,497797
False,64800
False,507684
False,312184
False,245453
False,61389
False,441293
False,268435
False,133281
False,182541
False,398948
False,496854
False,405674
False,533179
False,469977
False,142561
False,486484
False,39196
False,193911
False,246877
False,458721
False,1670
False,299676
False,434958
False,317061
False,375606
False,230104
False,269922
False,20376
False,18367
False,293579
False,296913
False,374976
False,575040
False,316351
False,537393
False,454832
False,108081
False,539141
False,40551
False,560054
False,311465
False,1213
False,565663
False,291780
False,210139
False,514356
False,503502
False,207703
False,463620
False,556782
False,215549
False,44840
False,340884
False,123382
False,34020
False,469343
False,229267
False,543300
False,128972
True,143101
False,27002
False,160443
False,539340
False,159152
False,91306
False,496740
False,109114
False,404714
False,56160
False,92136
True,354070
False,257767
False,555037
False,157783
False,27793
False,568341
False,73353
False,29125
False,234422
False,414258
False,131299
False,74137
False,26388
False,504259
False,85004
False,252010
False,276506
False,435323
False,515377
False,218603
False,170235
False,242079
False,11791
False,77963
False,203615
False,154339
False,408818
False,270323
False,464615
False,197118
False,9465
False,141200
False,448607
False,22278
True,320396
False,209513
False,348504
False,133152
False,493952
False,57265
False,541767
False,398540
False,479481
True,491449
False,147174
False,468465
False,546649
False,392612
False,544114
False,153299
False,577857
False,105863
False,183715
False,329733
False,493829
False,23249
False,128938
False,544060
False,426980
False,455984
False,182367
False,342515
False,174595
False,431315
True,500390
True,479035
False,516143
False,580916
False,271590
False,360747
False,461821
False,445071
True,335824
False,144322
False,93579
False,313206
False,197686
False,91359
False,50552
False,154011
False,90891
False,101241
False,133812
False,138092
False,174313
False,222587
False,83147
False,458649
False,197482
False,31888
True,390130
False,576052
False,52843
False,464555
False,322220
False,263047
False,417264
False,330327
False,146162
True,547886
False,548088
False,294159
False,225398
False,511784
False,274331
False,82157
False,341164
True,532295
False,116603
False,270325
False,504147
False,559720
False,270122
False,477466
False,434264
False,255654
False,580986
False,383341
False,195860
False,372726
False,465664
False,457981
True,92122
False,526793
True,338501
False,376983
False,177832
False,558876
True,385154
False,83214
False,351288
False,526203
False,438701
False,539413
False,478517
False,241934
False,30062
False,213475
False,173791
False,353602
False,387977
False,271680
False,186461
False,566495
False,280454
False,67832
False,59116
False,110324
False,355210
False,57796
False,100303
False,196748
False,453547
False,212027
False,7934
False,146256
False,277916
False,385856
False,25872
False,403398
False,314069
False,311080
False,231392
False,361193
False,376315
False,499061
False,336919
False,553079
False,117284
False,36482
False,557546
False,196205
False,421209
False,541536
True,227928
False,462132
False,516168
False,13916
False,411665
False,277592
False,101952
True,51899
False,272007
False,41939
False,340393
False,438304
False,94409
False,79111
False,12748
False,237872
False,570817
False,22690
False,140542
False,28702
True,550365
False,293468
False,122251
False,135453
False,8471
False,309968
False,424192
False,528466
False,461692
False,431746
False,501694
False,500705
False,14278
False,161008
False,332243
False,138179
False,290708
False,262450
True,405191
False,175421
False,524611
False,480893
True,103973
False,462567
False,577512
False,530535
False,506971
False,381256
False,435829
False,239010
False,527720
False,189943
False,232073
False,151328
False,496683
False,494896
False,406591
False,476812
False,566668
False,453512
False,300322
False,337226
False,97218
False,64152
False,4731
False,475659
False,549830
False,214109
False,442069
False,428895
False,354946
False,164339
False,138995
False,291560
False,443093
True,21613
False,91301
False,220077
False,70336
False,230964
False,473347
False,478159
False,327217
False,543657
True,625
False,490490
False,328652
False,403773
False,533739
False,283589
False,407868
False,158127
False,40433
False,326731
False,175954
False,329515
False,314254
False,327834
False,30109
False,273088
False,424849
False,513532
False,235345
False,121720
False,288579
False,160848
False,47975
False,455135
False,37429
False,578317
False,1586
False,516766
True,239130
False,53082
False,290331
False,373184
False,201993
False,266885
False,277069
False,19888
False,578147
False,510791
False,241602
False,129659
False,26828
False,387513
False,413472
False,284987
False,13616
False,360975
False,576902
False,550162
True,563912
False,566331
False,49957
False,333654
True,412419
False,219762
False,27756
False,176289
False,332345
False,435937
True,80952
False,67356
False,399452
False,441105
False,8196
False,146857
False,380143
False,511777
False,562121
False,84902
False,164428
False,65610
False,529515
False,241453
False,390664
False,378775
False,253125
False,342105
False,20509
False,71476
False,407246
False,220988
False,46615
False,124636
True,80426
False,370986
False,3935
False,104893
False,142002
False,70087
False,281878
False,316481
False,112811
False,425135
False,298197
False,539087
False,502860
False,126200
False,164921
True,117676
False,238735
False,328075
True,420151
False,515962
False,385770
False,186497
False,451202
False,226961
False,129989
False,157076
False,23511
False,502798
False,114828
False,476335
False,439509
False,287474
False,1290
False,454072
True,450709
False,60370
False,213288
False,188587
False,44960
False,182227
False,534553
False,542165
False,215709
False,417141
False,337771
False,504561
False,175933
False,22118
False,529939
False,17967
False,473555
False,59462
False,551867
False,309889
False,55514
False,356184
False,422221
False,257137
False,494427
False,90712
False,101155
False,131364
False,468771
False,455136
False,537652
False,5782
False,326
False,11258
False,511866
False,130973
False,552348
False,249058
False,374520
False,59383
False,31636
False,188482
False,268901
False,411334
False,52901
False,516476
False,578193
False,338864
False,277389
False,439692
False,303409
False,446207
False,156832
False,10539
False,1877
True,405628
False,487462
False,126895
False,462911
False,148908
False,274267
False,101088
False,183435
False,32275
False,510616
False,248599
False,276913
False,53907
False,129060
False,474069
False,403910
False,300277
False,413676
False,219064
False,254479
False,517362
False,504851
False,237225
False,564676
True,484978
False,571141
False,175881
False,296135
False,548906
False,104067
False,305227
False,475533
False,279243
False,48139
False,72275
False,143998
False,190115
False,340270
False,357074
False,470819
False,9673
False,321517
False,464018
True,345149
False,208844
False,574415
False,188972
False,517464
False,172319
False,511393
False,132706
False,46101
False,527060
False,113521
False,425303
False,161758
False,575625
False,1757
False,388481
False,33061
False,384486
False,508191
False,205272
False,481073
False,550396
False,241667
False,451680
False,328791
False,331749
False,543254
False,532842
False,432675
True,580466
False,103260
True,169514
False,388399
False,553962
False,338439
False,132415
False,146988
False,516880
False,113757
False,221842
False,252025
False,170313
False,328957
False,539653
False,156312
False,219264
False,476699
False,169588
False,458374
False,170116
False,18396
False,49716
False,63355
False,17959
False,495387
False,211956
False,134366
False,85427
False,52412
False,26551
False,12711
True,358923
False,316522
False,332498
False,354930
False,255866
False,458199
False,93992
False,320840
False,460812
False,33707
False,287302
False,385042
False,571702
False,24721
False,302021
False,132288
False,38286
False,90374
False,447182
False,374352
False,326959
False,197163
False,400336
False,131913
False,88929
False,34904
False,561288
False,208886
False,123321
True,33731
False,41437
False,383379
False,135763
False,541730
False,45053
False,568156
False,549017
False,540567
False,434291
False,199681
False,491164
False,286619
False,373344
False,6562
True,345751
False,341111
False,161451
False,250258
False,453649
False,357930
True,541764
False,526029
False,263276
False,229559
False,227453
False,111831
False,421338
False,454915
True,510061
False,577312
False,230404
False,395606
False,124571
False,477434
False,393680
False,118838
False,404678
False,70421
False,300279
False,317464
True,560439
False,243792
False,113182
False,506586
False,196255
False,308579
False,61288
False,61266
False,10844
False,171584
False,45406
False,421626
False,55648
False,272384
False,383173
False,81283
False,430973
True,372604
False,267088
False,385259
False,328452
False,552589
False,340647
False,349932
False,76753
False,69705
False,9171
False,467589
False,85328
False,27556
True,512217
False,321902
False,47652
False,386809
False,456833
False,163975
False,304455
False,115314
False,284950
False,209431
True,573453
False,214367
False,496268
False,329350
False,343887
False,115633
False,176040
False,32524
False,99536
False,470032
False,119267
False,358060
False,264434
False,70321
False,272958
False,185080
False,370868
False,362166
False,70800
False,79927
False,266932
False,432526
False,262329
False,242855
False,550911
False,80147
False,386553
False,451832
False,346497
False,51484
False,95176
False,398260
False,343169
False,149835
False,227318
False,326359
False,400832
False,299715
False,465744
False,181562
False,132702
False,556089
False,180410
False,205274
False,332448
False,237697
False,460198
False,537002
False,287324
False,274376
False,221042
False,157920
False,20857
False,24861
False,325423
False,579402
False,27008
False,338629
False,57631
False,514218
False,269051
False,100316
False,424293
False,525533
False,340317
False,496128
False,549930
False,390757
False,9262
False,142400
False,30000
False,477273
True,130320
False,486941
False,364806
False,53929
False,64417
False,222724
False,339250
False,309494
False,163716
False,461187
False,28320
False,115178
False,252549
False,78059
False,468401
False,507615
False,536589
False,132798
False,377649
False,511403
False,298658
False,345224
False,204217
False,238535
False,24566
False,409291
False,168991
False,97406
False,140588
False,472942
False,441062
False,289814
False,560153
True,312439
False,72795
False,54938
False,554104
False,220838
False,288055
False,293334
False,189828
False,329827
False,329012
False,290498
False,322255
False,340665
False,255662
False,403553
False,539556
False,325620
False,130563
False,74964
False,136807
False,368661
False,28930
False,110482
False,319492
False,544018
False,224869
False,128460
False,82945
False,536252
False,490579
True,502117
False,384598
False,307759
False,149738
False,74787
False,276686
False,389974
False,495625
False,390782
False,262145
False,569319
False,163105
False,160701
False,70020
False,350810
False,105385
False,497172
False,435012
False,362072
False,44699
False,137995
False,341696
False,171753
False,423855
False,458147
False,439126
False,242972
False,578164
False,575610
False,249166
False,295945
False,458613
False,424110
False,15391
False,51783
False,17152
False,125069
False,109761
False,499597
False,411979
False,32134
False,248231
False,349139
True,227482
False,477654
False,132161
False,359337
False,447927
False,217458
False,213375
False,363387
False,356531
False,266058
False,420713
False,146084
False,125603
False,164848
False,277524
False,551581
False,368875
False,358172
False,456076
False,442277
False,228565
False,375786
False,437599
False,372020
False,339781
False,10743
False,32289
False,150089
False,285978
False,493197
False,217007
False,365301
False,306249
False,460287
False,35489
True,536006
False,343993
False,89861
False,429644
False,282946
True,54178
False,29377
False,478220
False,74861
False,274776
False,528142
False,320744
False,113370
False,27935
False,264396
False,573529
False,27246
False,464366
False,462849
False,366831
False,142581
False,492057
False,72809
False,170602
False,453507
False,83393
False,219121
False,577796
False,42429
False,214803
False,61734
False,226734
False,282229
True,224366
False,249668
False,415918
False,383662
False,294783
False,394436
False,95518
False,225943
False,115772
False,487414
False,193255
False,183360
False,341035
False,215655
False,190323
False,502178
False,421684
False,279920
False,198706
False,366146
True,456566
False,533063
False,365999
False,368978
False,79696
False,508485
False,413538
False,556871
False,88155
False,366396
False,8339
False,206451
False,244720
False,86809
True,111104
False,151832
False,330649
False,75924
False,313097
False,86823
False,204938
False,444487
False,127643
False,239828
False,436318
False,441850
False,363559
False,498645
False,346004
False,515710
False,79408
False,543528
False,481165
False,154207
False,503036
False,115291
False,251801
False,154725
False,188287
False,72701
True,136300
False,54532
False,81084
False,56960
False,232949
False,88382
False,296676
False,285257
False,508302
False,291855
False,219014
False,426803
False,26398
False,201969
False,21404
False,409771
False,118436
False,231281
False,71357
False,377509
False,27365
False,251098
False,515508
False,141587
False,241026
False,304627
False,373029
False,550341
False,281158
False,218716
False,526013
False,160531
False,104502
False,557920
False,362192
False,578710
False,546643
False,286422
False,351933
False,151414
False,100599
False,456315
False,139416
False,90827
False,240902
False,340930
False,449387
False,113449
False,227307
False,336660
False,286478
False,351217
False,512263
False,18179
False,124477
False,203937
False,546147
False,364133
False,233997
False,166370
False,27030
False,377319
False,41104
False,72551
False,473773
False,365493
False,371254
False,50562
False,360811
False,140017
False,575641
False,410962
False,373356
False,354268
False,473210
False,393576
False,18380
False,425690
False,568925
True,513214
False,398746
False,88324
False,552595
False,73726
False,71492
False,136384
False,178798
False,17935
False,104262
False,378814
False,191068
False,385969
False,412142
False,451902
False,543057
False,128711
False,363549
False,531622
True,451463
False,135316
False,155571
False,67988
False,419586
False,2164
False,99299
False,152725
False,347507
False,547367
False,160181
False,321539
False,385682
False,428726
False,129067
False,428390
False,409178
False,198977
False,143449
False,401001
True,503687
False,141051
True,273814
False,298732
False,323970
False,29018
False,276664
False,547769
False,421432
False,306339
False,399570
False,414679
False,463605
False,44523
False,553428
False,152353
False,81365
False,16964
False,3442
False,443934
False,323827
False,262599
False,468170
False,501177
False,390471
False,310435
False,14029
False,294314
False,47589
False,319005
False,109945
False,424289
False,384852
False,388082
False,341663
False,292182
False,528591
False,364073
False,122109
False,527497
False,273138
False,151927
False,83773
False,494398
False,25539
False,382558
False,14468
False,567375
False,10995
False,517408
False,480605
False,315407
False,416484
False,306247
False,365258
False,563065
False,491743
False,360778
False,143811
False,95360
False,329475
False,531752
False,382521
False,463892
False,380348
False,397058
False,326610
False,101292
False,85183
True,569432
False,389815
False,94502
False,240278
False,225591
False,352709
True,359925
False,309161
False,84650
False,226197
False,250240
False,298269
False,209144
False,209753
False,500664
False,570917
False,226505
False,146389
False,157756
False,364705
False,301888
False,194153
False,438751
False,50340
False,271206
False,405437
False,138572
False,116353
False,63882
False,923
False,152269
False,50556
False,429044
True,192656
False,540682
False,439175
False,340577
True,193373
False,88023
False,280331
True,401167
False,354579
False,126408
False,575606
False,312544
False,482493
False,67199
False,486233
False,406699
False,470021
False,223194
False,115649
False,137057
False,395633
False,514457
False,52847
False,270558
False,208000
False,405561
False,525790
True,220382
False,86820
True,427901
False,103549
False,174425
False,280941
False,578026
False,358200
False,410482
False,44672
False,17873
False,190135
False,52232
False,93851
False,213988
False,181846
False,43921
False,89212
False,325031
True,106364
False,44437
False,231685
True,267802
False,579463
False,84683
True,156170
False,314048
False,27609
False,309728
False,271588
False,47386
False,22870
False,269863
False,391823
False,572173
False,330316
False,395740
False,437206
False,45173
False,184828
False,106575
False,112122
False,201386
False,182782
False,478522
False,162488
False,542988
False,474519
False,442878
False,504400
False,447991
False,420052
False,426876
False,322211
False,447902
False,263388
False,303822
False,361088
False,507389
False,50961
False,495167
False,335045
False,323288
False,66253
False,167245
False,543549
False,44671
False,303726
False,228045
False,141920
True,389133
False,332027
False,20925
False,450704
False,497030
False,494679
False,345838
False,534866
False,254129
False,306672
False,296987
False,454422
False,289107
False,108531
False,216998
False,167644
False,366984
False,189735
False,403268
False,409251
False,457131
False,166993
False,552368
False,216454
False,510998
False,159768
False,381551
False,383678
False,467145
False,532644
False,228388
False,505420
False,196226
False,47526
False,562818
False,54837
False,460160
False,83884
False,73190
False,521968
False,371090
False,93400
False,236224
False,403841
False,529465
False,135139
False,235840
False,248169
False,373964
False,307730
False,131539
False,10290
False,5745
False,484812
False,233426
False,249256
False,545611
False,235802
False,163068
False,37091
False,556157
False,465449
False,563381
False,487642
False,451219
False,347558
False,550532
False,339759
False,64054
False,355679
False,111277
False,286886
False,562008
False,36345
False,541514
False,120572
False,22563
False,564663
True,276671
False,441841
False,280133
False,554323
False,478475
False,71095
False,254332
False,39629
False,564646
True,486070
False,363165
False,26435
False,341271
False,98943
False,147337
False,384326
False,55373
False,145999
False,215569
False,81630
False,419681
False,87146
False,124004
False,64423
False,548318
False,193403
False,343914
False,286162
False,338834
False,276077
False,371260
False,446045
False,354539
False,59611
False,157278
False,308253
False,99607
False,174735
False,183249
False,33974
False,122811
False,137690
False,163645
False,399332
True,335500
False,574784
False,247726
False,490843
False,313480
False,377205
False,241461
True,465235
False,35690
False,416860
False,49554
False,357895
False,36098
False,268102
True,520434
False,93765
False,156084
False,133559
False,432055
False,321766
False,479711
False,384235
False,193452
False,195772
False,286962
False,338592
False,517596
False,423624
True,109908
False,112720
False,148859
False,216462
False,273324
False,151764
False,418115
False,226708
False,121841
False,537005
False,574324
False,147694
False,47550
False,144727
False,40042
False,186944
False,500822
False,69569
False,288921
False,551433
False,447974
False,205477
False,83850
False,406732
False,182082
True,75527
False,180083
False,473616
False,166764
False,486009
False,181149
False,104758
False,105168
False,546686
False,494852
False,159103
False,148024
False,411263
False,360367
False,105580
False,65884
True,456545
False,320508
False,54192
False,152965
False,71345
False,172226
False,168817
False,252290
False,46320
False,484762
False,430428
False,344126
False,567410
False,555571
False,474289
False,318789
False,221562
True,15908
False,401182
False,296151
False,412855
False,546826
False,376831
False,529762
True,467151
False,47742
False,312003
True,534655
False,27493
False,7932
False,496682
False,191918
False,515565
False,413603
False,547879
False,300001
False,571618
False,173448
False,122213
False,255859
False,16355
False,337552
False,310664
False,45059
False,125042
False,401699
False,19338
False,28766
False,431764
False,117407
False,194742
False,20311
True,353407
False,13769
False,558864
False,528154
False,480601
False,253940
False,175116
False,462134
False,450400
False,471107
False,95828
True,248924
False,566201
False,488564
False,526337
False,172425
False,412531
False,217034
False,481895
False,147192
False,570632
False,28823
False,469232
False,353581
False,149376
False,266031
False,89818
False,362711
False,391615
False,578055
False,143245
False,237401
False,570785
False,311612
False,426077
False,499884
False,413198
False,384616
False,285743
False,185922
False,310629
False,571485
False,212440
False,425612
False,395130
False,226648
False,316400
False,540799
False,149921
False,365523
False,334775
False,430325
False,113839
True,368775
False,536619
True,555534
False,245313
False,388009
False,210057
False,499179
False,54305
False,336374
False,22627
False,532610
False,93667
False,351504
False,113698
False,554346
False,283890
False,33642
False,236161
False,385417
False,311759
False,431312
False,249609
False,301851
False,574009
False,171328
False,306855
False,279787
False,65024
False,251113
False,360393
False,503207
False,356154
False,20137
False,42956
False,566236
False,39155
False,553304
False,360629
True,577073
False,14049
False,211230
False,467842
False,462244
False,132059
False,222078
False,566743
False,191686
False,93005
False,126554
False,568060
False,204969
False,64534
False,12509
False,327433
False,455691
False,30699
False,426096
False,391652
False,70356
True,516116
False,503490
False,356182
False,326583
False,82834
False,164667
False,305762
False,498363
False,300876
False,551086
False,579802
False,327132
False,32887
False,118514
False,562388
False,336811
False,23392
False,52073
False,352217
False,530712
False,156069
False,515214
False,145921
False,22964
False,580919
False,451107
False,388303
False,380086
False,27055
False,81841
False,27660
False,148783
False,537631
False,205126
False,87000
False,131524
False,559301
False,310680
False,212380
False,267152
False,246915
False,347144
False,499932
False,408029
False,86217
False,288372
False,532535
False,405088
False,310770
False,445351
False,570280
False,271875
False,405800
False,38259
False,390328
False,105200
False,220685
False,467262
False,185366
False,74927
False,231534
False,318381
False,531585
False,285961
False,170695
False,349575
False,74007
False,8657
False,154721
False,374559
True,212843
False,45422
False,67868
False,253087
False,538465
False,310980
False,10241
False,173607
False,381957
False,359099
False,318780
False,506750
False,390347
False,385877
False,290578
False,77178
False,535688
False,462284
False,528886
False,421367
False,527477
False,460711
False,476589
False,412377
False,344399
True,268804
False,342128
False,326938
False,309192
False,471625
False,115442
False,333712
False,486650
False,351183
False,302260
False,118715
False,140590
False,62067
False,404673
False,80738
False,179720
False,27665
False,200001
False,251367
False,288751
False,79151
False,440349
False,509373
False,227103
False,531115
False,96338
False,191471
False,384012
False,60678
False,190000
False,214241
False,501056
False,308125
False,508456
False,579070
False,50134
False,538349
False,443377
False,127527
False,21718
False,135270
False,317971
False,515315
False,159280
False,486081
False,44054
False,104149
False,298759
False,385972
False,159457
False,140122
False,382312
False,412248
False,349047
False,331268
False,550313
False,422655
False,387672
False,56859
False,232543
False,87555
False,155515
False,309135
False,569723
True,417870
False,386166
False,530016
False,443575
False,433134
False,428345
False,422067
False,330951
False,558107
False,562516
False,319053
False,71122
False,131763
False,264330
False,144388
False,446614
False,524646
False,92001
False,117229
False,447879
False,73680
False,49259
False,125017
False,405873
False,292688
False,421599
False,456578
False,507536
False,79710
False,328688
False,532520
False,48223
False,492754
False,12464
False,330637
True,157696
True,162332
False,38801
False,423332
False,526896
False,154071
False,398756
False,81105
False,507397
False,574874
False,480679
False,137918
False,147969
False,466265
False,178248
False,361351
False,460236
True,493294
False,313301
False,139873
False,285890
False,149349
False,544926
False,379575
False,241073
True,60081
False,393677
False,84615
False,96564
False,28304
False,252160
False,51773
False,57744
False,486072
False,92165
False,31946
False,542745
False,504888
False,232849
False,470313
False,51326
False,568869
True,25024
False,419150
False,444769
False,240478
False,377807
False,36292
False,221165
False,346788
True,478812
False,434190
False,297520
False,338969
False,301506
False,472874
False,181065
False,434379
False,276719
False,201501
True,278973
False,21614
False,441854
False,547066
False,242516
False,190381
False,494438
False,500716
False,282173
False,540669
False,410378
False,550089
False,329139
False,135303
False,439271
False,137118
False,159680
False,377237
False,236370
False,78000
False,274105
False,107204
False,395007
False,283261
False,574804
False,420765
False,380983
False,526204
False,313577
False,358048
False,579198
False,13876
False,167184
False,247369
False,305460
False,451150
False,324286
False,163114
False,542035
False,360614
False,340653
False,153279
False,484835
False,314916
False,394560
False,315640
False,380989
False,49719
False,574430
False,178411
False,327529
False,139843
False,51963
False,116588
False,114419
False,555738
False,92221
False,61698
False,90218
False,352129
False,314425
False,176732
False,268129
False,339355
False,462486
False,435468
False,71239
False,255546
False,328500
False,248469
False,5174
False,449657
False,13547
False,242665
False,74711
True,378967
True,405093
False,49633
False,525622
False,403221
False,400104
False,141166
False,389622
False,114153
False,82411
False,435076
False,395714
False,512796
False,156216
False,163683
False,137886
False,134286
False,200978
False,403556
False,470354
False,246491
False,232548
False,141807
False,187573
False,192196
False,496597
False,463151
False,343878
False,416325
False,238717
False,496829
False,483156
False,309655
False,528525
False,452343
False,464809
False,513037
False,234978
False,250223
False,351260
False,82650
False,60677
False,28518
False,21459
True,95039
False,338736
False,250282
False,444928
False,203732
False,65220
False,133476
False,445295
False,445019
False,477137
False,265150
False,294811
False,465618
False,16898
False,345989
False,435136
False,39791
False,354761
False,534178
False,297009
False,537408
False,232954
False,464328
False,491244
True,460454
False,509824
False,448653
False,205834
False,42260
False,137699
False,274784
False,385248
False,467311
False,64933
False,542200
False,65262
False,441734
False,361685
False,178407
False,478155
False,412690
False,513766
False,374782
False,276254
False,40018
False,367111
False,3982
False,240751
False,223875
False,34523
True,107501
False,55402
False,250737
False,106275
False,8064
False,12023
False,388779
False,539302
False,442877
False,158754
False,214059
False,576517
False,302497
False,188660
False,87320
False,444880
False,43511
False,10707
False,470057
False,7444
False,580120
False,179124
True,529240
False,575052
False,140008
False,100344
False,66038
False,251418
False,235914
False,514055
False,478621
False,17311
False,389399
False,265277
False,121340
False,95867
False,377241
False,178957
False,242734
False,120067
False,315053
False,284025
False,145952
False,76589
False,244368
False,199527
False,440243
False,511165
False,569500
False,137826
False,539883
False,214737
False,502395
False,197656
False,551763
False,568393
False,121526
False,558528
False,148144
False,198404
False,87726
False,124232
False,544272
False,394240
False,40228
False,290619
False,289594
False,91023
False,34169
False,59532
False,435623
False,367804
False,304165
False,176720
False,494660
False,265330
False,546095
True,443342
False,295932
False,433019
False,449031
False,389474
False,69426
False,336961
False,146583
False,201909
False,132136
False,439268
False,369253
False,541219
False,564708
False,452312
False,429416
False,431628
False,445784
False,578046
False,67573
False,264923
False,343104
False,449210
False,415789
False,132612
False,8888
False,142803
False,36810
False,360263
False,62941
False,478164
False,72518
False,331311
False,547777
False,477927
False,192532
False,61503
False,410126
False,309599
False,66753
False,272718
False,23415
False,113244
False,45374
False,475999
False,407778
False,197265
False,578918
False,471591
False,393984
False,117304
True,569196
False,82770
False,558788
False,59388
False,369171
False,212011
False,230700
False,564655
False,282631
False,56877
False,400936
False,314044
False,416851
False,575590
False,294421
False,563809
False,166874
True,276024
False,41478
False,278555
False,162643
True,517941
False,450047
False,50912
False,263425
False,264828
False,402908
False,50885
False,396932
False,71608
False,307196
False,339373
False,171374
False,547102
False,212257
False,512337
False,200307
False,282773
False,279212
False,324409
False,49458
False,527962
False,29136
False,242290
False,60482
False,482721
False,78820
False,110962
False,154846
False,547644
False,129571
False,65420
False,116185
False,137911
False,453485
False,148570
False,282707
False,89849
False,330357
False,490322
False,398666
False,80455
False,456010
False,221441
False,414421
False,381961
False,27921
False,483059
False,403317
False,263679
False,392099
False,492954
False,298547
False,555493
False,412734
False,284783
False,220735
False,20679
False,269799
False,494629
False,141386
False,342592
False,93171
False,376643
False,226984
False,2703
False,143594
False,42977
False,342385
False,310499
False,376858
False,528331
True,580778
False,416145
False,452221
False,343418
False,57100
False,445200
False,168475
False,269605
False,188575
False,342958
False,396387
True,467580
False,463596
False,539971
False,539214
False,453483
False,571773
True,235893
False,211860
False,313605
False,435065
True,540614
False,20781
False,571746
False,254119
False,477810
False,345357
False,1790
False,219754
False,193129
False,175310
False,491611
False,540830
False,280158
False,215553
False,409369
False,177361
False,74733
False,230305
True,57597
False,49592
False,210813
False,54764
False,84313
False,4795
False,70353
False,58350
False,235351
False,512316
False,172599
False,22256
True,34356
False,396550
False,543525
False,157153
False,385586
False,287870
False,462798
False,160106
False,438413
False,420612
True,478338
False,169262
False,128791
False,577052
False,16525
False,574509
False,277089
False,263639
False,176873
False,65218
False,382863
False,43319
False,160740
False,282515
False,58864
False,394175
False,351597
False,222145
False,19609
False,332812
False,292118
False,451012
False,294718
False,244022
False,198079
False,417475
True,447130
False,232173
False,73560
False,107565
False,239894
False,501971
False,580796
False,38116
False,398767
False,43264
False,192403
False,439124
False,344667
False,349201
False,406997
False,345406
False,499168
False,285588
False,455103
False,104265
False,571562
False,125188
False,204667
False,477475
False,215534
False,284089
False,218784
False,331370
False,95651
False,477719
False,116423
False,108242
False,434275
False,128299
False,186255
False,174004
False,292330
False,287232
False,127360
False,224975
False,67297
False,97210
True,237677
False,390513
False,421370
False,463583
False,323258
False,458727
False,525869
False,516911
False,466992
False,417350
False,1453
False,308950
False,206247
False,39509
False,544738
False,376185
False,63365
False,328661
False,375001
False,336448
False,25616
False,69018
False,527791
False,113745
False,188955
False,145718
False,217562
False,178189
False,374916
False,274959
False,334700
False,14713
False,46371
False,31601
False,429727
True,18111
False,526105
True,484575
False,104403
False,244476
False,66881
False,174898
False,507263
False,544373
False,341916
False,224674
False,123188
True,8119
False,109178
False,184830
False,131131
False,411475
False,180503
False,233873
True,537864
False,170786
False,482967
False,368363
False,377999
False,495814
False,22032
False,239627
False,218249
False,233437
False,492156
False,51101
False,109314
True,303320
False,192999
False,467097
False,568082
False,317024
False,466787
False,191005
False,268239
False,389244
False,180817
False,275335
False,482225
False,172173
False,316937
False,136983
False,525539
True,471966
False,89556
False,345518
False,62313
False,217823
False,118404
False,377703
True,68586
False,238831
True,572505
False,425712
False,79121
False,308806
False,378710
False,86216
False,42245
False,421102
False,162475
False,36077
False,309402
False,444262
False,466054
False,490810
False,127976
False,76654
False,445859
False,182096
False,104282
False,472392
False,203639
False,420912
True,126255
False,235784
False,247157
False,253513
False,156175
True,474024
False,124827
False,379841
False,576996
False,360020
False,42800
False,440157
False,94087
False,511625
False,294667
False,560204
False,45954
False,157344
False,371453
False,575020
True,529670
False,497626
False,83456
False,465198
False,73146
False,160380
False,372471
False,6053
False,423810
False,242432
False,230422
False,265531
False,272967
False,341455
False,303585
False,322405
False,104592
False,450903
False,295057
False,201664
False,83219
False,141146
False,515102
False,248793
False,300881
False,189203
False,82338
False,150127
False,343268
False,158922
False,324395
False,128658
False,509005
False,444830
False,321550
False,149568
False,177539
False,465140
True,459569
False,372794
False,294734
False,90862
False,382668
False,49758
False,243627
False,239882
False,563743
False,426094
False,103747
False,61599
False,480140
False,102210
False,516590
False,498283
False,143736
False,181859
False,95020
False,560279
False,65211
False,83269
False,526035
False,249362
True,278921
False,390120
False,14743
False,316806
False,78695
False,279511
False,181007
False,509149
False,492750
False,461428
False,392111
False,230367
False,18670
False,459951
False,572341
False,5011
False,394866
False,398448
False,576749
False,475007
False,403278
False,224910
False,512467
False,494568
False,230616
False,33656
False,130948
False,172910
False,439242
False,37823
False,26913
False,492078
False,63965
False,507535
False,178418
False,196307
False,329379
False,238799
False,417203
False,531423
False,319650
False,106266
False,373119
False,562144
False,33182
False,113293
False,29466
False,181591
False,96161
False,300189
False,276986
False,263727
False,352236
False,235244
False,32339
False,231628
False,150754
False,328628
False,305427
False,359677
False,516401
False,80987
False,252731
False,188621
False,397445
False,345861
True,401244
False,440000
False,366795
False,473337
False,203661
False,40051
False,54001
False,290113
False,53111
False,577364
False,485777
False,482407
False,19181
False,500032
False,199390
False,13043
False,352821
False,26733
False,464522
False,185545
False,175871
True,445041
False,365218
False,198349
False,453317
False,553586
False,142269
False,167084
False,117203
False,196063
False,452186
False,569308
False,241531
False,334466
False,510304
False,93522
False,66696
False,290477
False,34682
False,428991
False,354235
False,183201
False,210275
False,256177
False,571499
False,427726
False,531995
False,505655
False,325838
False,568653
False,409268
False,228794
False,553503
False,323397
True,393271
False,41123
False,7090
False,391837
True,253485
False,308073
False,95185
False,171737
False,71918
False,372641
False,502698
False,459210
False,106874
False,186276
False,289341
False,120952
False,33938
False,165574
False,76170
True,512827
True,381476
False,440291
False,397759
False,267022
False,80708
False,242061
False,93791
False,61647
False,5684
False,563961
False,413984
False,290839
False,395830
False,167408
False,162645
False,141848
False,526341
False,37746
False,505666
False,160810
False,50576
False,565399
False,379038
False,347263
False,251375
False,113593
True,462324
True,219848
False,499177
False,75668
True,421491
False,372305
False,233500
False,41001
False,487583
True,517017
False,323128
False,434060
False,569678
False,434069
False,297267
True,71385
False,266622
False,298433
False,409591
False,174842
False,357247
False,75591
False,353850
False,152328
False,217393
False,395248
False,46255
False,539478
False,533889
False,154644
False,180267
False,216221
False,492698
False,58225
False,485602
False,303534
False,346645
False,211684
False,387616
False,210849
False,323356
False,386530
False,510080
False,232311
False,30752
False,293452
True,541909
False,541324
False,215132
False,561433
False,566501
False,176522
False,577843
False,17401
False,452721
False,86168
False,305695
False,224349
False,55303
False,104494
False,191847
True,531633
False,251936
False,61782
False,495374
False,428605
False,526071
False,417741
False,203931
False,119525
False,271996
True,482172
False,78358
False,23434
False,307114
False,236843
False,55607
False,220972
False,506026
False,284354
False,133727
False,342817
False,338529
False,566027
False,3786
False,211079
False,195531
False,383726
False,182902
True,248854
False,106848
False,292082
False,80386
False,431793
True,67218
False,496097
False,545676
False,55288
False,281575
False,578467
False,207833
False,513199
False,143258
False,86811
False,437575
False,296464
False,201758
False,166464
False,570403
False,448401
False,497878
False,175013
False,271906
True,82718
False,40114
False,340734
False,445435
False,51628
False,516931
False,281567
False,59194
False,452872
False,98658
True,262414
False,116334
False,294925
False,41293
False,254656
False,45387
False,449701
False,245664
False,40210
False,507570
False,392851
False,503294
False,9217
False,449677
False,197503
False,260206
False,291394
False,210363
False,8228
False,527193
False,295940
False,575971
False,293276
False,317656
False,516273
False,37326
False,314065
False,69308
False,384635
False,488303
False,323896
False,487685
False,545093
False,249807
False,430690
False,456033
False,190723
False,130099
False,363072
False,125761
False,4647
False,50988
False,123175
False,307708
False,137890
False,275292
False,381457
False,460266
True,363107
False,128256
False,112830
False,325568
False,74299
False,81116
False,517472
False,12792
False,228000
False,413341
False,450151
False,200772
False,92342
False,460833
False,491474
False,67631
False,551470
False,19047
False,107225
False,453866
False,460453
False,434261
False,557249
False,31919
False,150987
False,204514
False,350299
False,322820
False,300323
False,88162
False,222987
False,412847
False,390017
False,405778
False,151844
False,346581
False,99041
False,499028
False,399213
False,209179
False,436882
False,492037
False,139333
True,411443
True,73753
False,160273
False,104081
False,108698
True,383533
False,104188
False,488775
False,402364
False,581482
False,323851
False,179034
False,309163
False,94422
False,395388
False,17482
False,124174
True,365095
True,560969
True,323895
False,55184
False,355736
False,16125
False,371201
False,285634
False,99671
False,429811
True,568790
False,314540
False,178421
False,93441
False,391642
False,425836
False,12179
False,367614
False,186615
False,430640
False,210144
False,526980
False,330806
False,478880
False,552041
False,423832
True,451623
False,505371
False,80066
False,375731
False,27903
False,189446
True,170852
False,212605
False,189997
False,43150
False,126894
False,349403
False,158359
False,216569
False,55772
False,414870
False,507237
False,308535
False,347392
False,182468
False,405622
False,324036
False,493398
False,163041
True,26552
False,555122
False,31258
False,363333
False,397729
False,577717
False,194043
False,95516
False,369338
False,395520
False,539862
False,493791
True,330911
False,286490
False,399142
False,59736
False,254853
False,202272
False,135578
False,5903
False,429256
False,109206
False,385378
False,294090
False,492286
False,505486
False,439324
False,103127
False,231148
False,51685
False,426591
False,482320
False,542451
False,96713
False,208201
False,495840
False,464906
False,179209
False,386537
True,448839
False,367869
False,73898
True,153631
False,349438
False,370095
False,101069
False,59718
False,12681
False,5154
False,121678
False,282766
False,496801
False,326854
False,35843
False,82929
False,153524
False,18041
True,29116
False,403135
False,367597
False,382624
True,218678
False,384503
False,86924
False,26472
False,352199
False,468394
False,125291
False,206956
True,472878
False,382742
False,533957
True,274870
False,377395
False,489114
False,208805
False,103250
False,38589
False,568087
False,529545
False,235006
False,97200
False,75509
False,81259
False,68158
False,71271
False,369793
False,75144
False,551987
False,385146
False,106033
False,62558
False,70602
False,450458
False,148403
False,552504
False,507603
False,53778
False,300622
False,109532
False,156133
False,572448
False,81842
False,544341
False,160580
False,449870
False,422255
False,63498
False,76409
False,138585
False,54173
False,359746
False,106881
False,33017
False,427100
False,248701
False,305526
False,282568
False,176542
False,342660
False,344969
False,4129
False,189504
True,406723
False,313600
False,517723
False,575410
False,2349
False,100396
False,252863
False,52925
False,278962
False,548597
False,355180
False,345725
False,210104
False,427500
False,516634
True,223414
False,60433
False,388852
False,187557
False,569767
False,543790
False,159993
False,22529
False,7517
False,527345
False,529065
False,228884
False,419467
False,462527
False,62574
False,392556
False,356810
False,560789
False,275348
False,480676
False,12460
False,164512
False,303133
False,103252
False,241617
False,484201
False,442968
False,407262
False,5032
False,204289
False,178795
False,112706
False,240423
False,91654
False,568984
False,361909
False,430850
False,121601
False,515296
False,78221
False,430052
False,262756
False,102771
False,179520
False,177941
False,564951
False,138186
False,24238
False,358252
False,440302
False,292183
False,203778
True,201059
False,525932
True,318444
False,488845
False,544595
False,150374
False,464784
True,205157
False,439241
False,42870
False,95371
False,419323
False,301296
False,55344
False,373765
False,451364
False,114940
False,237383
False,154301
False,41859
False,209527
False,118450
False,492219
False,265023
False,230991
False,158757
False,34800
False,249534
False,385150
False,31971
False,507015
True,145734
False,467927
False,159069
True,233266
False,350675
False,154898
False,221899
False,38210
False,328454
False,534331
False,140129
False,158261
False,373893
True,250749
False,283196
False,94667
False,403535
False,135797
False,479129
False,217614
False,454207
False,125485
False,210201
False,150196
False,438556
False,436932
False,69383
False,224833
False,307108
False,203631
False,325416
False,252411
False,573922
False,502338
False,568505
False,332655
False,208423
False,180575
False,436981
False,288054
False,525183
False,176060
False,239616
True,330205
False,354045
False,498460
False,187511
False,106229
True,145542
False,172017
False,416054
False,223228
False,153507
False,119669
False,293314
False,287466
False,224289
False,209933
False,244361
False,549729
False,147838
False,375568
False,153072
False,216091
False,223804
False,551164
False,292283
False,221587
False,146701
False,385381
False,41776
False,535585
False,334215
False,471981
False,74150
False,194748
False,283279
False,294305
False,420025
False,88031
False,34701
False,47638
False,576789
False,413731
False,446536
False,198832
False,188130
False,188922
False,371361
False,495040
False,307995
False,576412
False,155263
False,30432
False,498409
False,189388
False,341737
False,334755
False,463019
False,377901
True,200717
False,124747
False,510339
False,206584
False,389957
False,231851
False,515056
True,122217
False,406760
False,194653
False,280360
False,573066
False,286493
False,309153
False,21563
False,563056
False,70190
False,278799
False,491000
False,233963
True,14547
False,244425
False,549527
False,118173
False,497245
False,338169
False,70754
False,494552
False,385744
True,404823
False,424138
False,314877
False,64612
False,361140
False,28508
False,172886
False,181852
False,509098
False,330770
False,41568
False,510914
False,227879
False,59623
False,372635
False,302908
False,452179
False,557660
False,333156
False,452321
False,94145
False,538990
False,192810
False,132781
False,144723
False,450324
False,239831
False,453520
False,23253
False,252979
False,107800
False,129397
False,465412
False,552646
False,293489
False,277991
False,399747
False,462477
False,56668
False,278293
False,165969
False,277665
False,213174
False,370273
False,540873
False,153394
False,414529
False,395758
False,187610
True,108094
False,166849
False,328224
False,242095
False,380756
False,446131
False,166504
False,486328
False,369653
False,190929
False,554433
False,570456
False,352861
False,167910
False,306990
False,268224
False,240433
True,537743
False,470912
True,174504
False,355438
False,333862
False,477031
False,326592
True,121961
False,19905
False,355905
False,517087
False,380477
False,575280
False,57571
False,304238
False,119573
False,500515
False,430101
False,374904
False,429758
False,230046
False,176085
False,170835
False,547411
False,132317
False,279491
False,311938
False,550147
False,276853
False,157940
False,51289
False,543684
True,223751
False,444273
False,470348
False,306524
False,261982
False,127786
True,358019
False,162230
False,234603
False,244992
False,119023
False,395013
False,274547
False,209449
False,304218
False,541538
False,7584
False,241001
False,322125
False,70334
False,476715
False,578619
False,250295
False,291786
False,87125
False,492851
False,174213
True,446850
False,23121
False,554756
False,331134
False,41785
False,334868
False,74629
False,505645
False,54082
False,412443
False,27302
False,402177
False,568107
False,384527
False,317062
False,348447
False,450544
False,181436
False,108228
False,284056
False,433063
False,48037
False,225054
False,227843
False,96833
False,236552
False,24693
False,19176
False,122923
False,559218
False,92869
False,254600
False,149305
False,335047
False,542160
False,407820
False,424342
False,394352
False,564902
False,222741
False,391722
True,3988
False,467790
False,573062
False,111014
False,571193
False,556088
False,69209
False,453376
False,245895
True,430036
False,429613
False,5359
False,546829
False,201409
False,181516
False,11987
False,8785
False,416297
False,356261
False,151101
False,39456
False,389582
False,387375
False,293130
False,268393
False,227523
False,33861
False,412857
False,75402
False,291102
False,181680
False,451727
False,398142
False,485773
False,12966
False,16578
False,71182
False,116123
False,650
False,226539
False,132258
False,363652
False,465027
False,7325
False,275631
True,78061
False,328361
False,106202
False,575194
False,353622
False,230224
False,455878
False,392643
False,422130
False,455020
False,410105
False,387463
False,431825
True,154994
False,64723
False,506515
False,460168
False,226377
False,182398
False,541634
False,382873
False,447557
False,165018
False,366383
False,307932
False,565716
False,189645
False,70411
False,387318
False,114822
False,228290
False,542472
False,36151
False,500044
True,103035
False,255067
True,411472
False,475883
False,136142
False,232243
False,459765
False,564552
False,184822
False,130111
False,334782
False,82301
False,159465
False,218761
False,300086
False,53909
False,480812
False,395843
False,487493
False,239808
False,546052
False,186265
False,147546
False,438861
False,565062
False,319517
False,124889
False,299353
True,328397
False,487645
False,242257
False,30492
False,205875
False,274665
False,157125
False,241528
False,193094
False,277885
False,489031
False,372300
False,25273
False,478683
False,573246
False,442945
False,427070
False,414296
False,504774
False,16523
False,279829
False,191949
False,136240
False,542011
False,171848
False,496783
False,357865
True,74349
False,468997
False,430148
False,254585
False,530406
False,412516
False,577967
False,176728
False,306837
False,445726
False,188329
False,529235
False,236714
False,106557
False,436188
False,289790
False,290753
False,42439
False,179019
False,151534
True,173204
False,80780
False,299343
False,265938
False,16317
False,401808
False,479213
True,533504
False,54953
False,542084
False,338515
False,216613
False,378709
False,574063
False,71330
False,102589
False,234057
False,196368
False,354398
False,354546
False,244578
False,298262
False,246016
False,542928
False,397639
False,270810
False,57337
False,233580
False,169192
False,468321
False,119402
False,25660
False,537424
False,296700
False,510735
False,166320
False,85353
False,107427
False,449125
False,181122
True,572411
False,556748
False,178144
False,461572
False,541510
False,303637
False,577558
True,42501
False,193333
False,530913
False,127871
True,2890
False,4488
False,42182
False,30911
False,11618
False,48682
False,465017
False,364589
False,160307
False,440779
False,143825
False,262690
False,481689
False,48977
False,77990
False,277051
False,358781
False,59961
False,71629
False,78490
False,391426
False,250834
False,510254
False,157108
False,386637
False,401884
False,251797
False,311081
False,494642
False,420606
False,549002
False,370996
False,578805
False,274108
False,221089
False,61674
False,178413
False,428812
False,493321
False,180953
False,547457
False,578210
True,344005
False,154377
False,189794
False,552273
False,12701
False,329707
False,340923
False,318904
False,380329
False,552636
False,401532
False,317479
False,311232
False,34126
False,77399
False,532753
False,218057
False,67948
True,251009
False,371694
False,48641
False,535713
False,418110
False,342988
False,12343
False,451337
False,309232
True,491426
False,400845
False,433605
False,551868
False,408830
False,458178
False,30231
False,186095
False,279672
False,290600
False,394008
False,345469
False,367257
False,481628
False,488406
False,152403
False,388297
False,188225
False,354656
False,137029
False,492814
False,291280
False,380227
False,420649
False,152096
False,232218
False,408008
False,468954
False,415499
False,46519
False,489829
False,304584
False,76161
False,163263
False,144333
True,284379
False,387082
False,104044
False,234766
False,174263
False,73533
False,302029
True,374010
False,306988
False,138838
False,529698
False,406445
False,123841
False,285130
False,133002
False,75479
False,121682
False,526133
False,381998
False,355650
False,120819
False,215644
True,496855
False,80090
False,325796
False,36382
False,373043
False,452170
False,145738
False,394976
False,169356
False,382636
False,91808
True,558286
False,1637
False,403184
False,373655
False,162892
False,157378
False,272901
True,16064
False,240243
False,177837
False,465424
True,419212
False,403863
False,469315
False,358090
False,295428
False,445433
False,316580
False,55090
False,267136
True,280888
False,487217
False,282503
False,352524
False,188902
False,160232
False,313861
False,436467
False,293142
False,410583
False,110707
False,58407
False,352111
False,354967
False,166713
False,142847
False,287988
False,103575
False,299765
False,281134
False,129557
False,230417
False,489971
False,510900
False,134841
False,62301
False,511853
False,21183
False,53975
False,575164
False,378305
False,51774
True,3716
False,347340
False,323115
False,212089
False,365236
False,297019
False,414212
False,331366
False,36501
False,210861
False,372959
False,149199
False,378626
False,103510
False,412076
False,135989
False,573033
False,420396
False,127615
False,222686
False,282069
False,551260
False,564465
False,580971
False,339766
False,189888
False,566687
False,82542
False,465045
False,556345
False,95300
False,285115
False,26564
False,329150
False,524518
False,293368
False,77686
False,63434
False,185444
False,403325
False,90888
False,529340
False,411047
False,62889
False,534965
False,56262
False,375536
False,26097
False,509217
True,168617
False,356064
False,177115
False,132972
False,232223
False,510642
False,209534
False,51871
False,156029
False,34205
False,508470
False,38238
False,457011
False,229976
False,353551
False,371151
False,533825
False,571554
False,553097
False,381568
True,346934
False,435249
False,348274
False,480322
False,266587
False,189547
False,238641
True,502113
False,296984
True,12938
False,2759
False,535174
False,210378
False,326156
False,177468
False,446709
False,296030
False,558851
False,468845
False,130175
False,168541
False,456639
False,75299
False,399297
False,421042
False,218099
False,182403
False,352978
False,41848
False,429865
False,248203
False,478386
False,369580
False,464616
False,180641
False,161328
False,375455
False,383652
False,40187
False,508220
False,460507
False,343453
False,351715
False,80341
True,357228
False,154801
False,432607
False,212450
False,421531
False,110611
False,393896
False,298458
False,411733
False,263860
False,163518
False,7733
False,469671
False,306049
False,91615
False,41737
False,528084
False,130181
False,374545
False,262048
False,23760
False,421897
False,137763
False,95337
False,205634
False,297844
False,160422
False,59463
False,109145
False,228002
False,458430
False,400094
True,428366
False,212814
False,397815
False,488297
False,263620
False,355398
False,213781
False,107004
False,564684
False,114035
False,127893
True,488395
False,413160
False,510813
False,96420
False,497464
False,83872
True,414522
True,192023
False,437282
False,491430
False,505100
False,308468
False,369568
False,149371
False,67018
False,510985
True,400168
False,291791
False,156445
False,345578
False,357881
False,468925
False,312072
False,85872
False,20796
False,11856
False,440124
False,268008
False,556880
False,51644
False,125806
False,30273
False,399064
False,342650
False,339903
False,567837
False,84859
False,188520
False,376856
False,80275
False,192574
False,345883
False,422691
False,295199
False,465359
False,484598
False,283825
False,148348
False,420702
False,190951
False,224368
False,232781
False,105576
False,424812
False,578023
False,100863
False,220951
False,162102
False,133273
False,335153
False,385037
False,388980
False,507918
False,364814
False,411303
False,153734
False,482310
False,242073
False,372775
False,273196
False,363844
False,243160
False,540030
False,383407
False,69302
False,81174
False,174605
False,326335
False,388171
False,342098
False,331738
False,272211
False,444419
False,392526
False,75725
False,299044
False,39399
False,402970
False,295257
False,26310
False,120207
False,574144
False,154204
False,158345
False,572453
False,292505
True,480268
False,440107
False,205542
False,549674
False,430420
False,525823
False,220190
False,412835
False,301305
False,136699
False,273677
False,417594
False,548593
False,508950
False,487914
False,373821
False,450584
False,311796
False,470907
False,29328
False,575867
False,242631
False,45648
False,392780
False,502534
False,144718
False,365456
False,270661
False,293289
False,402308
False,442818
False,170917
False,110937
False,250571
False,218749
False,469770
False,281431
False,192931
False,513551
False,414477
False,369333
False,128127
False,575702
False,191947
False,332775
False,263196
False,428712
False,20281
False,44291
False,57725
False,399764
False,120806
False,511651
False,115680
False,197057
False,486921
False,22951
False,473137
False,243370
False,469743
False,42399
False,29023
True,405261
False,413689
False,225750
False,565085
False,577146
False,22954
False,402305
False,198974
False,531816
False,113132
False,579466
False,491778
False,348648
False,140180
False,1840
False,379522
False,175688
False,44569
False,520232
False,140231
False,212780
False,303389
False,76844
False,452693
False,399878
False,194108
False,198936
False,514283
False,299782
False,336910
False,150636
False,477451
False,348945
False,476578
False,349401
False,194707
False,80549
False,171453
False,60982
False,281365
False,20698
False,422326
False,445972
False,191054
True,262688
False,359620
False,233164
False,157209
False,79802
False,322057
False,547247
False,580704
False,290719
False,68623
False,90594
False,428691
False,376084
False,419822
False,574795
False,219676
False,450864
False,405997
False,80084
False,173768
True,21983
False,487421
False,282706
False,370029
False,230210
False,19250
False,289187
False,469567
True,404820
False,48220
False,384036
False,116413
False,460052
False,189765
False,375013
False,379448
False,39390
False,96557
False,272173
True,494309
False,411669
False,440212
False,293524
False,356086
False,75110
False,437910
False,542485
False,429226
False,581712
False,347115
False,242543
False,368827
False,527533
False,337185
False,576776
False,531710
False,46382
False,506058
False,390996
False,223664
False,144167
False,244846
False,419062
False,524531
False,400544
False,370511
False,474545
False,221055
False,435805
False,222280
False,166560
False,113589
False,339240
False,430531
False,286537
False,37954
False,135032
False,304093
False,205791
False,281273
False,12667
False,110437
False,536795
False,487295
False,252375
False,549423
False,50624
False,539551
False,193504
False,266165
True,181805
False,146871
False,73941
False,235358
True,66828
True,392443
False,344513
False,255123
False,160690
False,475734
False,548219
False,51866
False,202307
False,487025
False,534036
False,302325
False,268067
False,87383
False,529929
False,166489
False,321008
False,51339
False,112732
False,152004
False,307421
False,41105
False,251264
False,229849
False,25058
False,343410
False,533134
False,133314
True,150614
False,133567
False,475732
False,447439
False,79077
False,311909
False,9987
False,345139
False,240069
False,357537
False,88210
False,18078
False,346388
False,197585
False,73922
False,571563
False,344896
False,491272
False,132935
False,291712
False,238980
False,126513
False,310052
False,9426
False,35927
True,73665
True,172264
False,221017
False,447200
False,467961
False,143221
False,359086
False,440074
False,171221
True,134926
False,580051
False,242909
False,159315
False,437955
False,81779
False,196365
False,162215
False,69501
False,136111
False,314671
False,252292
False,470718
False,281220
False,241431
False,300470
False,232957
False,115719
False,106652
False,209126
False,74357
False,85155
False,283638
False,72715
False,573885
False,424348
False,355582
True,189212
False,289460
False,146986
False,315043
False,409842
False,403358
False,336981
False,352481
False,542205
False,559417
False,118367
False,55571
False,80619
False,565608
False,73757
False,310059
False,354519
False,156466
False,399353
False,239997
False,286234
True,510864
False,162161
False,569273
False,488150
False,319933
False,382848
False,139359
False,292140
False,96457
False,293372
False,31078
False,171443
False,533897
False,367233
False,189893
False,178958
False,577817
False,507763
False,234910
False,157559
False,31599
False,546296
False,453195
False,484300
False,299489
False,38862
False,190487
False,251065
False,43176
False,301764
False,405569
False,356827
False,279071
False,80865
False,377694
False,421733
False,452963
False,240084
False,413713
False,534859
True,541209
False,164502
False,430149
False,55429
False,44251
False,99580
False,466586
False,513054
False,211198
False,429366
False,426161
False,399097
False,530975
False,100918
False,321511
False,405215
False,153083
False,356765
False,373679
False,466346
False,244979
False,62225
False,487204
False,543026
False,80091
False,528524
False,384726
False,87912
False,240800
False,3272
False,193318
False,358624
False,460578
False,501429
False,512892
False,424739
False,342766
False,243028
False,302940
False,537608
True,418143
False,175715
False,269477
False,157181
False,233994
True,363522
False,483122
False,504289
False,252022
False,366615
False,465973
False,97734
False,5277
False,525344
False,263875
False,189885
False,55764
False,73823
False,75133
False,96973
False,197651
False,68525
False,73860
False,452846
False,328437
False,235787
False,67749
False,214966
False,74461
False,565387
False,244836
False,513796
False,551829
False,302789
False,97240
False,29732
False,58614
False,8187
False,162414
False,220366
False,423842
False,239726
False,86677
False,233950
False,282776
False,369703
False,79152
False,224727
False,288062
False,175318
False,70159
False,223082
False,579329
False,229631
False,562101
False,550448
True,43829
False,69081
False,422670
False,432428
False,500686
False,63381
False,569442
False,208261
False,284542
False,290081
False,212649
False,223718
False,554731
False,105737
False,321937
False,457178
False,381021
False,322407
False,334810
True,573647
False,454524
False,289067
False,536884
False,117325
False,291245
False,130269
False,370918
False,210686
False,427001
False,70702
False,422170
False,17205
False,454177
False,423502
False,380525
False,455657
False,241372
False,309660
False,163186
True,424147
False,53840
False,327491
False,408518
False,21396
False,404377
True,143103
False,51606
False,4478
False,355638
False,89062
False,407667
False,121472
True,39191
False,472316
False,148205
False,103582
False,286303
False,352080
False,315751
False,362499
False,454679
False,155194
False,493272
False,409444
True,379308
False,574357
False,9772
False,10928
False,107716
False,311531
False,122563
False,118406
False,282115
False,193488
False,525354
False,436578
False,284292
False,52209
False,54039
False,385425
False,15709
False,124711
False,446935
False,483956
False,27570
False,347445
False,9539
False,71828
False,494675
False,567437
False,170729
False,439995
False,128351
False,353175
False,79146
False,108208
False,78482
False,83641
False,271006
False,211632
False,307342
False,6247
False,39588
True,247366
False,84174
False,553808
False,166918
False,563727
False,88549
False,335800
False,90814
False,288955
False,192768
False,173647
False,320682
False,527618
False,558639
False,399001
False,357475
False,415569
False,76476
False,430467
False,229233
False,423222
False,507871
False,474330
False,412406
False,499785
False,20540
False,304560
False,356771
False,129940
False,108510
False,48334
False,476380
False,97260
False,537372
False,198607
False,470604
False,579446
False,225829
False,120836
False,386650
False,560581
False,366247
False,422200
False,433301
False,533283
False,436468
False,187734
False,348204
False,128756
False,218674
False,154637
False,514668
False,308546
False,59997
False,150559
False,298395
False,576214
False,4477
False,209232
False,469816
False,203986
False,528130
False,281952
False,190271
False,285729
False,516782
False,321497
False,131816
False,378558
False,475917
False,425158
False,294724
False,277386
False,132725
False,74
False,488658
False,545950
False,17029
False,361736
False,426053
False,175609
False,230148
False,142454
False,214009
False,170832
False,28281
True,24375
True,235479
False,285804
False,44341
False,440313
True,469347
False,437139
False,304092
False,407518
False,369370
False,334011
False,391745
False,91784
False,184037
False,330229
False,141520
False,283152
False,328120
False,72041
False,23954
False,337427
False,224051
False,276931
False,110483
False,6075
False,9983
False,152618
False,407509
False,20972
False,191842
False,352552
False,245105
False,441753
False,405742
False,96702
False,129771
False,99619
False,110313
False,479261
False,431885
False,544082
False,78656
False,110048
False,544561
False,35097
False,84664
False,229401
False,79188
False,244520
False,218704
False,315668
False,545476
False,97564
False,333049
False,61034
False,442726
False,285473
False,4442
False,323127
True,299723
False,411775
False,461634
False,8332
False,235734
True,13908
False,216050
False,349663
False,338321
False,108758
False,540275
False,63958
False,515040
False,419907
True,90311
False,263112
False,57345
False,548702
False,205354
False,209919
False,115967
False,466570
False,166056
False,475572
False,97036
False,182571
False,362122
False,123646
False,127729
False,101414
False,336954
False,385667
False,16593
False,357301
False,422661
False,405194
False,100448
True,501926
False,390915
False,73256
False,138153
False,237093
False,452816
False,421315
False,330086
False,102665
False,434410
False,260635
False,490702
False,477408
False,491204
False,502854
False,576857
False,295082
False,490654
False,110780
False,391436
False,397687
False,351362
False,581884
False,114144
False,279373
True,504726
False,534297
False,444199
False,128224
False,214955
False,8834
False,525286
False,205906
False,301755
False,122857
True,515424
False,262146
False,247121
True,313306
False,147196
False,37862
False,345973
False,427796
False,158306
False,558455
False,177721
False,216378
False,567812
False,11796
False,535304
False,289938
False,288944
False,569289
False,108548
False,438055
False,96670
False,412664
False,328551
False,167369
False,3149
False,137094
False,203304
False,403789
False,92205
False,260029
False,303318
False,477689
False,110718
False,575701
False,169165
False,237318
True,333629
False,572399
False,326925
False,306031
False,471929
False,500764
False,321308
False,281213
False,10175
False,67116
False,24515
False,524992
False,220344
False,275372
False,559438
False,471113
False,216428
False,15811
False,561543
False,249347
True,425342
False,533171
False,58080
False,504256
False,45808
False,186794
False,372122
False,451468
False,338607
False,448626
False,160679
False,177937
False,317962
False,304580
False,225847
False,396793
False,141850
False,376416
False,97078
False,58647
False,117368
False,21826
True,255630
False,525443
True,121031
False,43438
False,243051
False,232011
False,130245
False,251932
False,329755
False,213361
False,333653
False,251785
False,147270
False,375841
False,560025
False,340654
False,222921
False,468852
False,538194
False,40111
False,336172
False,253441
False,43815
True,432616
False,517045
False,88562
False,227866
False,275938
False,147537
False,262603
False,511716
False,53875
False,506802
False,157960
False,275902
False,343201
False,174159
False,170413
False,553267
False,420523
False,269942
False,551063
False,123932
False,517878
False,130043
False,19863
False,11299
False,263382
False,254510
True,476864
False,458953
False,192631
False,95667
False,222424
False,246166
False,81961
False,431954
False,579906
False,95562
False,57810
False,298170
False,427729
False,564352
False,92202
False,541077
False,314602
False,495568
False,130733
False,246308
False,51281
False,359085
False,523037
False,566955
False,335177
False,79076
False,458212
False,324962
False,296426
True,291165
False,492407
False,480666
False,193340
False,533688
False,431750
False,47639
False,69223
False,68023
False,314055
False,97656
False,115511
False,399177
False,202805
False,482733
False,215023
False,175118
False,119513
False,70346
False,400966
False,436127
False,128117
False,419344
False,229180
False,516948
False,552446
False,453250
False,50786
False,389738
False,76841
False,517135
False,180888
False,449156
False,330284
False,300754
False,485937
False,384052
False,404007
False,47235
False,72845
False,134111
False,167874
False,58105
False,6765
False,166551
True,268370
False,472181
False,214460
False,426040
False,307803
False,391272
False,81930
False,292722
False,562879
False,359947
False,55294
False,157875
False,547854
False,529322
False,14514
False,35478
False,441415
False,316557
False,445006
False,45564
False,190362
False,389487
False,156740
False,85383
False,250844
False,116141
False,216899
True,51674
False,555805
False,480122
False,318146
False,85488
False,326824
False,135708
False,269394
True,505477
False,91300
False,240417
False,228669
False,439326
False,300782
False,173083
False,147054
False,577377
False,10627
False,39312
True,535871
False,535424
False,183409
False,380729
False,453166
False,316677
False,346841
False,179480
False,566261
False,478266
False,512479
False,123878
False,563511
False,80434
False,517056
False,437426
False,412681
False,111707
False,117089
False,521052
True,71376
False,420156
False,361149
False,127659
False,387569
False,364582
False,400655
False,44603
False,152860
False,249120
False,249805
False,332158
False,23093
False,336053
False,150797
False,577434
False,404282
False,572752
False,262275
False,562791
False,442641
False,153667
False,1308
False,188457
False,388025
False,543930
False,130096
False,41846
False,92288
False,605
False,421488
False,2640
False,314825
False,163076
False,198382
False,6450
True,542984
False,514955
False,97201
False,235683
False,46002
False,505738
False,554082
False,42418
False,390267
False,91120
False,124606
False,404629
False,274640
False,143958
False,32809
False,104349
False,173117
False,186844
False,106351
False,463849
False,303703
False,338472
False,227567
False,162300
False,451300
True,457559
False,187723
False,414176
False,174522
False,319594
False,220629
False,168453
False,66088
False,161505
False,539768
False,40244
False,359687
False,560396
False,453981
False,524690
False,475195
False,420236
False,188546
False,268866
False,312841
False,541880
False,410898
False,243354
False,39798
False,441172
False,537280
False,426261
False,338987
False,428746
False,172899
False,278747
False,23679
False,224246
False,228316
False,449150
False,111422
False,307113
True,48282
False,162775
False,551650
False,488940
False,580540
False,407413
False,175437
False,191705
False,279892
False,18809
False,487504
False,9199
False,538344
False,255674
False,555206
False,111526
False,194050
False,126727
False,568115
False,444651
True,502134
False,59321
False,445557
False,26466
False,414578
False,516176
False,360540
False,540833
False,397063
False,380457
False,502671
False,489900
False,422897
False,346678
False,292928
False,460880
False,24560
False,381782
False,295762
False,440449
False,362677
False,191117
False,201249
False,493081
False,211327
False,315962
False,281488
False,462509
False,204481
False,459050
False,382890
False,271970
False,194598
False,312017
False,537924
False,193673
False,576343
False,50863
False,78339
False,419171
False,108384
False,273772
False,22002
False,337808
False,346668
False,139561
False,65012
False,391685
False,313873
False,92644
False,443940
False,520871
False,119808
False,478717
False,234319
False,149444
False,447292
False,459819
False,364249
False,465465
False,309531
False,434899
False,353221
False,187280
False,452700
False,524975
False,441969
False,206467
False,541472
False,531313
False,248919
False,341275
False,441212
False,240155
False,180609
False,75450
False,321579
False,26321
False,341033
False,188132
False,142333
False,143661
False,406792
False,188712
False,236354
True,533742
False,90738
False,11138
False,458083
False,210065
False,516993
False,76004
False,278512
True,538977
False,329124
False,288032
False,457384
False,483008
True,547421
False,322194
True,312504
False,157603
False,389492
False,176446
False,35525
False,24132
True,561849
False,264735
False,72788
False,111968
False,9695
False,497211
False,201477
False,42578
False,409833
False,42696
False,33042
False,409346
False,61399
False,125390
False,8832
False,463270
False,437393
False,359408
False,514435
False,409338
False,442824
False,131011
False,279421
False,333918
False,456884
True,195880
False,185225
False,118970
False,199883
False,365309
False,337018
False,192437
True,517468
False,168458
False,305030
False,178674
False,78042
False,201722
False,266676
False,233588
False,278353
False,467745
False,249884
False,459056
False,66734
False,155470
False,93384
False,287117
False,498529
False,292868
False,87272
False,559958
False,193495
False,199842
False,136575
False,232755
False,233975
False,158293
False,206420
False,379713
False,356755
False,48162
False,200391
False,459190
False,542449
False,403107
False,213158
False,147616
False,338705
False,304691
False,154770
False,468841
False,240323
False,25989
False,108165
False,211221
False,355471
False,387
False,333431
False,480553
False,349046
False,261712
False,336793
False,28842
False,368559
False,263758
False,143521
False,439516
False,504248
False,487050
False,153966
True,315381
True,127516
False,505099
False,332875
False,84447
False,399162
False,38321
False,71938
False,117379
True,449914
False,565198
False,362561
False,214030
False,74624
False,469779
False,373782
False,266569
False,147444
False,581256
False,486079
False,422268
False,573277
False,424837
False,202527
False,149810
False,525104
False,361648
False,386326
False,137212
False,395978
False,289545
False,164564
False,498615
False,284488
False,491211
False,455081
False,437967
False,104808
False,234100
False,208825
False,173500
False,340024
True,212853
False,47116
False,17451
False,316415
False,354402
False,301988
False,564437
False,361924
False,153016
False,292188
False,199318
False,239337
False,336414
False,104421
False,563110
False,378922
False,305888
False,68238
False,575837
False,383048
False,112651
False,319299
False,198975
False,207976
False,421400
False,277827
False,445454
False,212756
False,28654
False,92098
False,245797
False,114034
False,302038
False,153814
False,150129
False,75713
False,476363
False,46544
False,437355
False,72708
False,202445
False,129006
False,371654
False,233859
False,569941
False,39106
False,228855
False,331198
False,121598
False,317070
False,225835
False,126537
False,157119
False,207815
False,268418
False,383606
False,158276
False,62858
False,100132
False,225477
False,568961
False,307842
False,288600
False,31339
False,79085
False,374357
False,477800
False,83879
False,419534
False,106843
False,455350
False,300233
False,37169
False,443240
False,12551
False,40723
False,380981
False,194470
False,484405
False,415349
False,42
False,492677
False,331334
False,403335
False,168239
False,118272
False,356006
False,357241
False,467858
False,415146
False,348562
False,310870
False,169282
False,476872
False,36796
False,158105
True,349897
False,581396
True,413923
False,482128
False,246639
False,226011
False,164249
False,445814
False,394904
False,313609
False,302019
False,544309
False,469888
False,405264
False,499627
False,251818
False,198163
False,238001
False,537422
False,305170
False,243857
False,510028
False,478448
False,10903
False,178872
False,429335
False,364402
False,554618
False,325331
False,290215
False,450160
False,381875
False,536786
False,147547
False,176007
False,507073
False,188139
False,291825
False,391444
False,561653
True,242133
False,69625
False,232088
False,541541
False,99099
False,416589
False,530719
False,348991
False,552198
False,211690
False,242712
False,273732
False,247515
True,372464
False,434039
False,184705
False,248471
False,453289
False,399835
False,18661
False,279377
False,231857
False,250227
False,99170
False,279929
False,404847
False,475236
False,298535
False,26443
False,172622
False,190788
False,405179
False,306975
False,513810
True,314880
False,493505
False,438046
False,266070
False,284160
False,581708
False,104809
True,512455
False,379638
False,325710
False,113097
False,114090
False,111817
False,119677
False,534464
False,454712
True,123711
False,456500
False,160615
False,26630
False,319841
False,68305
True,45084
False,5037
False,63553
False,368836
False,409707
False,466784
False,536999
False,561006
True,498733
False,212803
False,64202
False,198762
False,34837
False,278790
False,43776
False,33359
False,80564
False,386185
False,295051
False,318222
False,483476
False,303438
False,396499
False,251019
False,416215
False,148208
False,291345
False,551383
False,300124
False,166586
False,355609
False,286181
False,455365
False,256407
False,457133
False,317804
False,361256
False,67961
False,103778
False,213453
False,220368
False,5652
False,40072
False,418379
False,252069
False,202587
False,160163
False,118081
False,542605
False,163738
True,53900
False,405972
False,46454
False,243158
False,192539
False,395378
False,180232
True,301537
False,63084
False,227733
False,174303
False,388853
False,94031
False,78371
False,137717
False,384700
False,486573
False,116577
True,401553
False,91211
False,357663
False,72839
False,143503
False,113413
False,314292
False,573881
False,55966
False,53496
False,224991
False,236677
False,502380
False,102348
False,370369
False,203119
False,501739
False,91546
True,283107
False,38896
False,26200
False,41597
False,294537
True,403891
False,553150
True,228611
False,497127
False,108536
False,2270
False,363474
False,473425
False,386964
True,283678
False,35573
False,84694
False,300260
False,187352
False,549488
False,234430
False,492268
False,442089
False,49058
False,74135
False,301938
False,559403
False,17590
False,556542
False,110330
False,26041
False,194289
False,197444
False,318238
False,63818
False,161499
False,517089
False,6861
False,514531
False,369190
False,320171
False,363673
False,578019
False,94103
False,124615
False,84187
False,92353
False,18918
False,98514
False,138591
False,361687
False,268371
False,151528
False,196510
False,494321
False,541938
False,426853
False,274978
False,304023
False,249905
False,166120
False,424307
False,415026
False,138207
False,153042
False,250949
False,225383
False,534889
False,140209
False,554691
False,235481
False,111969
False,204664
False,344624
False,413202
False,236412
False,105909
False,383991
False,113898
False,571721
False,185303
False,565155
False,313176
False,506039
False,216301
False,514984
False,498463
False,163457
False,563329
False,322695
False,449011
False,273120
False,545160
False,239565
False,318147
True,313803
False,393203
False,143420
False,361332
True,335518
False,368656
False,359959
False,141158
False,285180
False,508382
False,452005
False,334686
False,317639
False,243699
False,65518
False,143870
False,440334
False,456792
False,89005
False,533721
False,242537
False,228953
False,151854
False,546140
False,420461
False,292537
False,414701
False,139457
False,62226
False,60289
False,120987
False,539705
False,568962
False,182291
False,356718
False,70939
False,167908
False,122834
False,578482
False,248616
False,253579
False,311370
True,75434
False,80134
False,555668
False,384058
False,253334
False,186336
False,433124
False,208459
False,480536
True,223192
False,222599
False,413275
False,163372
False,178440
True,325495
False,456987
False,158179
False,198327
False,372816
False,347163
False,393226
False,313372
False,471863
False,80824
False,161121
False,119027
False,77745
False,29484
False,502297
False,29984
False,499738
False,295857
False,213577
False,238201
False,543494
False,248315
True,160735
False,323427
False,122073
False,286429
False,149446
False,526806
False,113009
False,195294
False,29085
False,202860
False,423830
False,35102
False,195739
False,294214
False,533011
False,120006
False,275237
False,158137
False,54931
False,471528
False,61559
False,24072
False,76293
True,446597
False,120905
False,201738
False,13882
False,541258
False,114479
False,340332
False,244334
False,452113
False,18317
False,325434
False,358384
False,74101
False,395210
False,309852
False,558822
False,83508
False,495722
False,405330
False,119141
False,134008
False,32704
False,254143
False,254976
False,565098
False,436626
False,8053
False,344491
False,482912
False,485113
False,139334
False,29268
False,485605
False,410493
False,485802
False,312536
False,59281
False,547863
False,165053
False,450081
False,495789
False,472707
False,412365
False,574845
False,33727
False,566762
False,26702
False,117322
False,427133
False,37358
False,233071
False,555549
False,416656
False,483994
False,42858
False,283213
False,127843
False,505661
False,289807
False,511157
False,310315
False,484321
False,396490
False,379836
False,332074
False,74159
False,153561
False,160996
False,11697
False,429996
False,202762
False,185513
False,158414
False,80526
False,455257
False,152573
False,464650
False,423036
False,277167
False,386152
False,548713
False,573329
False,399232
False,9725
False,91804
False,365507
False,363592
False,38353
False,216772
False,468577
False,394229
False,406710
False,299838
False,77870
False,170765
False,7278
False,432467
False,338403
False,439339
False,403739
False,368204
False,232900
False,231667
False,401720
False,452799
False,55206
False,199188
False,555020
False,176232
False,529126
False,185282
False,341017
False,108556
False,332723
False,149739
False,288828
False,494618
False,160818
False,439107
False,118477
False,534252
True,457021
False,188120
True,327579
False,264843
False,287656
False,511569
False,445879
True,407770
False,420747
False,382
True,405529
False,490875
False,580729
False,16466
False,370963
False,539132
False,418968
False,90154
False,292499
False,572024
False,473896
False,384207
False,578792
False,285914
False,7498
False,502058
False,207915
False,55469
False,539617
False,577526
False,232277
False,473475
False,174868
False,461545
False,219094
False,436436
False,90994
False,10046
False,235568
False,72026
False,469026
False,232987
False,79653
False,35771
False,202392
False,232648
False,209539
True,66190
False,297349
False,249261
False,163333
False,246478
False,304300
False,407434
False,363247
False,336667
False,416335
False,329508
False,163031
False,5913
False,52348
False,62230
False,396351
False,405177
False,369476
False,382514
False,415464
False,508612
False,303566
False,183719
False,383464
False,79949
False,547413
False,366558
False,214057
False,238138
False,91523
False,267338
False,34761
False,12154
False,534323
False,281628
False,567652
False,321980
False,237587
False,578005
False,486046
False,506454
False,114540
False,461464
False,349344
False,33764
False,236399
False,42173
False,577650
False,530256
False,338370
False,535326
False,337882
False,448278
False,509406
False,53725
False,219465
False,69252
True,356293
False,480275
False,144018
False,139344
False,321403
False,453779
False,247214
False,577527
False,34632
False,534259
True,513567
False,275611
False,81995
False,86125
False,432683
False,158869
True,343803
False,514327
False,134624
False,479227
False,170908
False,425400
False,398866
False,88757
False,186148
False,555537
False,60117
False,211722
False,540928
False,40998
False,127799
False,534957
True,487957
False,36589
False,346175
False,341736
False,536138
False,555686
False,198319
False,275035
False,392228
False,411027
True,116083
False,424271
True,92753
False,484912
False,403360
False,270193
False,97229
False,216161
False,482392
False,314844
False,478922
False,527215
False,532711
False,339307
False,139932
False,87642
False,291675
False,360329
False,215407
False,88514
False,435311
False,130318
False,97895
False,174794
False,528201
False,372229
True,345665
False,415856
False,380632
False,129205
False,204422
False,129143
False,529689
False,516866
False,11931
False,204611
False,179914
False,438497
False,243839
False,13969
False,124593
False,398025
False,540407
False,53670
False,378522
False,566584
False,440409
False,348809
False,453221
True,472472
False,237333
False,359676
False,566823
False,505643
False,312541
False,11265
False,146887
False,407559
False,575198
False,439623
False,369230
False,298793
False,22012
False,108688
True,475731
False,502508
False,71429
False,239306
False,332692
False,193349
False,323483
False,561620
False,454867
False,243946
False,200471
False,84200
True,439443
False,17226
False,106371
False,415052
False,237091
False,142413
False,279877
False,97503
False,357925
False,520256
False,526514
False,103566
False,434222
False,316936
False,35972
True,229601
True,183394
False,66503
False,462492
False,118769
False,358429
False,448531
True,300786
False,19032
False,138904
False,176474
False,352724
False,226308
False,309900
False,408922
False,359823
False,370266
False,12382
False,431995
False,357755
False,134543
False,368589
False,442343
False,530668
False,198550
True,289861
False,26162
False,380163
False,308430
False,225358
False,157980
False,148196
False,128978
False,248112
False,472293
False,118976
False,28103
False,61602
False,341865
False,492339
False,150495
False,321079
False,476175
False,174845
False,382615
False,212384
False,72546
False,370123
False,310156
False,504140
False,196777
False,129781
False,233780
False,497034
False,499611
False,499512
False,79906
False,504974
False,5505
False,109444
False,406595
False,97146
False,334048
False,75883
False,183786
False,453899
False,314379
False,231104
False,516239
False,423562
False,442508
False,552320
False,489995
False,67623
False,393730
False,371973
False,18785
False,221060
False,198560
False,372501
False,216114
False,347529
False,333348
False,249666
False,377911
False,233030
False,228380
False,270112
False,46812
True,195768
False,1510
False,540039
False,383197
False,118851
False,11294
False,292529
False,154995
False,457871
False,397511
False,74945
False,181393
False,569158
False,149356
False,89350
False,556005
False,72095
False,494208
False,106107
False,250966
False,379048
False,85316
False,11701
False,69646
False,264460
False,147301
False,289510
False,188215
False,341359
False,398649
False,375285
False,353317
False,302555
False,295370
False,280530
False,31730
False,179765
False,236282
False,563647
False,152273
False,195968
False,3259
False,355762
False,45728
False,568137
False,66014
False,327913
False,386937
False,421811
False,491623
False,303311
False,541856
False,313648
False,374696
False,223447
False,146219
False,480652
False,52609
False,527509
False,136595
False,450362
False,115222
False,316363
False,182801
False,275170
False,573260
False,166920
False,11297
True,531061
False,152436
False,133527
True,318063
False,8881
False,569645
False,196584
False,429839
False,472704
False,207184
False,499623
False,322246
False,308145
False,76746
True,309859
False,117377
False,167529
False,159971
False,120971
False,95711
False,527748
False,354424
False,307966
True,84049
False,542213
True,274232
False,322307
False,242931
False,418168
False,350129
False,249158
False,42868
False,566346
False,219735
False,324275
False,353729
False,361593
False,353907
False,322127
False,323418
False,453682
False,89580
False,42010
False,48559
False,52437
False,134169
True,273200
False,393274
False,369038
False,549518
False,21676
False,307564
False,269606
False,554136
False,368684
False,197401
False,330084
False,473888
False,210241
False,74947
False,225645
False,547388
False,325943
True,248224
False,371928
False,459757
False,465180
False,459563
True,503293
False,537313
False,400702
False,63508
False,294775
False,556775
False,561383
False,367552
False,145039
False,17487
True,483089
False,1381
False,78663
False,416643
False,186828
False,22940
False,416279
True,433554
False,225494
False,204603
False,393438
False,574839
False,246539
False,62957
False,463305
False,62329
False,326465
False,452774
False,148165
False,402915
False,307731
False,149252
False,293785
False,117071
False,137681
False,14219
False,450991
False,208088
False,528566
False,487476
False,154000
False,431817
False,34961
False,233146
False,57764
False,311112
False,488120
False,204232
False,399876
False,534942
False,290965
False,224247
False,295267
False,14600
False,30143
False,69747
False,452737
False,478009
False,158701
False,397121
False,126272
True,560757
False,151962
False,281676
False,383210
False,409182
False,315696
False,348701
False,297020
False,244839
False,49720
False,283963
False,454798
False,97862
False,530383
False,428152
False,131031
False,81311
False,361197
False,95132
False,297154
False,97790
False,310683
False,401140
False,22268
False,366812
False,578063
False,328732
False,134562
False,237232
False,418685
False,70094
False,5673
False,301261
False,184585
False,148802
False,105751
False,19836
False,161930
False,211557
False,485613
False,484650
False,432448
True,542820
False,44642
True,397190
False,539760
False,183614
False,433545
False,84752
False,561361
False,64001
False,320974
False,103366
False,399899
False,77834
False,538944
False,479120
False,352302
False,471690
False,388674
False,93257
False,326966
False,7567
False,180869
False,495088
False,385705
False,374977
False,123568
False,208901
False,26365
False,569294
False,566598
False,483187
False,167479
False,503077
False,448606
False,378637
False,463571
False,580427
True,573967
False,529320
False,109218
False,83085
False,292661
False,50204
False,431208
False,22530
False,532491
False,386934
False,137402
False,207926
False,44123
False,15944
False,208057
False,230152
False,392198
False,364436
False,504843
False,225104
False,180584
True,564183
False,91587
True,455545
False,83632
False,493772
True,332087
False,450528
False,254850
False,577251
False,252986
False,118534
False,35732
False,319121
False,338670
False,347155
False,326256
False,393546
False,547308
False,382172
False,45026
False,496090
False,310906
False,263231
False,441147
False,225946
False,33167
False,147539
False,554900
False,119536
False,515191
False,482631
False,450914
False,176157
False,336752
False,43795
False,539163
False,434976
False,139094
False,331490
False,376521
False,577176
False,428085
False,420291
False,458616
False,247319
False,60431
False,279138
False,283045
False,136493
False,81474
False,169606
False,100744
False,321363
False,376407
False,194551
False,300341
True,215291
False,87334
False,418489
True,8599
False,44463
False,173385
False,476220
False,425831
False,84785
False,312876
False,184884
False,222097
False,320533
False,276514
False,204390
False,402123
False,467646
False,140565
False,387360
False,21504
False,467112
False,439970
False,146730
False,270709
False,157503
False,540538
False,446881
False,147331
False,363243
False,457900
False,37660
False,248381
False,238392
False,468966
False,467432
False,127068
False,474667
False,19941
False,377412
False,214729
False,101761
False,33888
False,11373
False,459147
False,5700
False,319315
False,460879
False,310759
False,353260
False,361464
False,543281
False,159418
False,471315
False,119456
False,225533
False,385379
False,151307
False,417469
False,377745
False,431335
False,81838
False,268556
False,479301
False,247320
True,393699
False,452611
False,540486
False,265552
False,140658
False,497330
False,146645
False,288659
False,285526
False,127788
False,431555
False,466332
False,319369
False,367784
False,572888
False,38531
False,419074
True,118069
True,467872
False,356836
False,138785
False,265453
False,279066
False,26697
False,510859
False,186034
False,438623
False,344729
False,132795
False,398140
False,269588
False,560281
False,100471
False,178785
False,383884
False,352612
False,333040
False,60285
False,578481
False,161673
False,241161
False,356767
False,191740
False,65961
False,304867
False,58465
False,215812
False,359106
False,64593
False,145174
False,149912
False,422755
False,229427
False,21095
True,279197
False,149602
True,350231
False,334208
False,457726
False,85218
False,26029
False,212691
False,433021
False,196721
False,155170
False,545363
False,313399
True,320785
False,545209
False,401921
False,407266
False,15055
False,432488
False,36523
False,112734
False,179045
False,565245
False,399165
False,52418
False,524387
False,97568
False,556709
False,399269
False,332940
True,243780
False,38277
False,5967
False,349784
False,161027
False,544883
True,305195
False,52974
False,472832
False,423209
False,305685
False,141996
False,25668
False,567440
False,186873
False,391678
False,103261
False,299180
False,331692
False,539908
False,559527
False,43353
False,342478
False,125815
False,80659
False,444872
False,411926
False,231942
False,63049
False,397184
False,540180
False,556001
False,244721
False,91360
False,140387
False,367952
False,62412
False,566653
False,59239
False,562527
False,322595
False,294346
False,236629
False,143167
False,69562
False,223902
False,473318
False,169794
False,442732
False,358891
False,61206
False,245242
False,393617
False,578041
False,140724
False,19631
False,167450
False,179735
False,491701
False,193023
False,416972
False,314526
False,571385
False,502204
False,578375
False,132330
False,13294
False,484208
False,365214
False,326373
False,307341
False,439710
False,323010
False,570786
False,497562
False,210333
False,561673
False,107351
True,416973
False,1099
False,205251
False,419216
False,304466
False,416524
False,333550
False,128665
False,451228
False,498418
False,384029
True,519827
False,187929
False,265745
False,135966
True,409722
False,112865
False,199112
False,183402
False,246728
False,329641
False,296385
False,34139
False,79701
False,8445
False,231918
False,407477
False,292058
False,155709
False,52774
False,360262
False,484397
False,512845
False,27417
False,282942
False,105904
False,480520
False,131879
False,70282
False,94382
False,516432
False,150931
True,489313
True,532812
False,401812
False,107705
False,82324
False,16670
False,398872
False,332861
False,135772
False,32095
False,483737
False,383641
False,429887
False,26775
False,117939
False,238453
False,353473
False,139124
False,313518
False,362656
False,154107
False,320089
False,507776
False,3521
False,235759
False,289852
False,508906
False,224109
False,182369
False,275215
False,85728
False,88875
False,377716
False,78896
False,195296
False,105547
False,144695
False,370613
False,537772
False,431847
False,352734
False,416281
False,127214
False,150208
False,346310
False,186968
False,244967
False,165792
False,290137
False,471358
False,453765
False,433896
False,378786
False,59581
False,33808
False,13728
False,294751
False,148968
False,369675
False,110159
False,105247
False,329175
False,124360
False,116518
False,440673
False,294744
False,185089
False,406452
False,56250
False,198022
False,107610
False,358343
False,574384
False,402794
False,526968
False,318509
False,214489
False,303010
True,233119
False,111330
False,326601
False,252611
False,60720
False,535389
False,219546
False,497736
False,288450
False,3398
False,322710
False,296521
False,554542
False,351403
False,3514
False,133508
False,119137
False,227678
False,367389
False,202523
False,525518
True,461524
False,226018
False,536417
False,525360
False,334772
False,2372
False,431077
False,547246
False,380724
False,178747
False,462341
False,337579
False,399741
False,232919
False,224149
False,402057
False,51453
False,484982
False,396998
False,446359
False,5412
False,360374
False,324012
False,314700
False,240267
False,263599
False,227730
False,427013
False,129719
False,90991
False,354483
False,577948
False,242501
False,104395
False,6190
False,326239
False,427560
False,267647
False,246494
False,282142
False,151670
False,426007
False,16314
False,125586
False,223458
False,387717
False,112573
False,214727
False,538001
False,231502
False,22113
False,476856
False,159105
False,498802
False,479762
False,182927
False,324497
False,487061
False,441862
False,164594
False,151227
False,455799
False,297380
False,150301
False,430346
False,176935
False,497847
False,539678
False,273560
False,346653
False,39082
False,114335
False,435902
False,488160
False,164103
False,579998
False,503401
False,364145
False,474034
True,59024
False,282221
False,309526
False,557717
False,315057
False,95612
True,333615
False,528811
False,495726
False,114843
False,259652
False,25195
False,482443
False,487489
False,490261
False,578347
False,184135
False,488723
False,474268
False,52069
False,569613
False,412483
False,121106
False,531289
False,296989
False,39012
False,168713
False,571182
False,32129
False,83561
False,315257
False,570543
False,297684
True,529592
False,16030
False,515038
False,578114
False,418087
False,58868
False,487060
False,90777
False,347748
False,140582
False,566046
False,263400
False,305710
False,105418
False,5715
False,257231
False,323249
False,355179
False,323720
False,264787
False,94826
False,442666
False,233223
False,85888
True,120872
False,476032
False,227202
False,488368
False,453472
False,507789
False,470028
False,409020
False,410663
False,552564
False,445093
False,517070
False,262239
False,92678
False,154443
False,10442
False,364796
False,506398
False,319822
False,213438
False,483015
False,251591
False,67835
False,45004
False,215650
False,298562
False,16209
False,505039
False,110530
False,12795
False,454907
False,381332
False,364132
False,44147
False,491947
False,292805
False,327794
False,476447
False,270295
False,131160
False,7689
False,341110
False,137706
False,245517
False,496179
False,338316
False,356116
False,138401
False,254130
False,253580
False,452947
False,71295
False,31537
False,82873
False,166631
False,255089
False,206377
False,390260
False,323182
False,160625
False,33175
False,363576
False,426477
False,21991
False,62547
False,23047
False,97255
False,33114
True,565248
False,61260
False,380820
False,399984
False,348555
False,567973
False,104098
False,348595
False,163257
False,165438
False,313093
True,330699
False,288471
False,486962
False,425136
False,59367
False,201305
False,285417
False,77760
False,228133
False,338595
False,118950
False,114194
False,248488
False,531515
False,213922
False,213457
False,510260
False,54598
False,385864
False,486974
False,122551
False,214655
False,23420
False,342639
False,459153
False,545007
False,360759
False,231593
False,161746
False,446436
False,172158
True,447736
False,200477
False,432732
False,433259
False,311950
False,84277
False,324936
False,149755
False,100417
False,344854
False,486503
True,524638
False,161796
False,246878
False,468456
False,374680
False,303392
False,180494
False,463649
False,528355
False,287095
False,253906
False,125725
False,404172
False,67757
False,1584
False,79546
False,227779
False,513999
False,557197
False,431024
False,571263
False,166277
False,327369
False,252008
True,509826
True,135604
False,159777
False,188616
False,81967
True,480747
False,454388
False,574549
True,459078
False,398083
False,573374
False,433225
False,414161
False,92914
False,89254
False,156651
False,375342
False,268835
False,502877
False,312038
False,505145
False,439117
False,423141
False,108451
False,432297
False,308053
False,479779
False,383556
False,425774
False,337416
False,75886
False,485595
False,214888
False,356974
False,498942
False,86229
False,41272
False,350670
False,263796
False,82680
False,289889
False,170607
False,468263
False,344875
False,355116
False,70761
False,137475
False,268731
False,346795
False,88414
False,28367
False,457659
False,313315
False,380868
False,269934
True,76431
False,223930
False,54437
False,220526
False,64
False,74663
False,459755
True,423096
True,148128
False,26762
False,533364
False,281224
False,357896
False,38370
False,155192
False,293027
False,43806
False,364745
False,34478
False,404504
False,68996
False,162914
False,344422
False,392033
True,199381
False,187157
False,10856
False,233485
False,515394
False,438341
False,168690
False,252178
False,42551
False,312692
False,394115
False,119604
False,299409
False,161941
False,567997
False,315126
False,512572
False,139623
False,120737
False,140758
False,61174
False,1709
False,107885
False,133622
False,198518
False,235537
False,495665
False,64962
False,20629
False,66129
False,131967
False,514506
False,436411
True,342929
False,4834
False,254818
False,335366
True,25057
False,409443
False,208849
False,323666
False,143576
False,449403
False,410082
False,510706
False,554625
False,59494
False,568668
False,84800
False,419249
False,512816
False,29934
False,377314
False,298081
False,21571
False,393180
False,509292
False,154556
False,21257
False,289392
False,237003
False,284472
False,172143
False,218840
False,324940
False,17481
False,296252
False,496458
False,357167
False,60507
False,509855
False,193001
False,221874
False,550906
False,432017
False,222074
False,157860
False,30535
False,169361
False,134346
False,562015
False,252970
False,468461
False,430002
False,534669
False,70339
False,148827
False,316477
False,41808
False,273904
False,493066
False,20888
False,381540
False,569683
False,464689
False,14783
False,578369
False,557672
False,354185
False,38886
True,412621
False,190998
False,293841
False,14446
True,223569
False,55128
False,427221
False,229381
False,433190
True,572061
False,77378
False,78253
False,499104
False,577964
False,159729
False,280484
False,139815
False,254411
False,359592
False,297370
False,183187
False,285002
False,217376
False,133905
False,557848
False,351966
False,228618
False,441816
False,437868
False,148263
False,103280
False,10024
False,384188
False,268659
False,479727
False,407400
False,526030
False,407198
False,318845
False,204806
False,384232
False,82174
False,475389
False,413971
False,25393
False,475988
False,93612
False,384850
False,403657
False,58231
False,284246
False,337425
False,80821
False,214870
False,178031
False,429940
False,354766
False,170118
False,775
False,176778
False,379375
False,526570
False,229947
False,477826
False,172040
False,10705
False,215554
False,168725
False,241837
False,557926
False,363037
False,477587
False,487788
False,270070
False,235177
True,76893
False,397192
False,471816
False,199432
False,112066
False,194312
False,346360
False,209917
False,142793
False,188920
False,191806
False,368852
False,161836
False,489399
False,401124
False,94038
False,204463
False,66568
False,532912
False,265503
False,496485
False,359471
False,407146
False,63247
False,333796
False,391029
False,244379
False,450313
False,21235
False,418213
False,218687
False,185838
False,241390
False,282283
False,173987
False,331059
False,436481
False,544288
False,456391
False,114256
False,92715
False,505188
False,168784
False,50277
False,578215
False,284548
False,226812
True,43968
False,539376
False,209383
False,263989
False,282039
False,503983
False,239805
False,412917
False,531128
False,70033
False,415608
False,147788
False,163057
False,139496
False,537889
False,170107
False,8803
False,180169
False,208589
False,253819
False,5028
False,206225
False,24221
False,160199
False,94813
False,529117
False,295134
False,432410
False,166880
True,410066
True,136350
False,280988
False,263
False,505592
False,55682
False,353807
False,116133
False,128581
False,406292
False,394050
False,298540
False,333565
True,173422
False,220697
False,23406
False,378327
False,111281
False,490012
False,67315
False,369594
True,291209
False,573623
False,269532
False,161873
False,415190
False,1926
False,158996
False,104174
False,68771
False,231500
False,79808
False,208479
False,517370
False,244765
False,166287
False,118302
False,557151
False,304223
False,213795
False,404578
True,238691
False,368811
False,364380
False,185888
False,225113
False,466002
False,150137
False,225945
False,324754
False,13754
False,451263
False,75212
False,241288
False,316154
False,326572
False,189245
False,570515
False,569667
False,469708
False,47213
False,431472
False,230273
False,517410
False,31157
False,174705
False,506449
False,101807
False,16957
False,106661
False,212533
False,28149
False,8351
False,503875
False,65400
False,553700
False,233104
False,406938
False,3286
False,400668
False,510385
False,242422
False,110616
False,354429
False,430934
False,393121
False,159309
False,503837
False,124230
False,88931
False,185756
False,187396
False,487825
False,50771
False,136338
False,232931
False,166254
False,492472
False,240322
False,541456
False,463452
False,515212
False,271032
False,499730
False,14006
False,85085
False,434986
False,27297
False,155951
False,356125
False,229832
False,82787
False,300644
False,271183
False,409220
False,307534
False,457745
False,227847
False,556372
False,331024
False,438349
False,262213
False,266409
False,485840
False,238039
False,202275
False,471871
False,508105
False,201764
False,479901
False,292152
False,395928
False,484506
False,114274
False,174145
False,438492
True,559145
False,273118
False,543393
False,278242
False,442060
False,476173
False,113127
False,377331
False,429042
False,397375
False,126798
False,364932
False,281711
True,463224
False,553587
False,347172
False,544875
False,373591
False,135016
False,161098
False,224197
False,352476
False,3794
False,66662
False,573258
False,292242
False,67785
False,499779
True,302838
False,108287
False,477459
False,165643
False,143
False,27388
True,263083
False,302569
False,441129
False,155317
False,198414
False,88214
False,209229
False,144831
False,37336
False,295443
False,339715
False,346930
False,534058
False,157430
False,188771
False,468361
True,243341
False,576031
False,353937
False,114408
False,152294
False,473323
False,117302
False,246586
False,508996
False,149456
False,469832
False,151135
False,17559
True,332261
False,326582
False,354126
False,474119
False,285661
False,127084
False,395973
False,489695
False,568677
False,72156
False,301778
False,512418
False,405090
False,320125
False,113333
False,227451
False,534035
False,580414
False,212229
True,548616
True,99629
False,492291
False,423717
False,541039
False,107119
