v_coco_id,coco_Id
False,412922
False,135336
False,59789
False,213125
False,421346
False,403718
False,422744
False,157112
False,112568
False,362293
False,245160
False,312772
False,93590
False,132746
False,145610
False,439940
False,327347
False,129439
False,571931
False,301558
False,64909
False,542112
False,448236
False,378278
False,60120
False,384173
False,459164
False,174185
False,161062
False,349466
False,306490
False,523194
False,459303
False,524924
False,15278
False,408965
False,501576
False,137271
False,30722
False,293998
False,188310
True,50161
False,497035
False,450762
False,98480
False,376911
False,386785
False,42967
False,214800
False,201436
False,126631
False,535253
False,529352
False,566897
False,440792
False,268114
False,119709
False,18495
False,577932
False,140936
False,537526
False,43758
False,268259
False,343481
False,504664
False,28010
False,200882
False,61231
False,374351
False,336192
False,214926
True,434700
False,472553
False,530466
False,268688
False,332025
False,119169
False,205283
False,444181
False,381504
False,453491
False,364757
False,435284
False,76942
False,483347
False,141955
False,466480
False,25452
False,164568
False,174011
False,503949
False,371051
False,527257
False,559395
False,336546
True,578119
False,505552
False,357841
False,467000
False,437944
False,416931
False,136153
False,156101
False,503399
False,254577
False,208050
True,222751
False,32829
False,389682
False,125908
False,277726
False,49878
False,84192
False,297517
False,346223
False,196244
False,10710
False,312746
False,239327
False,277218
False,507642
False,240304
False,404526
False,491508
False,210050
False,253600
False,114077
False,306258
False,28981
False,208549
False,11677
False,234203
True,264382
False,19769
False,542313
False,278100
False,135275
False,4229
False,1404
False,326210
False,509442
False,502197
False,11158
False,367706
False,283309
False,194054
False,444560
False,287920
False,564503
False,134007
False,352917
False,322376
False,513758
False,77595
False,98054
False,56509
False,343749
False,538822
False,165859
False,95266
False,15827
False,541787
False,532623
False,89908
False,387517
False,268274
False,335063
False,468934
False,197225
False,277426
True,17364
False,510
False,327146
False,319260
False,235176
False,195578
False,239113
False,322790
False,321302
True,80517
False,46385
False,84829
False,123580
False,434031
False,243292
False,168803
False,279578
False,137925
False,288123
False,564211
False,344633
False,513961
False,18402
False,553162
False,539359
False,101702
False,493846
False,485907
False,185989
False,62763
False,502358
False,560629
False,524702
False,525398
False,538198
False,449780
False,102996
False,297104
False,135965
False,270278
False,73731
False,136734
False,359094
False,480723
False,428191
False,402685
False,129186
False,166987
False,378911
False,480960
False,42667
False,580813
False,476481
False,326369
False,531392
False,37779
False,312430
False,151184
False,310061
False,231963
False,332574
False,331105
False,517417
False,495592
True,566518
False,325558
False,466093
False,345005
False,407927
False,273250
False,457288
False,455464
False,504123
False,129030
False,362614
False,510701
False,560298
False,374845
False,442345
False,14844
False,41606
False,251511
False,300024
False,545124
False,510707
False,40966
False,434585
False,191641
True,310673
False,4244
False,118743
False,200221
False,79720
False,172778
False,55981
False,17267
False,338988
False,44815
False,391754
False,184369
False,485246
False,495541
False,412471
False,139455
False,327159
False,79559
False,39131
False,125928
False,326841
False,549535
False,129331
False,178618
False,194459
False,150943
False,383309
False,84866
False,173544
False,478331
False,576598
False,114616
False,515734
False,117400
False,281674
False,566489
False,23355
False,375857
False,186784
False,440057
False,30012
False,404
True,483692
False,474579
False,149221
False,244099
False,363656
False,345177
False,469135
False,512625
False,388417
False,460005
False,283426
False,382947
False,280236
False,337479
False,167843
False,50846
False,155774
False,537169
False,429312
False,31375
False,26987
False,468825
False,480741
False,174679
False,312213
False,171611
False,353588
False,130909
False,452213
False,162372
False,382515
False,23656
True,479621
False,426917
False,399554
False,351297
False,140813
False,348488
False,267699
False,477295
True,404805
False,436130
False,41923
False,304828
False,444644
False,199698
False,436797
False,349776
False,418175
False,477831
False,140733
False,68387
False,472678
False,385935
False,388457
False,493442
False,353695
False,573337
False,352148
False,58911
False,27528
False,160844
False,514563
False,419650
False,380733
False,537124
False,418611
False,455156
False,373970
False,221459
False,487090
False,226552
False,248481
False,311629
False,558211
False,17859
False,530905
False,460705
False,156572
False,120276
False,251084
False,210353
False,130516
False,106671
False,437981
False,428355
False,537954
False,208688
False,121318
False,107438
False,275817
False,248132
False,460675
False,73929
False,192104
False,337139
False,369533
False,33262
False,225693
False,460408
False,205206
False,130637
False,27298
False,36546
True,90011
False,27466
True,13659
False,66067
False,109863
False,354469
False,216218
False,122776
False,396317
False,262200
False,354692
False,492627
False,406074
False,493365
False,210955
True,511127
True,570824
False,101884
False,137806
False,560150
False,6721
False,155790
False,290047
False,332609
False,413572
False,147068
False,90914
False,173865
False,19755
False,496680
True,309744
False,235857
False,32059
True,212817
False,324188
True,516840
False,348722
False,422383
False,538190
False,288156
False,409603
False,326080
False,315160
False,108876
True,117508
False,502275
False,479081
False,170474
True,335594
False,264244
False,145249
False,193781
False,246876
False,493483
False,28826
False,392879
True,155466
False,179667
False,352945
False,329724
False,12983
False,275125
False,165336
False,277932
False,187611
False,20481
False,302579
False,559816
False,245153
False,434576
False,46975
False,326941
False,235276
False,56426
True,397205
False,398301
False,114464
False,568462
False,552460
False,459339
False,7506
False,12943
False,569341
False,13124
False,414501
False,320020
False,175189
False,298203
False,162581
False,452341
False,99073
False,110792
False,404886
False,366802
False,26746
False,528738
False,422350
False,103877
True,435358
False,374448
False,268733
True,446971
False,107840
False,344196
False,538557
False,233430
False,565714
False,146602
False,27452
False,421759
False,116095
False,93274
False,361621
False,139887
False,329797
False,48848
False,517600
False,557886
False,16606
False,212501
False,305366
False,51537
False,246672
False,137100
False,246530
False,103460
False,18766
False,48199
False,460722
False,74390
False,360919
False,281461
False,180315
False,204542
False,371647
False,359073
False,144228
False,241761
False,5828
False,68442
False,549301
False,254493
False,476826
False,56042
False,322562
False,121965
False,290959
False,343908
False,60180
True,499102
False,227616
False,238345
False,191978
False,33249
False,514396
False,466573
False,190475
False,123777
False,369140
False,417217
False,85459
True,194063
False,365503
False,87871
False,370522
False,363935
False,336607
False,202503
False,127391
False,265329
True,492943
False,132182
False,551403
False,541291
False,150669
False,500712
False,423488
False,331372
False,87308
False,143557
False,536973
False,559225
False,168375
False,573704
False,128154
False,310206
False,407783
False,67347
False,115637
False,474233
False,424915
False,349337
False,515550
False,138896
False,444014
False,66518
False,355406
False,525169
False,541351
False,377576
False,565834
False,424788
True,50782
False,212197
False,565650
False,461655
False,400027
False,44675
False,320131
False,539553
False,407336
False,533041
False,233646
False,474353
False,397217
False,536648
False,268292
False,513295
False,192400
False,539879
True,549556
False,298633
False,296286
False,341989
False,108904
False,390278
False,207932
False,136185
False,263762
False,440439
False,13159
False,131564
True,534210
False,292845
False,165291
True,33105
False,342086
True,52003
False,83468
False,213305
False,333152
True,131494
False,169203
False,532525
False,282703
False,312671
False,64602
False,341116
False,301380
False,547450
False,45339
False,57508
False,127259
False,433910
False,221394
False,568004
False,45463
False,573855
False,224811
False,100231
True,479939
False,545002
False,281330
False,430342
False,425066
False,88899
True,43555
False,280808
False,95124
False,302869
False,456443
False,310348
False,449889
False,255399
False,297933
False,46729
False,325939
False,369367
False,400581
False,369393
False,68857
False,211863
False,322008
False,429905
False,32639
False,130681
False,73707
False,452308
False,361222
False,581419
False,153574
False,473549
False,214413
False,280764
False,323646
False,306407
False,327878
True,171384
False,444805
False,346905
False,359805
False,268992
True,181837
False,84867
False,363489
False,136849
False,403122
False,474827
False,48658
False,378844
False,329551
False,254658
False,155845
False,395283
False,28650
False,487310
False,434004
False,62220
False,338994
False,158660
False,284493
False,402109
False,282444
False,486580
False,243694
False,270906
False,484583
False,395505
False,326168
False,339210
False,20853
False,54611
False,234176
False,205424
False,501067
False,161354
False,408492
False,340305
False,53842
False,290597
False,182155
False,100312
False,442414
False,457691
False,556185
False,88835
False,419882
False,473955
False,500219
False,533231
False,341725
True,438862
False,93946
False,374538
False,182734
False,559884
False,253426
False,299970
False,174474
False,393577
False,74714
False,281950
False,455660
False,158708
False,165347
False,511583
False,447549
False,43099
False,418958
False,336991
False,542095
False,470952
False,558498
False,548821
False,496440
False,316474
False,167155
False,87213
False,287366
True,399415
False,416957
False,581425
False,542412
False,313710
False,446351
False,222172
False,8568
False,150427
False,575497
False,495252
False,89271
False,111591
False,293820
False,361130
False,454776
False,199619
False,170194
False,110381
False,158607
False,428440
False,214379
False,38449
False,272015
False,497622
False,170968
False,211852
False,179421
False,136411
False,579524
True,545525
False,555848
False,178685
False,492261
False,364642
False,7735
True,245496
False,232910
False,573169
False,569893
False,501867
False,413056
False,347405
False,495567
False,43680
False,141678
False,4971
False,275663
False,413497
False,357967
False,567318
False,233900
False,584
False,11494
False,197169
True,243825
False,141712
False,113354
False,426297
False,92377
False,244784
False,157748
True,563927
False,424237
False,463802
False,176600
False,556983
False,511271
False,386350
False,112078
False,174048
True,467979
False,74828
False,491259
False,318056
False,296988
False,370258
False,99808
False,276781
False,29730
False,286083
False,416733
False,486989
False,85045
False,119244
False,434394
False,160586
True,23359
False,362662
False,577564
False,57339
False,335688
False,539395
False,44998
False,571610
False,504902
False,374661
False,148240
False,355458
False,545409
False,489721
False,11968
True,564289
False,54182
False,225164
False,300383
False,256455
False,498949
False,298322
False,324435
False,444659
False,296946
False,105363
False,241809
False,382951
False,286342
False,108484
False,537497
False,497483
False,128074
False,292986
False,379498
False,13336
False,279195
False,201406
False,573830
False,190680
False,514504
False,541558
False,530640
False,60213
False,327029
False,85584
False,449259
False,30213
False,3832
False,199403
True,182556
False,80305
False,464347
False,255124
False,140029
False,299601
False,430245
False,302588
False,183539
False,570386
False,551214
False,481796
False,10123
False,561677
False,572215
False,316323
False,129142
False,331919
False,169634
False,30434
False,571850
False,55425
False,424633
True,241897
False,268472
True,295916
True,167390
False,497797
False,301042
False,126810
False,82600
False,10851
False,133619
True,99416
False,387901
False,133281
False,102915
False,505520
False,3915
False,329654
False,531581
False,527338
False,265980
False,228330
False,39196
False,86249
False,195982
False,507091
False,428244
False,73855
True,403680
False,317061
False,94863
False,199050
True,541474
False,326836
False,18367
False,485513
False,108100
False,488833
False,461002
False,398076
False,537393
False,546962
False,401433
False,408101
True,450687
False,560054
False,351553
False,553505
False,494768
False,419489
False,233919
False,167728
False,283004
False,307734
False,463620
False,80336
False,33091
False,58569
False,392058
False,168405
False,392985
False,209142
False,35094
False,576955
True,183414
False,198735
False,27002
False,389498
False,539340
False,155061
False,243189
False,275014
False,40689
False,424429
False,468132
False,37973
True,354070
False,96633
False,260381
False,129532
False,106293
False,373810
False,25917
False,11229
False,33571
False,196571
False,462671
False,448174
False,26388
False,198396
False,358486
False,296128
False,217304
False,413723
False,225175
False,576629
False,237988
False,1856
False,546046
False,468241
False,203615
False,437218
False,110359
False,516022
False,314378
False,197118
False,96618
False,381475
True,533770
True,693
False,325586
False,68956
False,546983
False,487442
False,470046
False,461110
False,483142
False,398540
False,338963
False,453800
False,160490
False,476525
False,127282
False,284383
False,6631
False,112553
False,553189
False,233938
False,455633
False,553541
False,391392
False,11554
False,486694
False,544060
False,543315
False,386632
False,477958
False,135076
False,546466
False,303357
False,470779
True,479035
False,483175
False,44952
False,14526
False,526599
False,210710
False,532181
True,335824
False,91469
False,191342
False,20711
False,376859
False,261161
False,170754
False,154011
False,267927
False,516617
False,33505
False,118207
False,330516
False,263178
False,137123
False,311996
False,418305
False,377893
False,284144
False,126994
False,48530
False,406550
False,195233
False,512723
False,417264
True,244095
False,238007
False,367893
False,127301
False,381994
False,218208
False,330756
False,574940
False,451234
False,401846
False,344763
False,116603
False,270325
False,145212
False,120118
False,149165
False,218863
False,262201
False,330575
False,293342
False,188218
False,92411
False,88868
False,476207
False,414010
False,106329
False,414482
True,338501
False,501348
False,464079
True,43742
False,342184
False,404738
False,375741
True,19292
False,238390
False,147291
False,490720
False,72984
False,249336
False,328210
False,244674
False,129699
False,515043
False,532043
False,150462
False,136271
False,479630
False,131108
False,28319
False,481728
False,57071
False,57796
False,559633
True,187371
False,238615
False,287903
False,206676
False,146256
False,71621
False,213742
False,308195
False,577847
False,139336
False,267925
False,301910
False,361193
False,484353
False,116461
False,465354
True,546295
False,247487
False,229140
False,91780
False,294247
False,332594
False,493482
True,227928
False,567383
False,434053
False,265619
False,418505
False,380742
False,101952
False,160726
False,527784
False,422206
False,512346
False,26652
False,138446
False,79111
False,65798
False,137634
False,423921
False,447977
True,160291
False,14090
False,402298
True,467843
True,212077
False,595
False,8471
False,112928
False,526486
False,362483
False,203690
False,10248
False,22097
False,493117
False,37470
True,469559
False,21248
False,215254
False,458751
False,129064
False,513520
False,213506
False,252383
False,336314
False,353017
False,574059
False,239915
False,104734
False,550432
False,253521
False,74013
False,331354
False,34880
False,570952
False,340763
False,289699
False,160626
False,427245
False,199481
False,124786
False,83368
False,580191
False,401850
False,407808
False,97218
False,490035
False,161585
False,130732
False,549830
False,287663
False,148587
False,67956
False,205460
False,67995
False,531144
False,291560
False,365711
False,409126
True,36322
False,526391
False,179088
False,52145
False,544519
False,536045
False,10547
False,54572
True,625
True,282564
False,540508
False,223757
False,448648
False,543566
False,65011
False,512968
False,353976
False,277518
False,468736
False,119192
False,155714
False,35979
False,30109
False,375493
False,116941
False,545257
False,563243
False,558401
False,375566
False,129257
False,385114
False,500196
False,31994
False,151466
False,65135
False,18293
False,341874
False,568406
False,170308
False,223603
False,216570
False,437562
False,488345
False,492214
False,293133
False,140661
False,464468
False,338719
False,75740
False,157052
False,413472
False,284987
False,196916
False,516268
False,534444
False,389935
False,223327
False,15347
False,405312
False,333654
False,337607
False,107051
False,402387
False,197685
False,338323
False,56892
False,346997
False,182129
True,541017
False,546985
False,337415
False,203559
False,393905
False,140439
False,545526
False,193465
False,278095
False,402330
False,173228
False,109417
False,373099
False,572789
False,494555
False,286920
False,479557
False,235168
False,396294
False,393488
False,181595
False,370805
False,84158
False,80895
False,137842
False,14628
False,179960
False,188136
True,9941
False,5010
False,270796
False,425135
False,28115
False,52924
False,502860
False,450127
True,220584
True,463576
False,161470
False,334012
False,270402
False,517341
False,91643
False,580850
False,232676
False,161051
False,348364
True,340658
False,105884
False,77383
False,158334
False,131490
False,189226
False,334610
False,400740
False,409030
False,573165
False,154307
False,213288
False,272675
False,309031
False,575908
False,534553
False,546975
False,434118
False,417141
False,302240
False,50514
False,3264
False,383611
False,41116
False,17967
False,567315
False,174669
False,494594
False,339266
False,55514
False,252388
False,574499
False,535457
False,336081
False,476902
False,199841
False,509590
False,468771
False,133004
False,550338
False,419867
False,484668
False,411384
False,177705
False,130973
False,568068
False,540785
False,416843
False,221711
False,5577
False,506946
False,320081
True,538263
False,511075
False,35217
False,229566
False,537231
False,398105
False,29437
False,334309
False,155823
False,62442
False,581744
False,1877
False,434467
False,82860
False,253615
False,908
False,481711
False,314685
False,86912
False,211340
False,32275
False,29151
False,250526
False,488454
False,344314
False,129060
False,341350
False,237459
False,119543
False,9640
True,383703
False,201299
False,201839
False,129192
False,17580
False,91460
True,458103
False,500533
False,502140
False,80445
False,3870
False,59732
False,473712
False,45600
False,505288
False,294418
False,70788
False,78077
False,562377
False,92416
False,357074
False,527507
False,105318
False,227093
False,313491
True,345149
False,439439
False,104602
False,181054
False,533706
False,35763
False,70749
False,404602
False,276387
False,579419
False,561565
False,77569
False,373375
False,550853
False,48747
False,67837
False,548423
False,103819
False,100322
False,313585
False,564489
False,550396
False,249955
False,451680
False,278313
False,297043
False,543254
False,526941
False,465169
False,351161
False,132887
False,231984
False,504027
False,145843
False,338439
False,539676
False,37401
False,365945
False,38668
False,295016
False,19719
False,556369
False,294226
False,91996
False,147105
False,246940
True,210457
False,442249
True,5064
False,345117
False,512966
False,516673
False,354888
False,562389
False,495387
False,10104
False,327450
False,191614
False,86464
False,362640
False,365206
False,244451
False,96008
False,332498
False,246004
False,555803
False,135683
False,222463
False,366599
False,353284
False,361439
False,495379
False,215561
False,453563
False,225913
False,369642
False,53406
False,267571
False,29253
False,447182
False,24674
False,577521
False,461802
False,415991
False,486075
False,267940
False,199626
True,271490
False,539737
False,83557
False,529348
False,49478
False,500616
False,517670
False,294353
False,329304
False,250124
False,343643
False,331648
False,401603
False,427990
False,224805
False,52010
False,551107
False,19767
True,345751
False,340535
False,119686
False,540922
False,33561
False,367881
False,564589
False,16164
False,263276
False,364476
False,397042
True,413217
False,372615
False,454915
False,23176
False,405435
False,125836
False,411223
False,269232
False,234020
False,39733
False,220917
False,415232
False,70421
False,191511
False,373284
False,499705
False,417413
False,397404
False,443640
False,207330
False,72453
False,61288
False,61266
False,375099
False,225399
False,170784
False,78030
True,105996
False,450959
False,8195
False,428718
False,79853
False,167952
False,167540
False,201421
False,344582
False,552589
False,15976
False,64751
False,150546
False,69705
False,243456
False,286892
False,447020
False,431357
False,28157
False,321902
False,579520
False,409921
False,554452
False,343706
False,382345
False,492992
False,505440
False,351233
False,190187
False,423778
False,347097
False,279420
False,70787
False,321385
False,548172
False,359479
False,298195
False,321798
False,161814
False,72282
False,431742
False,395290
False,275834
False,48753
False,168718
False,572152
True,233405
False,559776
False,192168
False,463781
False,13333
False,290332
False,230096
False,565500
False,538533
False,179159
False,306670
False,182316
False,95176
False,397734
False,108964
False,237626
False,48299
False,556801
False,438663
False,154830
False,516786
False,477860
False,425752
False,447773
False,180410
False,191031
False,332448
False,237697
False,159983
False,220355
False,41745
False,93298
False,143901
False,401608
False,165404
False,12574
False,192607
False,184557
False,500789
False,59455
False,57631
True,463299
False,102111
False,566432
False,452004
False,313508
False,340317
False,393569
False,185903
False,136501
False,464474
False,186637
False,267274
False,567708
False,208974
False,242298
False,364806
False,192827
False,288076
False,208329
False,123677
False,24714
False,333722
False,461187
False,125655
False,555911
False,579815
False,436835
False,106034
False,148825
True,274690
False,516508
False,233560
False,14025
False,83809
False,473085
False,294849
False,316901
False,405995
False,193617
False,33645
False,241402
False,372494
False,78305
False,381629
False,86366
False,411866
True,111031
False,172491
False,137810
True,48118
False,507312
False,4139
False,304590
False,360818
False,67200
True,105349
False,500871
False,322255
False,474562
False,395504
False,56910
False,86596
False,329078
False,27235
False,500884
False,204897
False,149253
False,28930
False,274537
False,124190
False,172923
False,224869
False,22218
False,82945
False,168847
False,374485
False,369380
False,270035
False,503183
False,247228
False,358980
False,212532
False,144533
False,414852
True,75179
False,262145
False,247951
False,385320
False,170751
False,39368
False,166093
False,486485
False,559768
False,1205
False,341209
False,487999
False,167640
False,83836
False,418221
False,157368
False,46114
False,24716
False,526008
False,67805
False,382356
False,274262
False,14307
False,292156
False,424110
False,330455
False,435391
False,329989
True,543831
False,282624
False,287039
False,414659
False,32134
False,84815
False,409475
False,282868
True,451620
False,103390
False,359337
False,233311
False,203132
False,84757
False,292804
False,78313
False,505400
False,420713
False,174211
False,243725
False,78633
False,277524
False,138999
False,493235
False,485499
False,126345
True,37988
False,228565
True,113052
False,525300
False,233672
False,70740
False,10743
False,432832
False,191050
False,422960
True,278742
False,574769
False,147753
False,306249
False,575012
False,126120
False,226175
False,14707
False,468692
False,460430
False,147569
False,484641
False,392183
False,457286
False,494800
False,274776
False,49491
False,10176
False,374734
False,303439
False,264396
False,58726
False,459643
False,53754
False,447103
False,579813
False,42476
False,451976
False,481357
False,120592
False,193594
False,83393
False,60069
False,298060
False,366408
False,29170
False,415420
True,341719
False,408501
False,91619
False,199826
False,343670
False,171179
False,406139
True,462197
True,289012
False,204041
False,1590
False,133927
False,476235
False,501054
False,169076
False,276017
False,315324
False,22191
False,579134
False,536237
False,58511
False,366146
False,469160
False,239492
False,580625
False,450719
False,359834
False,67941
False,377670
False,92928
True,431116
False,366396
False,154817
False,235017
False,275895
False,72800
False,294639
True,528821
False,294083
False,169865
False,415748
False,103821
False,107903
False,373522
False,156895
False,239828
False,85381
False,177954
False,236318
False,77360
False,180389
False,180397
False,393523
False,260852
False,123944
False,154207
False,531659
False,25576
False,185079
False,262495
False,53793
False,107617
False,342126
False,46373
False,61877
False,302388
False,283405
False,528931
False,195978
False,64005
False,556417
False,511806
False,457436
True,318193
False,255954
False,201969
False,199268
False,367188
False,71526
False,563185
False,301671
False,326891
False,20576
False,358799
False,515508
False,295728
False,241026
False,304627
False,191716
False,240646
False,479658
True,392793
False,343968
False,451014
False,104502
False,557920
False,411658
False,229539
False,55039
False,534443
False,120162
False,151414
False,100599
False,249529
True,386474
False,90827
False,579614
False,311042
False,295055
False,113449
False,227307
False,147236
False,535804
False,237413
False,483867
False,32948
False,340958
False,203937
False,546147
False,556131
False,481239
False,5424
False,27030
False,78683
False,182020
False,32892
False,186322
False,543490
False,110174
False,558671
False,358118
False,375674
False,469878
False,445528
False,327020
False,206082
False,451133
False,349379
False,212945
False,383432
False,435384
False,57843
False,2148
False,201115
False,220417
False,485598
False,469724
False,304528
False,9895
False,17935
False,179896
False,191126
False,425576
False,292554
False,129166
False,330019
False,211215
False,119047
False,224509
False,471825
False,93511
False,135316
False,487559
False,360771
False,419586
False,329088
False,439824
False,422161
False,97599
False,547367
False,160181
False,299212
False,309424
False,428726
False,420045
False,405007
False,157371
False,325664
False,24600
False,309280
False,408975
False,21097
False,335984
True,515219
False,323970
False,388027
False,276664
False,156695
False,179388
False,254732
False,117380
False,70251
False,363336
False,170834
False,86031
False,287406
False,81365
False,324669
False,508750
False,287484
False,348924
False,444275
False,45768
False,364297
False,567390
False,110800
False,418056
False,142350
False,190219
False,353594
False,539563
True,404059
False,43893
True,529137
False,410601
False,30852
False,292819
False,56028
True,87409
False,215485
False,273138
False,57217
False,429357
False,296657
False,61512
False,126282
False,364364
False,304832
False,390760
False,24002
False,502629
False,429448
False,25551
False,350897
False,336897
False,9608
False,501094
True,542658
False,183199
False,279119
False,388721
False,249482
False,578765
False,17923
False,580549
False,79660
False,225608
False,401123
True,535858
False,382368
False,33702
False,217893
False,240278
False,92319
False,210981
False,197624
False,494341
False,65209
False,510328
False,568174
False,554752
False,277746
False,416119
False,68047
False,136286
False,466549
False,351384
False,23258
False,196377
False,453397
True,375304
False,438751
False,375815
False,303079
False,405437
False,377577
False,435811
False,299632
False,418300
False,420339
False,404476
False,262848
False,156073
False,514950
False,45574
False,93703
True,193373
False,245852
False,385126
False,434047
True,558839
False,435433
False,341513
False,235541
False,353302
False,126392
False,254177
False,534898
False,480433
False,169171
False,115649
True,525236
False,213829
False,491556
False,399101
False,388611
False,433014
False,283388
False,525790
False,465093
False,283043
False,568367
False,543957
False,48824
False,465200
False,425788
False,324156
False,58153
False,212019
False,557595
False,115571
False,117496
False,331349
False,213988
False,441275
False,26764
False,68520
False,365123
False,245792
False,337704
False,47942
False,377080
False,546804
False,221833
False,61596
False,285024
False,364280
False,442554
False,242984
False,309551
False,57460
False,326445
False,530337
False,85187
False,253835
False,395740
False,531431
False,249616
False,120717
False,524881
False,230129
False,394759
False,265200
False,187144
False,10693
False,224285
False,349905
False,528127
False,339588
False,1360
False,510141
False,238049
False,427981
False,93287
False,406579
False,296712
False,188815
False,443308
False,146599
False,365997
False,19552
False,113967
False,66253
False,566439
False,480518
False,147856
False,280850
False,248168
False,365911
False,134724
False,274801
False,124142
False,179550
False,515050
False,60911
False,10614
False,19987
False,280799
False,528694
False,516046
False,132375
False,53434
True,27374
False,324904
False,77750
False,495553
False,59225
False,303047
False,559051
False,211029
False,37009
False,216825
False,349459
False,151516
False,35594
False,566456
False,496977
False,401337
False,326390
False,506356
False,539498
False,559966
False,580908
False,578089
False,175870
False,273841
True,364126
False,505128
False,470474
False,17095
False,223928
False,383921
False,365386
False,545288
True,136672
False,481039
False,64694
False,453533
False,398036
False,212757
False,104625
False,468417
False,10701
False,539941
False,252894
False,354369
False,502112
False,132077
False,127932
False,167467
False,537037
True,570060
False,99466
False,22142
False,53417
False,314965
False,341227
False,554466
False,34377
False,57250
False,470300
False,377231
False,127054
False,210958
False,368476
False,309400
False,545679
False,354932
False,314481
False,49022
False,378533
False,180765
False,105767
False,290938
False,545675
False,477882
False,61203
False,390954
False,189903
False,351242
False,338407
False,119423
False,279984
False,437231
False,515938
False,24790
False,494980
False,572283
False,87146
False,293081
False,534686
False,206109
False,279154
False,113089
False,213843
False,447237
False,20464
False,474571
False,541813
False,579224
False,308165
False,186013
False,19375
False,497617
False,181179
True,266910
False,417848
False,122811
False,75326
False,159081
True,139530
True,64190
False,574784
False,154648
False,469512
False,313480
False,338678
False,533218
False,343639
False,155705
False,357814
False,521709
False,254281
False,530386
False,399220
False,364301
False,502279
False,156084
False,31296
False,295480
False,32648
False,329148
False,384235
False,463179
False,581393
False,56287
False,485951
False,354570
False,535037
False,337638
False,558705
False,417339
False,568202
True,405469
False,241911
False,418115
False,167593
False,564056
False,389002
False,430166
False,147694
False,178543
False,311726
False,97967
False,317798
False,151096
False,243875
False,464176
False,343291
False,119034
False,550714
False,483107
False,144932
False,333634
False,55818
False,394874
False,332455
False,166764
False,302595
False,478755
False,551692
True,196074
False,343404
False,17602
False,43433
False,110060
False,332845
False,478225
False,530037
False,391560
False,201463
False,320508
False,464964
False,194677
False,138081
True,557732
False,108452
False,102706
False,24144
False,157792
False,150838
False,87338
False,12861
False,347673
False,472960
False,378928
False,482127
False,554392
False,14430
False,3425
False,412855
False,885
False,114674
False,535422
False,244246
False,399650
False,312003
False,360371
False,71911
False,7932
False,183163
False,564532
False,577351
False,122203
False,26944
False,163585
False,125180
False,29397
False,293611
False,167755
False,205716
False,108470
False,433938
False,526232
False,125042
False,401699
False,109862
False,181296
False,431764
False,296233
False,432843
False,291540
False,176180
False,158555
False,237622
False,96762
False,480601
False,202001
False,51801
False,462134
False,44950
False,452465
False,95828
False,42413
False,566201
False,281782
False,244931
False,310200
False,210795
False,402969
False,181586
False,121446
False,549873
False,105782
False,457226
False,253447
False,494985
False,509411
False,579902
True,138861
False,45360
False,390769
False,143245
False,2211
False,570785
False,325596
False,385903
False,575854
False,145512
False,117636
False,199855
False,27163
False,420859
False,571485
False,212440
True,11129
False,240713
False,236954
False,275723
False,451345
False,581863
False,510657
False,542685
False,581903
False,6318
False,236025
False,155974
False,338417
False,551246
False,533308
False,394251
False,116464
False,152657
False,336374
False,22627
True,409468
False,360069
False,127560
False,500471
False,361905
False,353206
False,329041
False,297990
False,385417
True,495445
False,487735
False,175484
False,252943
False,479680
False,171328
False,259037
False,273378
False,264961
False,348793
False,171002
False,69668
False,155205
False,449071
False,66239
True,280215
False,218762
False,156834
False,149634
False,34810
False,274491
True,544913
False,468731
False,364079
False,481099
False,384592
False,485106
False,191686
False,540714
False,22326
False,217779
False,204969
False,64534
False,233379
False,152662
False,455691
False,285292
False,85162
False,383929
False,217958
False,567706
False,222681
False,253250
False,213646
False,478093
True,262148
False,479467
False,464706
False,300499
False,437284
False,50006
False,320963
False,435707
False,187243
False,175699
False,578292
False,23392
False,190885
False,441523
False,567186
False,455704
False,414539
False,270846
False,22964
False,144896
False,75628
False,462880
True,361592
False,471987
False,81841
False,24091
False,249346
False,20380
False,413719
False,579188
False,131524
False,338591
False,21972
False,212380
False,197806
False,456737
False,573733
False,218365
False,515147
False,357265
False,288372
True,124873
False,176113
False,495395
False,445351
False,184791
False,367148
False,263393
False,263043
False,174072
False,6213
False,184504
False,512829
False,485083
False,441231
False,146121
False,318381
False,282298
False,70600
False,516178
False,546445
False,128989
False,579968
False,410878
False,314710
False,63740
False,188875
False,359420
False,385001
False,363031
False,214648
False,36973
False,409500
False,431383
True,99341
False,106244
False,128568
False,243207
False,464744
False,115743
False,264676
False,185393
True,158466
False,463426
False,206039
False,445111
False,402626
False,149212
False,488410
False,337146
False,87602
False,314929
False,156098
False,309192
False,393445
False,436564
False,145567
False,196773
False,492967
False,411845
False,336289
False,140590
False,273592
False,72975
False,314200
False,425473
False,27665
False,554689
False,145994
False,288751
False,325154
False,23908
False,500446
False,455222
False,301077
False,352829
False,391638
False,516738
False,518511
False,413757
False,131721
False,116424
False,529193
False,508456
False,119693
False,37291
False,471834
False,443377
False,539445
False,21718
False,434923
False,470036
False,304608
False,23315
False,292133
False,64731
False,76364
False,422434
False,14248
False,275219
False,555577
False,147369
False,158717
False,184583
False,365035
False,428168
False,124331
False,375078
False,219338
False,251967
False,498782
False,489123
False,309135
False,541887
False,417602
False,335463
False,14253
False,443575
False,201326
False,306069
False,549965
False,448976
False,302680
False,272632
False,196480
False,79503
False,131763
False,371243
False,30222
False,156499
False,524646
False,92001
False,390287
False,472872
False,310289
False,229659
False,463564
False,83260
True,66238
False,99424
False,69117
True,521602
False,118697
False,393943
False,532520
False,139281
False,33144
False,300748
False,276871
False,474656
False,451513
False,38801
False,295122
False,519611
False,129737
False,231572
False,81105
False,572689
False,165919
False,581100
False,5038
False,309848
False,466265
False,375481
False,320273
False,460236
False,434962
False,531831
False,156195
False,564451
True,455948
False,544926
False,15984
False,383676
False,165105
True,84397
False,360698
False,87987
False,489391
False,252160
False,558835
False,218539
False,374947
True,44353
False,459959
False,232806
False,504888
False,92795
False,580162
False,443167
False,127475
False,89603
False,243234
False,223612
False,315827
False,323626
False,464056
False,93887
False,106392
False,171768
False,174358
False,205125
False,237385
False,159969
False,237628
False,360951
False,389604
False,74524
False,438221
False,20164
True,81620
False,134413
False,371348
False,352601
False,390298
False,129786
False,364959
False,405188
False,150919
False,504732
False,547533
False,228603
False,254379
False,164521
False,177472
False,159680
False,65835
False,542384
False,78000
False,435270
False,107204
False,140666
False,358527
True,385861
False,530085
False,58857
False,254418
True,431854
False,146188
False,578841
False,247224
False,490022
True,273079
False,7414
False,46962
False,318550
False,577809
False,350514
False,433714
False,109308
False,262752
False,132485
True,120792
False,81981
False,35424
False,380989
False,398575
False,66246
False,59632
False,567838
False,445309
False,57671
False,116588
False,226345
False,199539
False,92221
False,576030
False,8872
False,352129
False,430193
False,480583
False,226263
False,67115
False,137844
False,330493
False,48663
False,115950
False,200280
False,143616
False,187803
False,347700
False,315092
False,194798
False,353519
False,507212
False,75427
False,568562
False,535138
False,304054
True,262404
False,154279
False,553736
False,161852
False,128027
False,293386
False,13909
False,321663
False,421682
False,270186
False,422198
False,353830
False,396136
False,393544
False,555951
False,575882
False,154880
False,62518
False,451493
False,371730
False,78979
False,74572
True,4489
True,378652
False,492114
False,355108
False,80428
False,17586
False,250557
False,149184
False,335840
False,197812
False,482159
False,98599
False,429765
False,82650
False,18496
False,86008
False,317153
False,331457
False,285968
False,3118
False,328350
False,43581
False,508247
False,331698
False,576654
False,157267
False,279226
False,265150
False,294635
False,393046
False,16898
False,405195
False,147883
False,78243
False,354761
False,219855
False,206279
False,144353
False,98881
False,425874
False,312951
False,530683
False,402662
False,229387
False,82494
False,285911
False,190185
False,383445
False,493439
False,412015
False,72207
False,133680
False,262353
False,278272
False,50878
False,524724
False,428683
False,73727
False,17356
False,426128
True,488750
False,469235
False,362779
False,72909
False,18000
False,75552
False,564127
False,167891
False,55402
False,366139
False,199865
False,285908
False,448139
False,314331
False,238963
False,330265
False,176621
False,214059
False,282591
False,114313
False,188660
False,245173
False,444880
False,221307
True,204906
True,70642
False,449220
False,156349
True,190013
False,474170
False,103033
False,448923
True,104091
False,250955
False,457718
False,533900
False,195992
False,526957
False,119730
False,525189
False,295809
False,452195
False,556497
False,305924
False,524637
False,330395
False,25282
False,128112
False,9846
False,361721
False,485288
False,557114
False,7838
False,69906
False,511165
False,129031
False,469246
True,225682
False,164957
False,269678
False,197656
False,324924
True,1176
False,93288
False,194195
False,487953
False,562071
False,81012
False,89754
False,93756
False,6692
False,51880
False,177489
False,330593
False,46898
False,383658
False,457522
True,357971
False,38290
False,143182
False,439141
False,391620
False,79286
False,322725
False,479809
False,126260
False,433019
False,254879
False,329602
False,578715
False,188459
False,103404
False,29182
False,449488
False,533107
False,369253
True,231645
False,34739
False,408599
False,418847
False,477940
False,226494
False,129211
False,51070
False,121589
False,328054
False,447546
False,22621
False,204432
False,541601
False,142803
False,115718
False,23538
True,414373
False,147246
False,506416
False,137406
False,18575
False,93959
True,414923
False,290866
False,427548
False,66866
False,334432
False,422063
False,520324
False,94723
False,8848
False,216636
False,407778
False,508984
False,203128
False,214165
False,131376
False,376549
True,569196
False,82770
False,558788
True,331083
False,369171
False,179285
True,186711
False,334480
False,282631
True,391046
False,536183
False,455090
False,29287
False,206044
False,425177
False,204020
False,475763
False,154790
False,137745
False,278555
False,230707
False,237464
False,395271
False,344741
False,409570
False,114673
False,24458
False,327514
False,70459
False,446861
False,220686
False,349204
False,171374
False,530054
False,83658
False,167128
False,475939
False,389921
False,96303
False,354547
False,427770
False,332562
False,578368
False,186797
False,33902
False,55301
False,348609
False,212840
True,508605
False,547644
False,199256
False,231838
False,227222
False,229284
False,161220
False,437371
False,282707
True,280084
False,38357
False,565986
False,126751
True,181481
False,374180
False,221441
False,378583
False,381961
False,68219
False,85688
False,509675
False,269996
False,26413
False,512223
False,469464
False,50756
False,90137
False,465862
False,492805
False,19647
False,469075
False,283743
False,142879
False,565564
True,360409
False,376643
False,30674
False,217925
False,143594
False,243336
False,456191
False,8277
False,376858
False,105545
False,70812
False,131557
False,333697
False,187513
False,547013
False,209056
False,266242
False,417478
True,356734
False,328978
False,33489
False,500594
False,564217
False,45746
False,515803
False,542594
False,87123
False,365517
False,572814
False,186472
False,341335
False,15994
True,278352
False,149087
False,292997
False,255682
False,49184
True,544059
False,205086
False,330472
False,511594
False,491611
False,163155
False,14861
False,170683
False,136633
False,127629
False,165936
False,152628
False,433792
False,539538
False,147600
False,215910
False,5724
True,44312
False,38030
False,202850
False,246161
False,557227
False,386074
False,22256
False,6981
False,396550
False,487872
False,539718
True,115898
False,336477
True,497082
True,352694
False,391422
False,547465
False,349074
False,169262
False,73302
False,466347
False,247714
False,288862
True,444627
False,562766
False,176873
False,417965
False,93357
False,280911
True,159854
False,419863
False,234463
False,296777
False,309267
False,392827
False,277798
False,294267
False,148700
False,563031
True,543678
False,453933
False,394283
False,379130
True,447130
False,551983
False,418479
False,231589
False,512576
False,177530
True,499979
False,488374
False,481467
False,169527
False,168948
False,344307
False,359147
False,208910
False,363602
False,125585
False,205934
False,285588
True,221202
False,514513
False,121461
True,6041
False,430530
False,485926
False,329993
False,284089
False,53696
False,487274
False,24763
False,543480
False,500473
False,151245
False,671
False,326774
False,101931
False,232769
False,100435
False,425249
False,512206
False,223335
False,278450
False,203171
False,154241
False,156710
False,531707
False,105537
False,435994
True,554727
False,307649
False,353964
False,141842
False,234522
False,22270
False,308950
False,192160
False,85254
False,544738
False,196002
False,24664
False,313186
False,498982
False,536167
False,187200
False,486232
False,524766
False,304391
False,331817
False,328179
False,568584
False,435575
False,43635
False,19981
False,562248
False,393978
False,272351
False,579593
False,517451
False,513775
False,541690
False,231099
False,401446
False,244476
False,31057
False,69167
False,240288
False,164172
False,553043
False,515107
False,341768
False,499082
False,347352
False,6447
False,270497
False,411475
False,301885
False,233873
False,541926
False,437518
False,396165
False,382681
False,274678
False,331137
False,147798
False,27734
False,200659
False,81035
False,404131
False,208517
False,364722
False,61587
False,388882
False,553879
False,116405
False,30608
False,432702
False,191005
False,29430
False,221038
False,484341
False,275335
True,487718
False,390238
False,301762
False,121904
False,5215
False,173469
False,364913
False,318678
False,454623
False,50794
False,230038
False,377703
False,91155
False,411700
False,328283
False,425712
False,142088
False,444386
False,240682
False,222376
False,372038
False,175619
False,208875
False,37327
False,38938
False,313069
False,137190
False,549539
False,221891
False,34389
False,264121
False,76081
False,278306
False,521197
False,376398
False,73414
False,273049
False,101703
False,479651
False,578652
False,157204
True,474024
False,445620
False,267875
False,507680
False,36750
False,286910
False,440755
False,463599
False,239052
False,427181
False,530076
False,215616
False,187989
False,516535
False,336171
False,264337
False,436479
False,345952
False,111118
False,370550
False,488686
False,397254
False,6053
False,184942
False,378347
False,230422
False,235242
False,330486
False,22129
False,456217
False,121920
False,303034
False,450903
False,287651
False,485770
True,106666
False,548878
False,515102
False,172492
False,300881
False,37708
False,200200
False,103496
False,151250
False,152962
False,104327
False,827
False,195352
False,210205
False,210697
False,391765
False,242592
False,6846
False,389036
False,14781
False,419677
False,488928
False,196759
False,398535
False,188175
False,196789
False,475928
False,197576
False,285342
True,484229
False,6896
False,54399
False,499398
False,180208
False,425465
False,103837
False,526881
False,496678
False,382469
False,393037
False,437416
False,202562
False,327202
False,390120
False,425722
False,413895
False,505102
False,492383
False,107625
False,238178
False,94416
False,461428
False,241838
False,149442
False,446764
False,30381
False,575500
False,217383
False,360231
False,351479
False,576749
False,517306
False,197877
False,581415
False,400606
False,197044
False,535126
False,501210
False,380305
False,76406
True,358293
False,37823
False,235328
False,331807
False,564294
False,433515
True,492251
False,290678
False,303368
False,143334
False,125597
True,14135
False,306393
False,540670
False,161799
False,11831
False,364157
False,300918
False,373353
False,495915
False,96161
False,340962
False,279401
False,37725
False,352236
False,132520
False,255155
False,297260
False,129733
False,328628
False,40711
False,296064
False,175546
False,80987
False,575902
False,300950
False,74082
False,421223
False,202656
False,422921
False,515374
False,107620
False,437509
False,252020
False,54001
False,349130
False,89054
False,367205
False,419284
False,22164
False,65793
False,525247
False,335814
False,235991
False,316218
False,133831
False,119710
False,287804
False,206861
False,69978
False,365218
True,416810
False,298526
False,553586
False,384230
False,220399
False,479912
False,526958
False,454566
False,329501
False,551974
False,212507
False,140976
False,397593
False,66696
False,4227
False,317935
False,372319
False,13528
False,447087
False,45710
False,389226
False,571499
False,170584
False,385646
False,25896
False,524502
False,422382
False,104629
False,346936
False,334715
False,323397
True,581310
False,565109
False,427632
False,134494
False,149862
False,478738
False,289471
False,72632
False,185287
False,201324
False,175390
False,29833
False,490084
False,336102
False,213422
False,541773
False,242823
False,200031
False,394817
True,339384
False,106383
False,509218
False,121959
False,83277
False,304332
False,110997
False,301546
False,445594
False,5684
False,563961
False,477106
True,335909
False,146667
False,275529
False,4278
False,141718
False,302767
False,516906
False,205443
False,200572
False,406959
False,510150
False,267201
False,145722
False,447471
False,113593
False,418938
False,469035
False,516677
False,12678
False,21535
False,516488
False,291665
False,106165
False,190015
False,548010
False,408621
False,349302
False,569678
False,434069
False,193923
False,238025
False,266622
False,19955
False,374049
False,459037
False,371194
False,203143
False,314787
False,152328
False,503535
False,438453
False,85176
False,531093
False,43165
False,321196
False,394159
False,269843
False,490567
False,27307
False,195826
False,106917
False,55528
True,263052
False,163679
False,325634
False,39656
False,328607
False,364044
False,550055
False,58822
False,39846
False,241310
False,236096
False,363554
False,163640
False,26376
True,498372
False,459978
False,579136
False,449359
False,384935
False,295116
False,476360
False,386919
False,97659
False,42972
False,545100
False,403737
False,216601
False,265645
False,428605
False,40844
True,217654
False,128903
False,161185
False,279777
False,67074
False,489099
False,273232
False,450863
False,309958
False,404849
False,166478
False,94701
False,398214
False,151840
False,97172
False,61720
False,23137
False,164788
False,62652
False,554597
False,105257
False,356851
False,562084
False,319990
False,337844
True,267753
False,277984
False,165229
False,221004
False,179261
False,45792
False,281575
False,67752
False,207833
False,416338
False,406899
False,86811
False,373382
False,295655
False,201758
False,10014
False,273606
False,448401
False,79613
False,481747
False,381205
False,357235
False,39570
False,340734
False,301018
False,555322
True,89012
False,281567
False,59194
False,135539
False,442506
True,262414
False,480599
False,22230
False,313020
False,300444
False,212787
False,527660
False,225040
False,559270
False,550512
False,392851
True,105561
False,37944
False,92674
False,22461
False,18958
False,483475
False,94201
False,300197
False,504500
False,253810
False,575971
False,565004
False,205625
False,520531
False,376773
True,510096
False,300198
True,435910
False,129379
False,508582
False,319952
False,307371
False,143820
False,295767
False,312446
True,511670
False,94132
False,580933
False,476344
False,339111
False,573391
False,46038
False,210086
False,352276
False,163101
False,196197
False,125822
False,264823
False,54849
False,423445
False,499725
False,392048
False,576088
True,297866
False,410331
False,49115
False,191014
False,171444
False,531324
False,538581
False,478766
False,180383
False,534141
False,281586
True,400907
False,272242
False,366153
False,84108
False,496450
False,455117
False,200777
True,534412
False,23899
False,350299
False,533589
True,455675
False,265895
False,113638
False,203463
False,102202
False,286524
False,424279
False,181962
False,373218
False,280191
False,56878
False,567536
False,376668
False,492037
False,78023
False,298219
False,288021
False,528699
False,104081
False,140529
False,222659
False,311822
False,461170
False,68059
False,460617
False,187108
False,179034
True,267774
False,193629
False,322222
False,524946
False,458705
False,382731
False,503637
False,153880
False,55184
False,554003
False,188987
False,292410
False,336324
False,369982
False,36281
False,148855
False,60904
False,535151
False,356817
False,109835
False,204352
False,208946
True,128706
False,6608
False,91656
False,154496
False,526980
True,455585
False,73189
False,559062
False,542936
False,512151
False,272040
False,430691
True,26932
False,437964
False,6744
False,457305
False,286480
False,410979
False,43150
False,279733
False,195506
False,31282
False,453549
False,115162
False,576543
False,344661
False,99004
False,294409
False,348180
False,274759
False,173978
False,125244
False,53913
False,403270
True,533159
False,79011
False,187822
False,369482
False,465407
False,416408
False,461593
True,552486
False,63691
False,178683
True,248300
False,197307
False,118342
False,109950
True,319943
False,265059
True,464430
False,4578
False,84389
False,107138
True,290221
False,329751
False,215738
False,514800
False,505486
False,371183
False,41729
False,487824
False,572550
False,578813
False,401183
False,159970
False,50040
False,278661
False,48956
False,549447
False,333532
False,181265
False,543231
False,470386
False,198751
False,424940
False,304561
False,351164
False,101069
False,205474
False,468529
False,334305
True,122948
False,269386
False,254005
True,570567
False,59393
False,344255
False,172123
False,79490
False,357871
False,388820
False,57965
False,181493
False,407423
False,569602
False,540923
False,342397
True,351033
False,468394
False,110794
False,398236
False,213911
False,96298
False,457842
False,273288
False,102637
False,140946
False,208805
False,507249
False,205614
False,474378
False,213860
False,420200
False,274916
False,570805
False,76978
False,26363
False,147872
False,435584
False,479495
False,141634
False,204333
False,7297
False,327055
False,239365
False,531852
False,422351
False,101315
False,503411
False,53778
False,300622
False,220670
False,466789
False,330824
False,123389
False,63143
False,366529
True,449828
False,7095
False,59704
False,136140
False,308349
False,475610
False,399308
False,465692
False,440444
False,465806
True,267694
False,472160
False,156367
False,141224
False,42756
False,15289
False,119458
False,459401
False,445605
False,137547
False,420375
False,89500
False,2349
False,100396
False,311964
False,573753
False,278962
False,215081
False,513105
False,345725
False,219229
False,340261
False,516634
False,574908
False,343213
False,294284
False,146589
False,187901
False,503234
False,500829
False,235110
False,154382
False,32244
False,394659
False,297200
False,164855
False,378466
False,116911
False,392556
False,356810
False,301106
False,42481
False,511014
False,444404
False,475645
False,303133
False,325265
False,450518
False,187658
False,115636
False,318073
False,141228
False,458728
False,59943
False,68688
False,389771
False,363784
False,116881
False,150347
False,430850
False,527979
False,515296
False,568249
True,574506
False,263383
False,196594
False,300121
False,14073
False,296883
False,477491
False,97981
False,527155
False,143346
False,500662
False,143306
False,336355
False,525932
True,318444
False,148810
False,215840
False,289813
False,326853
False,499486
False,439241
False,307069
False,493388
False,113725
False,490475
False,475150
True,165419
False,417542
False,178672
False,109825
False,333087
False,190136
True,155323
False,545491
False,486035
False,265023
False,509225
False,453602
False,89520
False,465018
False,294659
False,456286
False,191689
False,474759
False,207798
False,547752
False,557990
False,306320
True,562622
False,458716
False,552685
False,328454
False,201123
False,209387
False,413058
False,245271
False,554275
False,254131
False,47629
False,403535
False,483628
False,492170
False,489029
False,246366
False,408351
False,528119
False,150196
False,508846
False,11196
False,370842
False,168482
False,4187
False,553118
False,240568
False,448558
False,108649
False,321557
False,312346
False,67446
False,482940
False,232051
False,514271
False,439085
False,317480
False,504099
False,214975
False,12102
False,354045
False,269738
False,571168
False,345881
False,173004
False,297829
False,351914
False,7726
False,550534
False,119669
False,135800
False,558148
False,120411
False,76107
False,548780
False,549729
False,9707
False,488346
False,287495
False,300753
False,194871
False,551164
False,283111
False,578237
False,113676
False,383562
False,75535
False,170273
False,514082
False,536798
False,288194
False,43286
False,235624
False,5115
False,164864
False,452084
False,337818
False,47638
False,576789
False,551907
False,192992
False,135638
False,310103
True,375504
True,542260
False,495040
False,87064
False,40930
False,366611
False,517508
False,462353
False,189388
False,100277
False,202935
False,499376
False,281683
False,530040
False,124747
False,354012
False,274655
False,422953
False,231851
False,99393
False,252036
False,294535
False,466179
False,18358
False,272785
False,245846
False,337902
False,314319
False,574076
False,350488
False,407737
False,440262
False,438025
False,12249
False,442556
False,91581
False,79955
False,158342
False,338169
False,20760
False,494552
False,159667
True,404823
False,424138
True,433096
False,444735
False,27215
True,360661
False,189842
False,525682
False,130714
False,496093
False,351139
False,359310
False,120745
False,368548
False,541010
False,70657
False,325871
False,517835
False,290093
False,2255
False,468834
False,39405
False,546378
False,32586
False,143252
False,239396
False,342211
False,237886
False,577858
False,106151
False,340065
False,154451
False,465412
False,293514
False,198565
False,63503
False,272036
False,507494
False,153350
False,285742
False,194159
False,8936
False,48460
False,286685
False,484446
False,153394
False,341257
False,395758
False,78058
False,311083
False,509693
False,424278
False,106003
False,538744
False,237054
False,166504
False,84460
False,467437
False,237337
False,433480
False,533506
False,352861
False,465566
False,32603
False,444582
False,391300
False,401028
False,237716
True,174504
False,500663
False,328200
False,417430
False,148118
False,316781
False,421187
False,65415
False,413070
False,333355
False,199827
False,249445
True,300368
False,532463
False,356241
False,183217
False,127141
False,1515
False,57901
False,176085
False,317091
False,484661
False,511754
False,289512
False,468013
False,88950
False,276853
False,209239
False,234501
False,369357
True,507460
False,241905
False,131190
False,322427
False,350063
False,283961
False,50636
False,162230
False,366651
False,11015
False,408116
False,315387
False,46029
False,41771
False,531844
False,368833
False,187823
False,531495
False,381253
False,39201
False,216778
False,424776
False,411707
False,541868
False,516439
False,492851
False,174213
False,247474
False,524909
True,145351
False,245351
False,401085
False,576322
False,142056
False,85292
False,244582
True,14873
False,510718
False,403541
False,161823
False,466964
False,102447
False,403305
False,478457
False,510230
False,367087
False,16113
False,361564
False,513873
False,225054
False,227843
False,180119
False,328728
False,241076
False,315384
False,122923
False,551861
False,315610
False,135345
False,26547
False,564733
False,20527
False,182812
False,316804
False,530686
True,499068
False,404988
False,21161
False,157708
False,301191
False,146672
False,504492
False,27862
False,357626
False,256040
False,544786
False,245895
True,273889
False,237864
False,223872
False,76918
False,240399
False,504657
False,393982
False,103287
False,579713
False,227178
False,360092
False,398637
False,389582
False,377339
False,293130
False,410487
False,321865
False,181443
False,412857
False,13671
False,400622
False,477417
False,272082
False,414067
False,462129
False,394776
False,135410
False,558435
False,22871
False,650
False,455343
False,511546
False,505530
True,226936
False,81074
False,397534
True,532007
False,282145
False,115604
False,312631
False,553094
True,290080
False,355767
False,355143
False,177896
False,455020
False,321307
False,43605
False,431825
False,405047
False,142320
False,564023
False,250771
False,317495
False,236186
False,530272
False,334069
False,525666
False,245983
False,87194
True,9408
False,578793
False,481057
False,171698
False,387318
False,114822
False,269344
False,418251
False,36151
False,567053
False,94825
False,384040
True,356384
False,432668
False,136142
False,36207
False,448871
False,19015
False,184822
False,120473
False,550862
False,178996
False,363353
False,62245
False,49877
False,253416
False,204375
False,11291
False,283294
False,56938
False,160812
False,111759
False,32960
False,13146
False,124811
False,319517
False,196608
False,473612
False,377393
False,332733
False,249909
False,316490
False,205875
False,373267
False,157125
False,165686
False,448409
False,274633
False,442232
False,184139
False,105055
False,34013
False,168022
False,158726
False,281820
False,296067
True,456245
False,383909
False,396861
False,489961
False,161771
False,103642
False,117360
True,407441
False,357865
False,225518
False,435986
False,436492
False,517148
False,262672
False,362090
False,273001
False,176728
False,197257
False,445726
False,125535
False,544481
False,175867
False,555808
False,309371
False,431812
False,239338
False,354831
False,179019
False,290460
False,375763
False,136218
False,347267
False,26982
False,119299
True,373686
False,290833
False,10907
False,21374
False,484847
False,488676
False,303804
False,432000
False,282674
False,105888
False,148002
False,331816
False,196368
False,233362
False,314385
False,244578
True,335325
False,454217
False,569021
False,400064
False,551358
False,373212
False,233580
False,400809
False,472209
False,325095
False,162282
False,165883
False,731
False,168173
False,51250
False,303935
False,578740
False,350008
False,449944
False,403515
False,556748
False,205409
False,72580
False,286328
False,303637
False,549328
False,378521
False,229329
False,358361
False,180569
True,459543
False,483517
False,471222
False,371117
False,467726
False,322638
False,448423
False,162280
False,136008
False,526187
False,349007
False,262690
False,422698
False,119618
False,160200
False,139538
False,58008
False,409375
False,542325
False,279550
False,92746
False,391632
True,332990
False,273967
False,67443
False,266680
False,572886
False,450
False,475906
False,492386
False,544731
False,452072
False,174722
False,274108
False,570259
False,267798
False,66001
False,513042
False,220764
False,456344
True,542163
False,333303
False,201342
False,172376
False,189794
True,225769
False,11420
False,9012
False,41251
False,291067
False,305035
False,84396
False,564865
False,4438
False,311232
False,176487
False,397719
False,532753
False,199618
False,277150
False,232375
False,173482
True,509682
False,443988
False,346337
False,134085
False,265066
False,358616
False,534673
False,176580
True,308744
True,64898
False,342566
False,15011
False,458178
False,444397
False,31514
False,494731
False,125227
False,394008
False,43455
False,249599
False,341411
False,488406
False,102974
False,386018
False,188225
False,253216
False,213103
False,236592
False,291280
False,380227
False,451648
True,221513
False,38628
False,543683
False,174657
False,551001
False,280271
False,220992
False,412939
False,229616
False,163263
False,39670
False,323715
False,44704
False,104044
False,302141
False,342411
False,438315
False,5396
False,432417
False,306988
False,267266
False,497440
False,406445
False,432956
False,34657
False,90477
False,253413
False,198650
False,80363
False,118997
False,294182
False,326559
False,499198
False,198993
False,112708
False,204562
False,459319
False,223574
False,161751
False,205280
False,235862
False,50407
False,547592
False,452854
False,329895
False,538843
False,403184
False,184319
False,164211
False,339031
False,272901
False,466766
False,453695
False,190497
False,152785
True,419212
False,474387
False,547460
False,169468
True,121222
False,14766
False,107402
False,55090
False,11774
False,377409
False,472569
False,119360
False,286146
False,13490
False,190387
False,135392
False,107758
False,576222
False,83235
False,306560
False,58407
False,289630
False,446365
False,501085
False,175057
False,126317
False,465087
False,291016
False,517911
False,470501
False,77650
False,119891
False,510900
False,333280
False,86107
False,253695
False,324979
False,412247
False,575164
False,527960
False,51774
False,24107
False,396727
False,299887
False,112128
False,500330
False,578030
False,144481
False,61144
False,320864
False,352426
False,372959
False,577738
False,12115
False,50927
False,132814
False,220732
False,253915
False,355740
False,121644
False,313362
False,231326
False,29906
False,564465
False,108034
False,129921
False,189888
False,422899
False,108761
False,535211
False,25172
False,333976
False,239181
True,146757
False,441054
False,286794
False,293368
False,77686
False,24813
False,38186
False,189005
False,191095
True,195750
False,59912
False,12109
False,571311
False,414877
False,497145
False,499958
False,437873
False,50350
False,512403
False,578967
True,29045
False,509485
False,200302
False,349888
False,428975
False,37567
True,485564
False,294163
False,401484
False,387976
False,4404
False,177182
False,195418
False,142274
False,251165
False,300270
False,501947
False,89670
False,152771
False,410456
False,434723
False,245938
False,380588
False,476647
False,209253
False,446902
False,384844
False,571916
False,234757
False,351656
False,431197
False,399547
False,346547
False,113436
False,476140
True,208817
False,168289
False,177889
False,263477
False,564162
False,187972
False,59666
False,98101
False,123639
False,411674
False,63325
False,172889
False,93620
False,241726
False,496763
False,464616
False,67776
False,161328
False,417716
False,383652
False,40187
False,443084
False,296843
False,277807
False,128290
False,416311
True,357228
False,426348
False,454372
False,217223
False,41818
False,110611
False,139858
False,302165
False,473070
False,216785
False,267314
True,411583
False,50563
False,222791
False,411803
False,369000
False,539167
False,130181
False,26053
False,208882
False,422064
False,166653
False,235268
False,95337
False,229866
False,297844
False,506283
False,467863
False,338840
False,391725
False,511281
False,402408
False,226580
False,469828
False,397815
False,263351
False,153870
False,90490
False,124949
False,288836
False,349609
False,114035
False,537857
False,179805
False,463084
False,296631
False,559639
False,497464
False,547267
True,125257
False,19906
False,461331
False,513887
False,326182
True,327255
True,63900
False,546183
False,90194
False,446585
False,377383
False,579437
False,407334
False,56109
False,26031
False,238928
False,80159
False,569450
False,312334
False,11856
False,255165
False,268008
False,457843
True,107753
False,7275
False,118405
True,115345
False,145447
False,447741
False,567837
False,230175
False,249489
False,87216
False,80275
False,21222
False,93771
False,24996
False,318124
False,214725
False,231521
False,41103
False,553057
False,101190
False,46056
True,547080
False,552406
False,131449
False,447795
False,16758
False,100863
False,11508
False,67361
False,38875
False,332096
False,44682
False,388980
False,190734
False,71850
False,373255
False,70619
False,89223
False,472233
False,372775
False,380661
False,580304
False,479560
False,422870
False,394206
False,305916
True,530543
False,31948
False,561399
False,452428
False,567018
False,235642
False,229396
False,249644
False,126389
False,125886
False,106193
False,325328
False,123330
False,280760
False,527603
False,48365
False,577640
False,498918
False,160728
False,480487
False,66124
False,431461
False,463593
False,558457
False,550359
True,343937
False,93773
False,80853
False,290425
False,63549
False,17839
False,124419
False,444703
False,548593
False,238843
False,102010
False,75621
False,450584
False,371684
False,470907
False,458160
False,95877
False,242631
False,103059
False,328969
False,26640
False,188702
False,106120
False,325215
False,442467
False,490991
False,574996
False,170917
False,253863
False,447863
False,173745
False,75775
False,448859
False,43720
False,94163
False,39202
False,203440
False,177818
False,325736
False,79822
False,550431
False,15382
False,262359
False,460125
False,301605
False,156120
False,119145
False,435312
False,342682
False,118762
False,199389
False,79634
False,395800
False,398665
True,384834
False,366257
False,42614
False,345930
False,525779
False,42407
False,225750
False,547083
False,160610
True,83778
False,692
False,382607
False,472357
False,59351
False,118330
False,135305
False,22492
False,343057
False,404621
False,180188
False,138492
False,429754
False,425595
False,399205
False,90744
False,461130
False,144746
False,292160
False,399878
False,194108
False,534548
False,315322
False,540932
False,571331
False,150636
False,42837
False,244575
False,104248
False,10716
False,534855
False,530052
False,363942
True,553330
False,188151
False,31019
False,561446
False,54869
False,154928
False,276244
False,433900
False,401583
False,495997
False,249643
False,437297
False,537053
False,135486
False,483306
False,68623
False,167994
False,428691
False,544737
False,486912
False,206653
False,285817
False,450864
False,410680
False,80084
False,405527
False,61133
False,301965
False,411564
False,16672
False,7653
False,56680
False,357787
False,217832
False,527532
False,173068
False,414884
False,246409
False,137937
False,189765
False,247555
False,43344
False,92176
False,427486
False,60810
False,226039
False,163142
False,366274
False,22360
False,288262
False,361029
False,170021
False,60671
True,405222
False,237064
False,493102
True,456895
False,540947
False,539309
False,465996
False,111141
False,41739
False,543497
False,282264
False,316505
False,41397
False,405894
False,531896
False,403394
False,122549
False,114052
False,3735
False,474545
False,73016
False,130884
False,451308
False,89369
False,232699
False,403577
False,496183
False,414700
False,127987
False,135032
False,123612
False,28713
False,400152
False,489853
False,12891
False,229385
False,114653
False,58161
False,260516
False,50624
False,435957
False,413709
False,364160
False,100331
True,464789
False,144809
False,419120
False,332863
False,125262
False,576583
False,2644
False,546211
False,562100
False,341902
False,89320
False,570568
False,152110
True,294410
False,254706
False,131780
False,254218
False,507966
False,166489
False,324143
False,203462
False,222146
False,249356
False,378403
False,131613
False,454818
False,378940
False,344930
False,126299
False,507827
False,483159
False,552961
False,200857
False,384258
False,338156
False,99623
False,396186
False,9987
False,22953
False,382111
True,317049
False,166998
False,18078
False,486805
False,19397
False,61217
False,99316
False,498562
False,219041
False,366016
False,436319
False,34212
True,453918
False,188068
False,405848
False,35927
False,87697
False,288599
True,192824
False,368768
False,540103
False,529347
False,465695
False,180824
False,216805
False,307426
False,404579
False,492510
False,122678
False,42024
False,269945
False,196365
False,385707
False,572326
False,136111
False,495875
False,189223
True,77954
True,398941
False,512147
False,78413
False,406977
False,191408
False,205846
False,45550
False,121602
False,369279
False,546474
False,72715
False,370209
False,576158
False,263268
False,242246
False,289460
False,412510
False,427842
False,247346
True,216059
False,391972
False,95533
False,87845
False,436438
False,416104
False,218906
False,80619
False,359135
False,274934
False,98629
False,173776
False,439838
False,162237
False,474881
False,119535
False,568555
False,273106
False,481581
False,93280
False,407042
True,162578
False,162390
False,287636
False,311567
False,293372
False,533548
False,136233
False,132493
False,383780
False,189893
False,348584
False,577817
False,500752
False,150276
False,217883
False,291873
False,443733
False,116207
False,484300
False,33732
False,337842
False,190487
False,360826
False,43176
False,439015
False,382728
False,344844
False,431164
False,151956
False,64893
False,333899
False,561635
False,8734
False,398519
False,443500
False,41482
False,164502
True,433454
False,564348
False,572611
False,99580
False,107073
False,460646
False,211198
False,103393
False,527631
False,241797
False,514600
False,326780
False,28876
False,405215
False,397857
False,266857
False,373679
False,357929
False,97230
False,216277
False,46211
False,500165
False,119560
False,66879
False,320566
False,66394
False,316224
False,378950
False,193318
False,546285
False,487568
False,384114
True,185890
False,147568
False,324789
False,287006
False,442321
False,431980
True,350435
False,175715
False,390110
False,157181
False,29586
False,360877
False,178469
False,504289
False,442136
False,481159
False,348730
False,162763
False,5277
False,299325
False,429718
False,542423
False,55764
False,333066
False,253699
False,161697
False,206121
False,502459
False,237011
False,283916
False,167544
False,27395
False,200840
False,543817
False,74461
False,563334
False,76583
False,310572
False,533097
False,309720
False,417281
False,29732
False,562835
False,83029
False,169466
False,114458
False,54738
False,414112
False,134302
False,283768
False,209602
False,193251
False,515505
False,482998
False,411509
True,400829
False,498319
False,544615
False,458931
False,148055
True,461860
True,466840
True,43829
False,296848
False,366152
False,573892
False,308167
False,13639
False,431727
False,255532
False,150410
False,495832
False,472614
False,223718
False,455632
False,23986
False,234475
False,133867
False,68430
False,539984
False,504348
False,34464
False,246863
False,13920
False,536884
False,401384
False,160542
False,539493
False,287364
False,53640
False,240608
False,294407
False,425577
False,284732
False,424481
False,145757
False,309781
False,455657
False,472609
False,273825
False,299417
False,333745
False,12016
False,74209
False,383172
False,354094
False,138155
False,452274
False,354813
False,250490
False,419085
False,149927
False,247839
True,196458
False,569017
False,254327
False,38574
False,237515
False,298297
False,357081
False,190204
False,371317
False,504271
False,428282
False,345728
False,532548
False,126046
False,211536
False,509008
False,364210
False,532107
False,335089
False,170008
False,107907
False,41056
False,316106
False,225670
False,436578
False,275830
True,56739
False,312939
True,484338
False,203928
False,124711
False,497311
False,153856
False,431915
False,244222
False,187979
True,32777
False,130865
False,231899
False,5564
False,562292
False,505471
False,353175
False,359715
False,70943
False,133874
False,565921
False,150703
False,148004
False,271654
False,551936
False,56455
False,73109
False,84174
False,341272
False,47512
False,283122
False,45526
True,517313
False,187090
False,117514
False,160108
False,180130
False,126925
False,527618
False,484689
True,103267
True,291498
False,16831
False,76476
False,466856
False,229233
False,423222
False,290700
False,515612
False,550746
False,576757
False,319848
False,304459
False,356771
False,209773
True,422583
False,535891
False,476380
False,363075
False,98137
False,356923
False,474167
False,338159
False,225829
False,207509
False,206831
False,250195
False,45959
False,136331
False,352208
False,359701
False,139389
False,427335
False,348204
False,44358
False,254032
False,171564
False,24061
False,250246
False,26953
False,150559
False,298395
False,80304
False,195513
False,130892
False,469816
False,512895
False,533553
False,155177
False,190271
False,130037
False,389228
False,307318
False,241505
False,10358
False,94453
False,254366
False,27988
False,405843
False,331549
True,574178
False,488658
False,545950
False,295294
False,92212
True,172088
False,212863
False,439428
False,271712
False,334822
False,150331
False,434127
False,344361
True,235479
False,104392
False,329280
False,480056
True,231395
False,471376
False,304092
False,420769
False,119294
False,334011
False,426253
False,91784
False,287328
False,106067
False,366661
False,496746
False,219624
False,396972
False,58482
False,557627
False,147745
False,390829
False,243212
False,228398
False,9983
False,499353
False,110200
False,228306
True,485829
False,207030
False,341695
False,515303
False,577586
False,455532
False,88726
False,361339
True,483948
False,463567
False,96647
False,70257
False,92696
False,318837
False,295924
False,319609
False,313063
False,237160
False,188592
False,154212
False,411343
False,38122
False,181655
False,156915
False,113945
False,527554
False,125572
False,75285
False,4442
False,502043
False,399710
False,276666
False,439502
False,567079
False,55155
False,362608
False,271701
False,559166
False,116831
False,525990
False,572850
False,464305
False,109427
False,181627
True,328569
False,396903
False,352502
False,276721
False,564915
False,209919
False,115967
False,387750
False,1822
False,311392
False,335339
False,93836
False,550394
False,256630
False,227765
False,113897
False,380072
False,415429
False,344498
False,219385
False,293296
False,458022
False,451793
True,501926
False,29592
False,183709
False,138153
False,237093
False,422877
False,428785
False,330086
False,570297
False,439139
False,42529
True,429113
False,317531
True,404517
False,477064
False,233365
False,390175
False,509746
False,110780
False,85098
False,262460
False,493161
False,238911
False,212241
False,164751
False,233033
False,287960
False,384263
False,307082
False,328144
False,442590
False,250365
False,180099
False,392964
False,56430
False,123028
False,442445
False,247121
False,429415
False,515391
False,25628
False,295107
False,576369
False,437996
False,223477
False,325380
False,216378
False,112997
False,301061
False,22374
False,91954
False,392115
False,323424
False,222879
False,281074
False,469873
False,556183
False,468789
False,171729
False,296032
False,392914
False,288827
False,403789
False,338625
False,396269
False,507049
False,136915
False,465963
False,575701
False,499577
False,234615
True,333629
False,429455
False,403180
False,306031
False,16928
False,460235
False,559747
False,452250
False,438723
False,450672
False,89770
False,332355
False,138521
False,398748
False,339001
False,138450
False,406093
False,100978
False,304518
False,489279
False,447150
False,366501
False,265513
False,373536
False,415571
True,514875
False,67042
False,442791
False,334275
False,353223
False,436172
False,407869
False,297726
False,496153
False,424422
False,396793
False,517823
False,578391
True,353593
False,347972
False,140919
False,21826
False,285234
False,397832
False,532543
False,83725
False,138768
False,253785
False,143151
False,402776
False,46877
False,128441
False,234848
False,268641
True,463429
False,512788
False,73899
False,544260
False,222921
False,209537
False,381630
False,159606
False,148808
False,292432
False,43815
False,112591
False,265896
False,467904
False,123909
False,275938
False,405461
False,292042
False,221730
False,550912
False,146999
False,538682
False,275902
False,128631
False,314755
False,504951
False,365142
False,479886
False,54358
False,551063
False,576527
False,517878
False,572615
False,19863
False,11299
True,544065
False,219687
False,192722
False,452342
False,192631
False,428658
False,539067
False,246166
False,81961
False,469838
False,579906
False,490126
False,260802
False,298170
False,427729
False,105114
False,206783
False,541077
False,525100
False,495568
False,220900
False,13868
False,250360
False,359085
False,111180
False,486257
False,330531
False,157159
False,12809
False,432174
False,293383
False,529838
False,564639
False,530745
False,175202
False,93363
False,309568
False,498339
False,2697
False,259640
False,379462
False,84064
False,372353
True,437262
False,202805
False,481772
False,215023
False,100926
False,15329
False,571903
False,176392
False,547827
False,147418
False,442630
False,494383
False,153249
False,307026
False,45516
False,243361
False,134383
False,292419
False,529507
False,94607
False,436141
False,449537
False,321821
False,149630
False,108071
False,404007
False,526342
False,195195
False,371217
False,91966
False,320649
False,6765
False,94769
False,100530
False,69189
False,255420
False,32679
False,157295
False,388113
False,97868
False,387264
False,489482
False,161973
False,55294
False,108154
False,204705
False,299438
False,553552
False,342614
False,544432
False,553471
False,344408
False,469158
True,548546
False,324730
False,267611
False,264013
True,429158
False,42209
False,166467
False,419255
True,86913
False,218891
False,370149
False,388074
False,144093
True,161635
True,22135
False,177339
False,120230
False,61351
False,432176
False,203345
False,436387
False,329653
False,363806
False,300170
True,232227
True,516516
True,535871
False,32681
False,172197
False,380729
True,91759
False,193529
False,328898
False,179480
False,566261
False,194372
False,402788
False,249443
False,506429
False,44923
False,98882
False,524848
False,565813
False,260221
False,5139
False,230763
False,408252
False,433992
False,112677
False,291574
False,570628
False,439384
False,130566
False,76264
False,209923
False,402855
False,30681
False,211968
False,561783
False,166766
False,476871
False,329782
False,404282
False,391371
False,242677
False,390366
False,445567
False,157669
False,1308
False,471534
False,344038
False,129362
False,25174
False,452899
False,92288
False,605
False,181511
False,314500
False,552392
False,40011
False,499374
False,539226
False,534037
False,514955
False,97201
False,26635
False,316178
False,505738
False,332078
False,426852
False,535432
False,569960
False,52751
False,497162
False,291321
False,409628
False,32809
True,212864
False,15851
False,105817
False,306009
True,351855
False,273859
False,578890
False,527656
False,228893
False,549375
False,399472
False,48821
False,414176
False,174522
False,191981
False,420085
False,568000
False,25374
False,28924
False,235591
False,169181
False,359687
False,560396
False,143323
False,147979
False,263346
False,289337
False,232489
False,435598
False,78652
False,543371
False,290361
False,203108
False,494628
False,441172
False,86409
False,395745
False,338987
False,158915
False,148862
False,426840
False,433066
False,106517
False,228316
False,552796
False,488127
False,423104
False,211255
False,382193
True,516733
False,537986
False,510729
False,389205
False,235751
True,214937
False,311868
False,230844
False,457449
False,9199
False,168296
False,137963
True,326284
False,332480
False,162216
False,381255
False,232762
False,43202
False,399011
False,59321
False,449778
False,281891
False,343158
False,70441
False,18770
False,36028
False,293532
False,322659
True,50158
True,372804
False,109679
False,285307
False,532866
False,343610
False,489734
False,192676
False,75614
False,295642
False,362677
False,295599
False,182015
False,83462
False,24625
False,130706
False,92765
False,554286
False,353231
False,125998
False,382890
False,359833
False,156594
False,365011
False,528129
False,455400
False,526291
False,532629
False,222829
False,267111
False,355620
False,395766
False,280926
False,522933
False,179793
False,139561
False,65012
False,29324
False,20420
False,16693
False,443940
False,430788
False,79501
True,250893
False,327070
False,309802
False,475658
False,245771
False,238431
False,151934
True,231079
False,281700
False,133731
False,10714
False,419383
False,577524
False,158853
False,206467
False,541472
False,380951
False,534467
False,230039
False,82721
False,528710
False,180609
False,139915
False,310134
True,236865
False,341033
False,244847
False,116725
False,188352
False,265198
False,52462
False,491921
False,35197
False,507721
False,403940
False,561100
False,210065
False,435488
False,439132
False,269946
False,160101
False,332587
False,213260
False,158000
False,565680
False,501571
False,579321
False,86842
False,581605
False,143607
False,330481
False,440641
False,205183
False,312406
False,264735
False,540162
False,558542
False,117532
False,418070
True,563349
False,42578
False,213436
False,269462
False,471851
False,63650
False,433662
False,248823
False,491684
True,107963
False,183701
False,10217
False,456399
False,405114
False,61938
False,131011
False,101068
True,290196
False,482234
False,243927
False,185225
False,483691
False,489203
False,486471
False,183276
False,41119
False,43931
False,391521
False,336167
False,246971
False,78042
False,201722
False,311999
False,57095
False,372127
False,346272
False,152976
False,35738
False,115954
False,265742
False,493779
False,168643
False,462837
False,577321
False,300413
False,559958
False,59660
False,40458
False,246358
False,359118
False,345590
False,290898
False,156852
False,379713
False,241396
False,312803
False,200391
False,459190
True,278705
False,81656
False,223905
True,441286
False,564432
False,312926
False,11081
False,536926
False,225282
False,535099
False,279844
False,235871
False,514299
False,331250
False,66369
False,508252
False,335887
False,537270
False,494690
False,399147
False,281578
True,470095
False,360302
False,263504
True,263974
False,306678
True,275685
False,434804
False,511446
False,229035
False,332875
False,89602
False,399162
False,495352
False,322101
False,389041
True,449914
False,142953
False,208754
False,556843
False,541182
False,55315
False,441323
True,144610
False,447615
False,461530
False,345329
False,422268
False,339120
False,348179
False,520659
False,149810
False,352497
False,361648
False,469737
False,581881
False,541702
False,163514
False,164564
False,498615
False,227656
False,367763
False,237245
False,437967
False,258182
False,88669
False,376009
False,398493
False,362031
False,356746
False,40708
False,262576
False,38118
False,174090
False,504258
False,111472
False,17714
False,409097
False,200961
False,133403
False,239337
False,34854
False,499749
False,59497
False,552886
False,165675
False,68238
False,174711
False,9769
False,503585
False,384350
False,263779
False,350484
False,378001
False,11495
False,161234
False,341015
False,513778
False,265490
False,476313
False,194425
False,360427
False,561894
False,187111
False,236142
False,532552
False,566729
False,469605
False,131511
False,576513
False,62743
False,349433
False,439971
False,72315
False,385119
False,566436
False,8469
False,472455
False,347467
False,532495
False,494162
False,157119
False,266623
False,268418
False,287574
False,386625
False,29241
False,25809
False,376342
False,142672
False,216063
False,162561
False,77160
False,479036
False,387604
False,233497
False,432332
False,228749
False,224845
False,578922
False,435549
False,192233
False,196524
False,451490
False,296782
False,3926
False,98836
False,268944
False,61044
False,289778
False,419757
False,468078
False,371739
False,208956
False,302469
True,437347
False,475656
False,303586
False,25241
False,466974
False,310870
False,183890
False,575006
False,150417
False,303012
True,468751
False,437609
False,378628
False,268516
False,560440
False,387527
False,9520
False,35318
False,246880
False,242120
False,248019
False,342004
False,580983
False,481928
False,499627
False,251818
False,399752
False,238001
False,76525
False,96226
False,456224
False,249290
False,272615
False,10903
False,111241
False,246434
False,118060
False,251508
False,265916
False,380427
False,92670
False,546300
False,536786
False,147547
False,21889
False,51278
False,334050
False,488151
False,56289
False,469206
True,242133
False,69625
False,449484
False,498383
False,565360
False,65504
False,402405
False,373730
False,568148
False,83262
False,144157
False,446113
False,85372
False,310325
False,106799
False,469851
False,381194
False,253883
False,399835
False,298985
True,270744
False,89848
False,540680
False,388294
False,251079
False,491845
False,475236
False,283956
False,26443
True,2614
False,484456
False,209791
False,130032
False,286903
False,33721
False,267014
False,389715
False,216676
False,229105
False,40286
False,42682
False,334178
False,219935
False,325710
False,393097
False,86285
False,397997
False,150367
False,454253
False,409767
False,104585
False,496065
False,392394
False,191296
False,379977
False,525646
False,532439
False,535292
False,431067
False,98601
True,154263
False,34137
False,202990
False,561006
False,258344
False,364586
False,258501
False,179017
False,93735
False,344955
False,43776
False,452837
False,288014
False,190753
False,384335
False,294484
False,452479
False,316008
False,553851
False,410226
False,469728
True,566651
False,62390
False,50679
False,264948
False,435327
False,159900
False,483837
False,529023
False,370478
False,387295
False,241620
False,72704
False,67961
True,245842
False,310672
False,320403
False,140702
False,265889
False,510418
False,525678
False,480595
False,286708
False,173274
False,567683
False,18535
False,78925
False,275700
False,88146
False,286702
False,368510
False,407528
False,110724
False,164091
False,333504
False,227733
False,174303
False,388853
False,470561
False,479769
False,482476
False,394165
False,371313
False,29128
False,528136
False,335217
False,36528
False,460730
False,575395
False,56161
False,537890
False,230040
False,12999
False,507516
False,529408
False,405213
False,128848
False,369789
False,370369
False,482957
False,501739
False,123946
False,457656
False,177934
False,340060
False,54671
False,287922
False,35940
False,553150
False,75216
False,455157
False,464534
False,2270
False,139883
False,215026
False,353378
True,283678
False,36828
False,167740
False,133990
False,442808
False,519831
False,62770
False,432994
False,315860
False,251524
False,179415
False,28728
False,450173
False,97569
False,556542
False,226595
False,468826
False,352370
False,223127
False,158420
False,304693
False,373880
False,388042
False,506982
False,378049
False,402945
False,16737
False,247034
False,229564
False,329644
False,95692
False,468623
False,92353
False,255365
False,359722
False,244284
False,95097
False,349099
False,295280
False,318644
False,569988
False,552585
False,109568
False,274978
False,124728
False,249905
False,81616
False,279957
False,415026
False,344238
False,202572
False,250599
False,225383
False,192357
False,437801
True,544819
False,422240
False,333599
False,459809
False,48181
False,177418
False,472954
False,243104
False,498381
False,570569
False,308686
True,432432
False,532234
True,364433
False,506039
False,422155
False,526057
False,125910
False,535569
False,34824
False,409368
False,243947
False,273120
False,545160
False,22367
False,81211
False,186635
False,468792
False,143420
False,401963
False,67180
False,255495
False,406491
False,369840
False,546792
False,540466
False,524777
False,149228
False,293668
False,503252
False,575719
False,417779
False,440334
False,482251
False,576505
False,41265
False,311564
False,448964
False,3690
False,546140
False,461522
False,396852
False,552594
False,278291
False,280556
False,158143
False,120987
False,539705
False,526432
False,37582
False,25388
False,463600
False,167908
False,182820
False,5601
False,93611
False,482585
False,329734
False,122229
False,352949
True,94865
False,78667
False,382278
False,4508
False,233538
False,211185
False,565116
False,311378
False,4827
False,231368
False,214604
False,542715
False,559303
False,394199
False,515682
True,85434
False,185002
False,249688
False,61760
False,451501
False,164363
False,145241
True,309120
False,294877
False,369095
False,6211
False,11422
False,427251
False,404479
False,28675
False,198759
False,238201
False,409023
False,542321
True,160735
False,292827
False,412390
False,325684
False,484531
False,447501
False,115928
False,163601
False,221470
False,8991
False,147553
False,290412
False,146469
False,530317
False,91136
False,333314
False,242610
False,559247
False,472795
False,164186
False,61559
False,371848
True,461015
False,438816
False,386783
False,246700
False,314778
False,541258
False,424771
False,192812
False,244334
False,118542
False,156076
False,378139
False,192702
False,271924
False,186036
True,535135
False,558822
False,167494
False,189229
False,47599
True,229935
False,347653
False,70000
False,570110
True,430670
True,99008
False,554703
False,8053
False,148176
False,482912
False,485113
False,386436
False,476417
False,485605
False,365464
False,488683
False,312536
False,4260
False,72582
False,491689
False,125850
False,382171
False,149783
False,100138
False,46429
False,33727
False,297921
False,26702
False,571835
False,1139
False,37358
False,32757
False,391771
False,471828
False,231773
False,479447
False,177036
False,401482
False,505661
False,268848
False,328113
False,393033
False,126198
False,573962
False,468087
False,506471
False,245818
False,144320
False,216051
False,281246
False,402290
False,581882
False,300895
False,5383
False,122745
False,502089
False,110581
False,3595
True,237357
False,103272
False,391150
False,69196
False,435855
False,304950
False,32149
False,567391
False,335344
False,239752
False,73260
False,185666
False,334391
False,370475
False,273427
False,371677
False,77870
False,578736
False,107360
True,170925
False,507668
False,361901
False,403739
False,292926
False,210731
False,399937
False,401720
False,253123
False,55206
False,284674
False,414133
True,438989
False,295185
False,149832
False,309753
False,64092
False,455181
True,121989
False,555631
False,3249
False,183923
False,67122
False,574829
False,524661
False,422828
False,556955
False,240194
False,214869
False,345937
False,240379
False,89978
True,410056
False,470641
False,128599
False,165034
False,490875
False,341724
False,475710
False,500356
False,426839
False,184938
False,337232
False,46359
False,579271
False,485509
False,431820
False,227289
False,375899
False,526887
False,502058
False,149155
False,251503
False,453421
False,109896
False,232277
False,516828
False,45359
False,237780
False,160970
False,30585
False,90994
False,10046
False,437494
False,43324
False,273442
False,49562
False,5418
False,124756
False,93007
False,232648
False,383175
False,133654
False,166096
False,557582
False,458387
False,238675
False,208718
False,216520
False,543275
False,217511
False,543661
False,381967
False,418047
False,308172
False,52348
False,373252
False,502104
False,348479
False,406414
False,525039
False,194518
False,508612
False,529238
False,183719
False,316617
False,570486
False,447407
False,41837
False,470256
False,441470
False,208372
False,267338
False,425447
False,531644
False,513417
False,139261
False,20395
False,454538
False,574242
False,292982
False,577362
False,409489
False,465374
False,365352
False,247603
False,33764
False,405271
False,326820
False,88376
False,549404
False,130017
False,92009
False,501242
False,384617
False,488632
False,290170
False,183080
False,127994
False,153162
False,393072
False,278822
False,139344
False,242287
False,169893
False,8432
False,26497
True,408219
False,534259
False,438978
False,83730
False,81995
False,448690
True,480240
False,12576
False,196118
False,97858
False,435923
False,379162
False,79313
False,38825
False,71965
False,285170
False,387328
False,330358
False,60117
False,320490
False,333951
False,246649
False,314383
False,490523
False,115311
False,36589
False,142940
False,309946
False,572978
True,490441
False,198319
False,267216
False,201062
False,498353
False,465095
False,393418
False,100523
False,49068
False,94922
True,412296
False,374372
False,538891
False,339703
False,382038
False,386633
False,32067
False,33761
False,386527
False,190690
False,225519
True,422586
False,435698
False,441032
False,137927
False,68194
False,78941
False,470014
True,137682
False,580264
False,326475
False,513983
False,144203
False,338363
False,384559
False,204422
False,129143
False,553313
False,117327
False,502402
False,267408
False,179914
False,135796
False,243839
False,13969
False,409933
False,292238
False,12986
False,318382
False,120234
False,239082
False,371015
False,474859
False,453221
True,443313
False,558798
False,239618
False,528412
False,505643
True,490051
False,101816
False,91440
False,161983
False,182784
False,53788
False,369230
False,155040
False,119248
False,317765
False,300661
False,553668
False,71429
False,325593
False,332692
False,426519
False,20381
False,98443
False,191561
False,179906
False,190767
False,189741
False,125617
False,4201
False,179874
False,410265
False,197063
False,68701
False,403882
False,350759
False,75361
False,502792
False,234993
False,117704
False,309260
False,94837
False,35972
True,552973
False,329421
False,2315
False,420406
False,408506
False,523937
False,565479
False,579158
False,154704
False,138904
False,137595
False,352724
False,428486
False,478140
False,408922
False,420349
False,237256
False,194755
False,199609
False,346051
False,385701
False,295231
False,203035
False,269829
False,123862
False,428786
False,446018
False,549517
False,198622
False,238193
False,308548
False,189296
False,229575
False,501673
False,128014
False,138571
False,210658
False,506256
False,180718
False,178505
False,499636
False,25508
True,109324
False,491739
False,273537
False,248957
False,60689
False,325570
False,365069
False,113166
False,196777
False,314953
False,540498
False,339446
False,78460
False,566832
False,552517
False,103967
False,564762
False,3276
False,406595
False,335395
False,334048
False,203734
False,507489
False,140817
False,314379
False,118140
False,443778
False,325758
False,194013
False,509679
False,325557
False,67623
False,367285
False,352125
False,41041
False,76430
False,334469
True,555271
False,179698
False,519522
False,305450
False,477922
False,500420
False,443034
False,228380
False,171058
False,389108
True,195768
False,448656
False,395424
False,407260
False,423204
True,103579
False,299039
False,268233
False,501212
False,512531
False,441992
False,549317
True,152019
False,420380
False,236222
False,461254
False,72095
False,79143
False,106107
False,351567
False,443984
False,187435
False,313428
False,137241
False,507037
False,34246
False,247296
False,463771
False,320659
False,49424
False,1924
False,168451
False,483205
False,330091
False,18811
False,471858
False,97982
False,401685
False,539448
False,152273
False,530082
False,28874
False,226097
False,526956
False,373482
False,66014
False,331350
False,212963
False,322285
False,237344
False,150258
False,541856
False,406250
False,469471
False,223447
True,306335
False,527828
False,124027
False,109174
False,576204
False,65063
False,127520
False,373783
False,200718
False,569722
False,49301
False,276284
False,294283
False,489799
False,34491
False,62581
False,301783
False,179505
False,569645
False,196584
False,297168
False,53994
False,308444
False,111067
False,322246
False,269496
False,189868
False,87554
False,111801
False,66574
False,266228
True,342185
False,99476
False,80168
False,48573
False,39080
False,75308
False,82252
False,496632
False,17488
False,284152
False,515760
False,378654
False,303603
False,6091
False,527440
False,219735
False,122231
False,569525
False,267454
False,428508
False,435576
False,54492
False,453682
False,220353
False,509587
False,451919
False,434522
False,134169
True,135369
False,425590
False,394269
False,95111
False,394663
False,282980
False,34277
False,139948
False,182984
False,197401
False,330084
False,563391
False,325517
False,129032
False,8493
False,40620
False,310665
False,403332
False,81918
False,369446
False,136600
False,396350
False,141931
False,209803
False,556865
False,216987
False,196430
False,215162
False,224080
False,367552
False,281617
False,263146
False,193293
True,502936
False,58242
False,343140
False,186828
True,515792
False,416279
False,434459
False,220777
False,387696
False,50246
False,249764
False,569560
False,276260
False,511398
False,144641
False,374561
False,310926
False,203878
False,86655
False,76295
False,213399
False,445113
True,555143
False,420750
False,350492
False,79837
False,47692
False,89877
False,345372
False,196245
False,363505
False,34961
False,26941
False,294883
False,492293
False,333258
False,323682
False,374887
False,570333
False,535809
False,211406
False,49006
False,530624
False,117146
False,31979
False,460872
False,354382
False,393869
False,318724
False,181990
False,516768
False,9127
False,369250
False,324872
False,563337
False,462819
True,300408
False,567403
False,353761
False,46650
False,493295
False,123333
False,118463
False,344736
True,164572
False,356213
False,381334
False,361197
False,563028
False,297154
False,52259
False,313757
True,24411
False,144250
False,185588
False,181489
False,169679
False,134562
False,440663
False,448181
False,140048
False,220782
False,90367
False,544127
False,45599
False,572251
False,64953
False,345068
False,100972
False,248694
False,391600
False,247078
False,559912
False,221322
False,121417
False,289752
False,102793
False,3538
False,308605
False,432226
False,339108
False,461201
False,103366
False,552432
False,165795
False,436676
False,54337
False,324052
False,299163
False,59843
False,69231
False,9425
False,7567
False,297175
False,217143
False,296540
False,140860
False,185802
False,198671
False,85329
False,30455
False,509416
False,429065
False,63345
False,104594
False,191570
False,85213
False,488002
False,101647
False,330990
False,382594
False,190199
False,99543
False,511188
False,22926
False,449841
False,397269
False,268937
False,135894
False,414113
False,4243
False,440729
False,36221
False,54355
False,287886
False,377955
False,580636
False,373697
False,439092
False,22382
False,16241
False,244581
False,88117
False,83632
False,278172
True,35093
False,495692
False,302467
False,536806
False,395293
False,531369
False,284684
False,345786
False,338670
False,233609
False,407196
False,188028
False,412373
False,480306
False,539951
False,333130
False,288204
False,213255
False,389264
False,530610
False,193168
False,150552
False,201116
False,395311
False,288478
False,184210
False,450914
False,463301
False,227568
False,271577
False,293749
False,458286
False,431613
False,276233
False,169169
False,244812
False,195671
False,178426
False,458616
False,61603
False,330716
False,119038
False,467902
False,115579
False,81474
False,387173
False,426602
False,170670
False,376407
False,335709
False,459975
True,215291
False,87334
False,420215
False,558581
False,468408
False,433998
False,253674
False,230670
False,443547
False,474186
False,531719
False,389134
False,320533
False,231720
False,35783
False,528971
False,467646
False,63328
False,549928
False,203577
False,206903
False,540762
False,106748
False,457907
False,538934
False,540538
False,241364
False,147331
False,416357
True,291962
False,332133
False,507167
False,577320
False,543354
False,399781
False,63835
False,501538
False,106792
False,149197
False,179251
False,286284
True,422603
False,11373
False,120340
False,335695
False,176912
False,183500
False,268190
False,5312
False,91508
False,338497
False,488634
True,475159
False,467817
False,225533
False,234569
False,151307
False,527863
False,292257
False,219910
False,223033
False,328995
False,336587
False,151112
False,179997
False,63320
False,450790
False,93599
False,417660
False,218628
False,210299
False,101096
False,261068
False,351948
False,276720
False,55118
False,79260
False,246102
False,395180
False,85339
False,31773
False,125978
False,381576
False,485016
False,138785
False,265453
False,329711
False,438855
False,540697
False,263482
False,160482
False,344729
False,128461
False,339734
False,382315
False,405278
False,219679
False,189368
False,174633
False,361755
False,210980
False,198953
False,407596
False,515403
True,482735
False,47597
False,191740
False,106589
False,481267
False,58465
False,405146
False,75270
False,52629
False,365831
False,225949
False,560750
True,206747
False,21095
True,279197
False,118343
False,278489
False,334208
False,343696
False,49348
False,26029
False,91989
False,433021
False,569415
False,563127
False,382717
False,317407
False,481571
False,560108
False,389655
False,417164
False,426664
False,262965
False,170181
False,112734
False,376269
False,495020
False,226738
False,360300
False,175669
False,428266
False,40219
False,322971
False,378983
False,563098
False,190952
False,236963
False,321844
False,489849
False,141204
False,562906
False,516088
False,235203
False,423209
False,305685
False,449835
False,391891
False,378865
False,271825
False,391678
False,89725
True,534827
False,23812
False,35526
False,497390
False,313131
False,344402
False,556719
False,572572
False,172271
False,539180
False,528243
False,312877
False,21240
False,303215
False,469638
False,580406
False,406182
False,560943
False,509700
False,426556
False,186112
False,160757
True,264128
False,126914
False,371106
False,173216
False,121363
False,100895
False,99636
False,380734
True,27723
False,171656
False,288026
False,397337
False,137859
False,83386
False,94011
False,140724
False,326712
False,380854
False,365709
False,102517
False,193023
False,416972
False,85413
False,9462
False,106639
False,126020
False,106281
False,133418
False,95988
False,422542
False,38900
False,24259
True,363102
False,323010
False,16327
False,348604
False,312870
False,75811
False,230335
False,114363
False,58873
False,309940
True,72737
False,546133
False,45108
False,71673
False,295308
False,187331
False,386295
False,462488
False,239881
False,47288
False,265745
False,469687
False,242867
False,394598
False,397786
False,153052
False,246728
False,329641
False,234781
False,267704
False,79701
False,427909
False,326709
False,299468
False,250952
False,2536
False,163970
False,538250
False,443278
False,528351
False,84040
False,501966
False,327563
False,512139
False,110094
False,163339
True,501527
False,426085
False,150931
False,295941
False,11256
False,128166
False,409512
False,306868
False,176571
True,537905
False,68646
False,420573
False,298141
False,330140
False,383641
False,429887
False,463628
False,318955
False,287443
False,410312
False,451706
False,352445
False,554357
False,527118
False,289264
False,388510
False,3521
False,218037
True,408746
False,387000
False,235545
True,218980
False,508814
False,527445
False,28006
False,213312
False,97296
False,416384
False,297510
False,396194
False,237241
False,348496
False,574152
False,223573
False,420403
False,296014
False,84244
False,368409
False,300580
False,244967
False,2531
False,162415
False,259733
False,238292
False,327418
False,289941
False,139512
False,435544
False,42422
False,352553
False,298738
False,112661
False,187162
False,541571
False,577830
False,127926
False,348966
False,564063
False,294744
False,461245
False,416815
False,399499
False,250474
False,204051
False,57782
False,489606
False,442661
False,526968
False,342949
False,89293
False,196817
False,500152
False,231581
False,409134
False,97376
False,578572
False,9768
False,137701
False,545958
False,272312
False,496196
False,293283
False,247806
False,568216
False,66930
False,577077
False,397351
False,208413
False,164698
True,292446
False,7558
True,328337
False,276135
False,232675
False,318310
False,553795
False,334772
False,2372
False,144337
False,478007
False,319465
False,300704
False,140581
False,220605
False,247071
False,319115
False,313737
False,402057
False,375205
False,496548
False,472484
False,489764
False,33820
False,290355
False,216015
False,417528
False,108282
False,263599
False,347042
False,530855
False,256195
False,382653
False,527447
False,510402
False,196035
False,319541
False,318203
False,456979
False,116827
False,267647
False,446650
False,270184
False,274084
False,4706
False,16314
False,125586
False,174412
False,15174
False,509131
False,536198
False,154179
False,128675
False,298080
False,487870
False,210693
False,48261
False,138241
False,264791
False,302618
False,42416
False,49988
False,347766
False,368821
False,455799
False,431696
False,213433
False,173132
False,30803
False,259027
False,300209
False,239101
True,11159
False,163091
False,140088
False,435902
False,12241
False,315744
False,449304
False,560989
False,476385
False,323804
False,431240
False,355737
False,471952
False,485369
False,549866
False,226145
True,333615
False,382423
False,216142
False,248655
False,110704
False,175021
False,470704
False,138276
False,19852
False,186791
False,504103
False,495491
False,24343
True,376165
False,419892
False,400303
False,12786
False,264506
False,152103
False,472676
False,103083
False,18414
False,534048
False,174747
False,27285
False,570543
False,288700
False,29626
True,20611
False,347224
False,233737
False,439290
False,253342
False,320978
False,319396
False,416220
False,322149
False,211436
False,82512
False,164104
False,325486
False,268729
False,90010
False,57794
False,270034
False,116750
False,228336
True,58754
False,442666
False,273704
False,144869
False,386803
False,517296
False,87738
False,221200
False,99736
False,507789
False,63409
False,353994
False,412807
False,487927
False,361497
False,60687
False,262239
False,115752
False,530479
False,331955
False,415909
False,93893
False,147371
False,118598
False,390524
False,424505
False,422026
False,325787
False,443627
False,5368
False,98038
False,297502
False,335653
False,12795
False,492244
False,226058
True,340508
False,160031
False,113168
False,474506
False,65736
False,449909
False,66192
False,480556
False,151324
False,219418
False,137706
False,434128
False,222453
False,376796
True,179031
False,400285
False,254130
False,83656
False,542934
False,186009
False,555180
True,240495
False,64749
False,383968
False,243820
False,50896
False,323182
False,553370
False,236239
True,188137
False,510852
False,309024
False,62547
False,299271
False,303221
False,202557
False,442874
False,387932
False,418677
False,399984
False,149414
False,515266
False,315863
False,359043
False,561172
False,441488
False,122987
False,3992
False,209380
False,35358
False,100413
True,84270
False,133467
False,453519
False,156308
False,228133
False,159808
False,121181
True,342204
False,163827
False,531515
False,1393
False,202328
False,355345
False,308659
False,385864
False,134242
False,26538
False,228382
False,272481
False,342639
False,116171
False,567644
False,194842
False,246237
False,376457
False,408660
False,244908
False,475651
False,514801
True,440813
False,517958
False,318284
False,52983
False,397354
False,13636
False,1852
False,42860
False,486503
False,488388
False,404854
False,9409
False,7511
False,539977
False,303392
False,349212
False,528231
False,90615
False,21126
False,113251
False,125725
False,543769
False,466981
False,458672
False,405886
False,103234
False,432064
False,395171
False,507239
False,62821
False,460694
False,450707
False,581293
False,410182
False,178504
False,437816
False,345053
False,232538
False,292315
False,33431
False,435347
False,565053
False,398083
False,73442
False,333014
False,181631
False,543164
True,33055
False,174594
False,401362
False,570448
False,90387
False,500765
False,360870
False,361321
False,266697
True,117979
False,230515
False,327726
False,405507
True,454273
False,483587
False,389174
False,382032
False,485595
False,577632
False,30805
False,239198
False,16382
False,94536
False,285358
True,237841
False,187868
False,219486
False,201318
False,108152
False,299862
False,72565
False,269245
False,364090
False,509404
True,346795
False,88414
False,28367
False,6437
False,457519
False,89781
False,138782
False,48408
False,388933
False,295647
False,88265
False,321493
True,403109
False,27620
False,142891
True,188862
False,299647
False,250724
False,193659
False,119171
False,38370
False,505899
False,276763
False,287958
False,576752
False,274034
False,420478
False,68996
False,219484
False,134053
False,240485
False,468570
False,278243
False,75084
False,321554
False,267830
False,335566
False,168690
False,344782
True,1011
False,267788
False,470935
False,129566
False,68117
False,384670
False,42079
False,286386
False,385152
False,321176
False,61531
False,225473
False,61174
False,421274
False,213694
False,541255
False,174964
False,382154
False,410633
False,564759
False,128466
False,44467
False,131967
False,298162
False,286860
True,39480
False,406377
True,207805
False,390796
False,306145
False,417476
False,208849
False,347210
False,476664
False,22377
False,228436
False,451482
False,92439
False,573388
False,460378
False,391324
False,314992
True,39137
False,102707
False,149366
False,452823
False,410791
False,548169
False,509292
False,154556
False,262748
False,305056
False,275276
False,469392
False,95744
True,541108
False,78026
False,451331
False,455738
False,116040
True,424165
False,392481
False,193853
False,452782
False,250069
True,464719
False,265713
False,175664
False,68712
False,489924
False,531721
False,530863
False,179174
False,535721
False,19793
False,53542
False,549668
False,31885
False,501311
False,425470
False,486040
False,176087
False,72573
False,311295
True,81379
False,91754
False,427692
False,531111
False,9296
False,252144
False,354185
False,253693
False,415360
True,162083
False,336984
False,198826
True,475055
False,517386
False,531684
False,106435
False,447778
False,335138
False,9060
False,202909
False,433212
False,577964
False,334283
False,280484
False,139815
False,389998
False,391041
False,163175
False,431675
False,39470
False,296009
False,61049
False,557848
False,82363
False,301527
False,152465
False,293233
False,148263
False,399686
False,313334
False,49217
False,268659
False,216273
False,475856
False,479984
False,15690
False,331883
False,204806
False,307670
False,133835
False,503292
False,169318
False,276125
False,400752
False,275279
False,113570
False,18256
False,559040
False,433915
False,294912
False,203517
False,109752
False,178031
False,185004
False,578314
False,484985
False,269160
False,209071
False,22949
False,511425
False,229947
False,568884
False,302867
False,475453
False,203767
False,559021
False,543330
False,45487
False,320182
False,25239
False,327944
False,578962
False,387558
False,200503
False,397192
False,450695
False,52563
False,491029
False,202373
False,121586
False,189966
False,458228
False,370388
False,161397
False,368852
False,161836
False,47879
False,415435
False,339597
False,409646
False,190094
False,172051
True,441598
False,460339
False,343315
False,573932
False,186717
False,48910
True,558570
False,23054
False,335144
False,45299
False,572627
False,501358
True,12817
False,546846
False,201217
False,173987
False,107691
False,370082
True,547300
False,188290
False,27340
False,84427
False,64705
False,489085
False,199003
False,538155
False,336101
False,332734
True,304570
False,382736
False,526319
False,293061
False,541528
False,240739
False,110027
False,170432
False,78469
False,215227
False,415608
False,528984
False,459343
False,304158
False,561560
False,363071
False,5620
False,223454
False,32442
False,138670
False,5028
False,122939
False,145699
False,173832
False,459032
False,539430
False,435402
False,11360
False,108110
False,7224
False,468602
False,504807
False,151758
False,505592
False,367725
False,559586
False,48034
False,451284
False,406292
False,272228
False,238772
True,352389
False,210052
False,227204
False,182126
False,514913
False,525999
False,325564
True,422992
False,10407
False,538671
False,194407
False,284340
False,137661
False,105344
False,87229
False,560687
False,497076
False,62481
False,374241
False,104304
False,510519
False,200725
False,110961
False,397352
False,294160
False,109673
False,529636
False,159608
False,226346
False,473709
False,208380
False,494913
False,185888
False,225113
False,330243
False,193243
False,251442
False,483645
False,91171
False,568665
False,172187
False,576895
False,352041
False,122252
False,500389
False,266908
False,49275
False,229833
False,60010
False,183939
True,347596
True,350840
False,531143
False,79860
False,281406
False,504700
False,34820
False,294104
True,56091
False,134255
False,294002
False,286138
False,65400
False,372807
False,233104
False,185514
False,55135
False,265106
False,120380
False,411291
False,250868
False,152623
False,166702
False,141543
False,342139
False,488812
False,104900
False,141862
False,534543
False,577464
False,487825
False,199237
False,120412
False,552222
False,184435
False,29345
False,177323
True,14244
False,563155
False,168194
False,239654
False,499730
False,117160
False,389232
False,117543
False,526464
False,316563
False,281385
False,272569
False,66491
False,233566
False,271183
False,341118
False,312712
False,234457
False,71756
False,225658
False,18089
False,209357
False,378962
False,313924
False,312826
False,73197
False,160927
False,471871
False,537152
False,25685
False,479378
False,469329
False,351823
False,304642
False,114274
False,330429
False,398287
True,559145
False,111824
False,309492
False,220704
False,246342
False,302230
True,332916
False,405314
False,83568
False,493395
False,334798
False,147314
False,198563
False,439399
False,455322
False,504091
False,139817
False,243190
False,189568
False,39089
False,324161
False,275380
False,277729
False,10069
False,105470
False,419375
False,3590
False,266176
False,181611
False,497532
False,127955
False,484386
False,330750
True,285963
False,443727
False,499728
False,447049
False,283290
False,334708
False,253419
False,209229
False,125782
False,474164
False,152808
False,239959
False,307092
False,335804
False,147429
False,263358
False,282336
False,450050
False,39004
False,460996
False,112586
False,543171
False,36939
False,136790
False,320816
False,142722
False,118399
False,424162
False,274047
False,421995
True,332261
False,217238
False,326970
False,72111
False,491106
False,482929
False,283064
False,511647
False,352243
False,74343
False,450759
False,512806
False,118234
False,21260
False,403291
False,227451
False,457394
False,119075
False,212229
False,569900
False,215249
False,283704
False,354842
False,263876
False,555687
False,393907
False,539791
False,533529
False,106832
False,79552
False,438375
True,435716
False,369782
False,445103
False,397181
False,78593
False,205243
False,61711
False,450918
False,52982
False,241611
False,331697
False,401092
False,100245
True,460183
False,264987
False,178849
False,345225
False,532102
False,391682
False,297877
False,245713
False,194956
False,320478
False,465441
False,9745
False,402199
False,289120
False,540735
True,385863
False,282032
False,288664
False,53091
False,82346
False,581180
False,527750
False,357567
False,252909
False,536145
False,30148
True,566547
False,275001
False,463633
False,296978
False,543692
False,163755
False,423984
False,91487
False,170365
False,144022
False,75990
False,479067
False,359277
False,230302
False,466547
False,180768
False,397582
False,362062
False,176265
False,443607
False,125100
False,128690
True,298139
False,398237
False,391480
False,429690
False,19109
False,571384
False,129176
True,115616
False,164005
False,177726
False,21514
False,83369
False,367767
False,329865
False,538113
False,168083
False,430763
False,119755
False,437516
False,125211
False,160142
False,374326
False,428834
False,423508
False,83738
False,474721
False,553441
False,264615
False,480990
False,159850
False,439392
False,222603
False,492995
True,538640
False,46372
False,322557
False,11361
False,470924
False,540082
False,81064
False,239016
False,132959
False,283885
False,4175
False,193829
False,216694
False,96445
False,86459
False,442307
False,408954
False,205676
False,37662
False,72030
False,247893
False,574014
False,25230
False,94317
False,444087
False,65029
False,51198
False,92177
False,251493
False,327432
False,264708
False,195650
False,159704
False,532178
False,102356
True,489617
False,504313
False,293022
False,563411
False,54025
False,432247
False,139551
False,371353
False,255385
False,365030
False,145849
False,144193
False,454209
False,459618
False,97369
False,568883
False,510349
False,327191
True,478430
False,362718
False,414709
False,431553
False,144706
False,328810
False,574760
False,423740
False,438964
False,151214
False,231102
False,263163
False,476082
False,13195
False,428925
False,534972
False,133113
False,349208
False,371239
True,354144
False,236085
False,312142
False,343972
False,217183
False,232483
False,44652
False,252905
False,472788
False,125656
False,312420
False,473728
False,456865
False,284008
False,165831
False,565652
False,503144
False,41087
False,304187
False,159127
False,266030
False,102159
False,495448
False,428391
False,75118
False,110829
False,461916
False,165766
False,279806
False,458397
False,117792
False,254568
False,319101
False,233545
False,340733
False,415953
False,26981
False,125703
False,8027
False,346583
True,441228
False,412873
False,574213
False,230934
False,404183
False,314750
False,406767
False,561256
False,429558
False,289855
False,415235
False,63081
False,63206
False,332968
False,13949
False,548153
False,296432
False,331524
False,65986
False,498449
True,252443
False,551823
False,466913
False,409009
False,328111
False,149791
False,529087
False,64865
False,289690
False,65258
False,45558
False,295659
False,90554
False,126257
False,448535
False,34754
True,195002
False,184778
False,448787
False,353839
False,212088
False,374974
False,160811
False,499451
False,462516
False,468284
False,490842
False,378868
True,262171
False,480223
False,561484
False,47010
False,103413
False,359439
False,56837
False,370818
False,246759
False,558132
False,481257
True,229765
True,120655
False,369267
False,432414
False,171109
False,539326
False,569773
False,312205
False,278829
False,409022
False,25603
False,463961
False,50727
False,445305
True,326510
False,91005
False,150016
False,373521
False,431192
False,509839
False,495159
False,425280
False,409115
False,510334
False,24287
False,550400
False,438154
False,282841
False,215303
True,316189
False,273782
False,372415
False,35887
False,415602
False,1072
False,93487
False,3713
False,504702
False,447233
False,433984
False,267578
False,258859
False,411705
False,576011
False,246982
False,15386
False,410554
False,305384
False,388643
False,137173
False,125059
False,347312
False,79896
False,439614
False,429902
False,333424
True,503689
False,153998
True,290010
False,443363
False,502321
False,306878
False,168909
False,206371
False,456736
False,529624
False,479957
False,535302
False,248297
False,27519
False,227939
False,396247
False,131207
False,192886
False,7048
False,191464
False,482858
False,82807
False,51555
False,289791
False,277778
False,201862
False,362263
False,147958
True,322177
False,50778
False,151570
False,384070
False,318095
False,393511
False,314996
False,561938
False,462505
False,418812
False,490057
False,151732
False,14736
False,191305
False,161093
False,197068
False,52382
False,186026
False,538979
False,458109
False,242566
False,483489
False,499054
False,201003
False,306638
False,55201
False,574057
False,144862
False,187745
False,73997
False,173830
False,77754
False,95915
False,250703
False,50256
False,399317
False,491090
False,423519
False,22696
True,344231
False,570381
False,506169
False,342933
False,471155
True,210249
False,95044
False,198437
False,135902
False,290192
False,229456
False,494633
False,358083
False,400377
False,538595
False,221605
False,376750
False,555520
False,423622
False,551746
False,274091
False,82418
False,197406
True,438186
False,322278
True,561028
False,143017
False,225704
False,499672
False,345667
False,402331
False,117062
False,460559
True,209544
True,14835
False,444233
False,197678
False,233862
False,293304
False,476710
True,373569
False,385316
False,371800
False,400922
False,493341
False,113412
False,110203
False,416641
False,385858
False,110046
False,550547
False,228161
False,460222
False,529095
False,204467
False,469445
False,578169
False,411912
False,227598
False,5641
True,373325
False,479941
False,66126
False,151163
False,395775
False,6393
False,392506
False,125958
False,502470
False,153632
False,151678
False,235126
False,487018
False,476061
False,272405
False,139763
True,14966
False,157342
False,62160
False,313980
False,320371
False,352925
False,62541
False,542304
False,273147
True,447681
False,416337
False,16292
False,449471
False,366560
False,494403
False,509783
False,168084
False,317733
False,71970
False,383748
False,224759
False,131804
False,494248
False,78200
False,149091
False,203160
False,421325
False,355622
False,140263
False,269590
False,224010
False,175470
False,138550
False,516321
False,28555
False,214821
False,152866
False,486586
False,580660
False,487778
False,280942
False,87685
False,182799
True,429580
False,81748
False,499138
False,554767
False,549759
False,191251
False,316190
False,202658
False,11168
False,435185
False,479563
False,94625
False,24428
False,122997
False,443835
True,477288
False,73172
False,128812
False,10727
False,22199
False,574028
False,414577
False,224541
True,570225
False,159972
False,112719
False,38274
False,219750
False,115851
False,272745
False,359864
False,30549
False,34732
False,64088
False,479469
False,1958
False,303928
False,224396
False,210684
False,348107
False,418315
False,51639
False,125438
False,424326
False,71927
False,408328
False,27424
False,394132
True,481585
False,493576
False,480792
False,1375
True,200416
False,537861
False,414686
False,380912
False,27591
False,16216
False,499366
False,552849
False,222276
False,108045
False,251335
False,75162
False,581657
False,221865
True,72902
False,37124
False,180447
False,209068
False,446354
False,3084
False,9091
False,288127
False,246453
False,246931
False,65356
True,288519
False,554067
False,268854
False,248753
True,561314
False,266536
False,285450
False,345042
False,348019
False,346517
False,112805
False,21879
False,581189
False,468730
False,189744
False,336517
False,508281
False,254653
False,188002
False,192576
False,399282
False,93327
False,477852
False,341328
False,571125
False,216029
False,57919
False,265444
False,567898
False,297343
False,346754
False,346947
False,576518
False,528147
False,101053
False,266689
False,148276
False,9062
False,566341
False,513461
False,119550
False,126238
False,95747
False,376829
False,100159
False,249276
False,506900
False,483992
False,39014
False,516364
False,141416
False,292912
False,74617
False,390518
False,207549
False,378723
False,40685
False,407522
False,48428
False,540763
False,248033
False,116402
False,211830
True,24285
True,108144
False,163250
False,136926
False,254212
False,199575
True,558454
False,561545
False,88241
False,453938
False,494508
False,408098
False,215889
False,485654
False,28260
False,342999
False,306913
False,190881
False,300725
False,365003
False,408368
False,82061
False,456782
False,542937
False,454830
False,570353
False,1625
False,165133
False,433657
False,183332
True,444142
False,296303
False,262932
False,273555
False,301928
False,393945
True,417700
False,287361
False,129037
False,550333
False,554566
False,296038
False,292526
False,278931
False,303436
False,2881
False,122964
False,133821
False,390052
False,232315
False,137833
False,167588
False,349363
False,495481
False,95809
True,396853
False,353969
False,143769
False,397826
False,191836
False,416006
False,564151
False,87038
False,219329
False,487766
False,574241
False,536403
False,324250
False,23967
False,263957
True,546664
False,184123
False,375591
False,213799
False,336242
False,228627
False,289862
False,47172
False,34973
False,428740
False,117530
False,511321
False,455677
False,568405
False,123523
False,100084
False,271763
False,317781
False,262579
False,201151
False,372413
False,569389
False,3685
False,145009
False,388702
False,99707
False,353889
False,534735
False,99363
False,265184
False,149263
False,163485
False,226130
False,452439
False,354095
False,551014
