v_coco_id,coco_Id
False,412922
False,324139
False,15681
False,113212
False,90108
False,455210
False,333225
False,270524
False,515057
False,565043
False,347702
False,395491
False,116244
False,1442
False,101822
False,113252
False,344989
False,524563
False,285958
False,267300
False,199951
False,24636
False,442043
False,474405
False,509608
True,194663
False,424722
False,89207
False,161062
False,52871
False,312661
False,238245
False,159887
False,128992
False,264944
False,408965
False,366141
True,176335
False,147667
False,263913
False,211322
False,291319
False,351719
False,138659
False,98480
True,17489
True,399605
False,323746
False,388117
False,390646
False,92032
False,232906
False,85235
False,400621
False,440792
False,268114
False,268124
False,415818
False,570416
False,444515
False,92181
False,431890
False,291475
False,132997
False,497591
False,441751
False,16418
False,336637
False,149464
False,414196
False,134389
False,283495
False,309114
False,556597
False,551961
False,74583
False,326726
False,309386
False,71361
False,60710
True,175273
False,120176
False,374641
False,82936
False,150827
False,504167
False,543010
False,208376
False,206618
False,221949
False,487338
False,155306
False,226360
True,452985
False,136158
False,377878
False,453070
False,231071
False,45180
False,434623
False,356147
True,189684
False,309005
False,459084
False,52153
False,19637
False,309870
False,395432
False,128942
False,6266
False,389455
False,381406
False,343857
False,91875
False,433224
False,132193
False,10710
True,215982
False,178871
False,24730
False,507642
False,286430
False,176696
False,274514
False,340544
False,532009
False,114077
False,466196
False,365103
False,289344
False,337951
False,111142
False,205238
False,245660
False,157601
False,13934
False,248409
False,468722
False,80725
False,489802
False,568710
False,121954
False,189404
False,521509
False,101132
False,194054
False,139127
False,209868
False,557625
False,532276
False,77973
False,550555
False,72263
False,325874
False,130745
False,465683
False,447596
False,538822
False,574944
False,445427
False,183949
False,215353
False,533811
False,89908
False,396461
False,281148
False,335063
False,489145
False,213936
True,541123
False,214386
False,182162
False,234211
False,475580
False,106023
False,163858
False,487401
False,465285
False,400792
False,361265
False,77979
False,6016
False,388566
False,155839
False,408854
False,168803
False,372489
False,228042
False,389866
False,142735
False,249676
False,171315
False,412220
False,378765
False,427943
False,216715
False,423720
False,93098
False,14756
False,27293
False,467956
False,20207
False,403523
False,43522
False,156204
False,132393
False,39072
False,127622
False,135965
False,270278
False,149712
False,140577
False,85163
False,418054
False,53208
False,295282
False,324507
False,263042
False,173527
True,10678
False,548836
False,580813
False,476481
False,347885
False,531392
False,37779
False,59034
False,302823
False,115358
False,231852
False,332574
False,334752
False,140999
False,14869
False,93655
False,18171
False,105901
False,313228
False,203676
False,273250
False,46545
False,366839
False,471790
False,220241
False,30815
False,437947
False,269015
False,490801
False,157809
False,159626
False,41606
False,383721
False,325470
False,424712
False,524649
False,159567
False,528448
False,130528
False,131431
False,483275
False,317816
False,474049
False,420081
False,466599
False,417160
False,465605
False,160968
False,577808
False,391754
False,305634
False,497443
False,384531
False,488089
False,226872
False,372294
False,262862
False,315663
False,373317
False,571786
False,348235
False,512854
False,56233
False,306511
False,303873
False,567372
False,358825
False,5483
False,21926
False,75496
False,435807
False,476460
False,302666
False,84786
False,370513
False,220183
True,12552
False,246616
False,240618
False,225623
False,483272
False,283210
False,96679
False,149221
False,347509
False,245733
False,224303
False,172995
False,201184
False,186563
False,91366
False,283426
False,342296
True,163436
False,337479
False,548357
False,351554
False,283383
False,573571
False,499428
False,560158
False,330436
False,468825
False,419656
False,216628
False,550118
False,380182
False,337716
False,528046
False,87450
False,426451
False,425155
False,332351
False,385070
False,574665
False,366150
False,423337
False,432962
False,362240
False,267699
False,384346
False,516396
False,201550
False,182416
False,175256
False,536602
False,249536
False,50294
False,405196
False,137730
False,337233
False,283849
False,372029
False,461669
False,346587
False,447484
False,85744
False,177166
False,573337
False,553878
False,413865
False,572602
False,80391
False,514563
False,44160
False,419979
False,388812
False,86755
False,406839
False,373970
False,492550
False,152598
True,580972
False,138805
False,163903
False,148792
False,557780
False,255149
False,371829
True,565570
False,110250
False,251084
False,89930
False,8958
False,481909
False,238410
False,364010
False,252693
False,451707
False,427538
False,113975
False,417037
False,305622
False,292898
False,434148
False,24454
False,505062
False,195368
False,365344
False,175291
False,460408
False,441483
False,405226
False,27298
False,297182
False,189394
False,248637
False,63512
False,543385
False,350278
False,290231
False,28649
False,122776
False,563396
False,241025
False,371824
False,492627
False,511432
False,369442
False,534194
True,511127
False,243156
False,408696
False,512380
False,88999
False,139282
False,21138
False,137777
False,185210
False,428067
False,341245
False,148034
False,23779
False,41658
False,346392
True,205671
False,48252
False,411184
False,109357
False,371703
False,226148
False,427014
False,359563
False,207172
False,516697
False,396934
False,287310
False,305684
False,308780
False,278486
False,504280
False,274768
False,246056
False,449038
False,264244
False,129502
False,49014
False,419324
False,174386
False,498270
False,533743
False,78861
False,247764
False,133750
False,454144
False,172710
False,503834
False,108042
False,109281
False,294747
True,94558
False,240321
False,559816
False,409740
False,538643
True,573065
False,113590
False,552110
True,348734
False,89407
False,377245
False,151521
False,38582
False,401040
False,388136
False,266350
False,435164
False,528060
False,427615
False,383033
False,137954
False,80279
False,141873
False,456556
False,452341
True,581357
False,383018
False,8587
False,366802
False,240227
False,382309
False,119263
False,44022
False,273657
False,522713
False,60040
False,242709
False,536280
True,103722
False,96664
False,233121
False,102445
False,550405
False,143051
False,272610
False,439288
True,442084
False,534751
False,158053
False,161006
False,118612
False,372121
False,557886
False,308156
False,7420
False,399769
False,422669
False,395469
False,449043
False,392723
False,442668
False,82779
False,310560
False,515106
False,74390
False,535880
False,193454
False,449865
False,18389
False,351134
False,165589
False,494188
False,170388
False,270066
False,316194
False,549301
False,151432
False,220799
False,75227
False,61854
False,285825
False,357587
False,298372
False,137677
False,180366
False,501851
False,285645
False,61150
False,150442
False,532390
True,14103
False,336569
False,548253
False,139492
True,306426
False,57995
False,81054
False,71766
False,87871
False,500423
False,335093
False,147309
False,244078
False,515423
False,433874
True,291251
False,399558
False,28251
False,381759
False,273710
False,570598
False,423488
False,543411
False,8005
False,489909
False,194455
False,559225
False,496516
False,488789
False,420059
False,383706
False,431855
False,67347
False,115637
False,569272
False,564738
False,281056
False,9148
False,24457
False,393837
False,393292
False,447994
False,25423
False,396054
False,377576
False,565834
False,197067
True,273316
False,119460
False,289236
False,122982
False,359405
False,299349
False,51977
False,565951
False,332202
False,68950
False,534817
False,474353
False,307745
True,99260
False,198271
False,541532
False,266206
False,539879
False,45183
False,510676
False,406359
False,9064
False,73510
False,76547
False,175513
False,299585
False,325008
False,544607
False,96057
False,575523
False,544794
False,292845
False,498644
False,66466
False,508748
False,171142
True,175359
False,420300
False,333152
False,568337
False,208618
False,440707
True,72910
False,231339
False,544565
False,233627
False,234162
False,327713
False,327664
False,335106
False,140648
False,18457
False,130816
False,437537
False,123260
True,138131
False,210769
False,435499
False,513968
False,560368
False,281330
False,544238
False,581839
False,371002
False,429833
False,280808
False,139469
False,343984
False,354616
False,499294
False,573973
False,494671
False,532126
True,490647
False,165012
False,369367
False,400581
False,581249
False,435682
False,171483
False,322008
False,12313
False,562708
False,130681
False,192714
False,488349
False,398191
False,237075
False,225076
False,157160
False,542818
False,280764
False,17432
False,156002
True,399284
False,263274
False,170803
False,168926
False,544234
False,196841
True,181837
False,563763
False,271106
False,436453
False,501175
False,474827
False,172900
False,462124
False,237443
False,179934
False,371874
False,473045
False,104563
False,50403
False,303592
False,505244
False,227802
False,567036
False,581437
True,481807
False,309034
False,435653
False,214958
False,279849
False,495881
False,74403
False,356349
False,371587
False,291894
False,166881
False,495984
False,534887
False,442911
False,161354
False,408492
False,275657
False,53842
False,382441
False,132533
False,200500
False,450598
False,471631
False,304937
False,88835
False,74386
False,104410
False,197130
False,533231
False,255842
False,578130
False,278983
False,104692
False,157928
False,575584
False,407381
False,406734
False,277375
False,477474
False,74714
False,30288
False,300655
False,308274
False,409454
False,181421
False,296584
False,94984
False,287828
False,508414
False,16254
False,457739
False,548723
False,390658
False,514544
False,472228
False,63079
False,488862
False,312054
False,64697
False,211047
False,59741
False,227069
False,230177
False,60496
False,275413
False,454892
False,567448
False,153506
False,246389
False,568308
False,276062
False,303922
False,525876
False,401429
True,404464
False,505979
False,516004
False,152650
False,510552
False,548879
False,452543
False,573105
False,59489
False,170968
False,537790
False,134752
False,3335
False,475019
False,203112
False,563882
False,18336
False,167903
False,367619
False,204138
False,184181
False,280338
False,137847
False,179532
False,501867
False,19695
False,445405
False,290608
False,225160
False,375211
False,289912
False,275663
False,185368
False,427914
False,338242
False,129001
False,584
True,565438
False,402563
False,498156
False,295838
False,512929
False,236312
False,390594
False,90274
False,496687
False,158080
False,13893
False,367571
False,68601
False,161762
False,41389
False,288472
False,432522
False,463792
False,573732
False,74828
True,41875
False,73417
False,398073
False,422886
False,114025
False,379586
False,29730
False,389109
False,96360
False,287253
False,223942
False,460737
False,134098
False,239884
False,96745
False,560923
False,562737
False,434893
False,335688
False,539395
False,552440
False,290761
False,242678
False,330177
False,246831
False,355458
False,209221
False,72873
False,208671
False,419363
False,166794
False,391410
False,300383
False,377008
False,481298
False,565870
False,395452
False,212095
False,354305
False,170295
False,219832
False,382951
False,548942
False,188965
True,327532
False,61520
False,439658
False,138604
False,168248
False,561116
False,507749
False,297171
False,573830
False,275995
False,420465
False,234719
False,223571
False,274631
False,363654
False,185166
False,412697
False,39395
False,172655
False,282045
False,450136
False,462395
True,117987
False,557084
False,569529
False,51898
False,391686
False,302588
False,186671
False,118710
False,92257
False,171360
False,565947
False,561677
False,572215
False,508962
False,331291
False,126319
False,264591
False,100703
False,541901
False,287506
False,246512
False,548136
False,31893
False,573052
False,473491
False,497797
False,309598
False,448425
False,185051
False,285562
False,88176
False,139008
True,510033
False,133281
False,560634
False,137811
False,437588
False,536972
False,254250
False,169309
False,29801
False,473055
False,39196
False,492303
False,65899
False,367823
False,383406
False,144345
False,56679
False,317061
False,86250
False,344415
False,180186
False,16195
False,18367
False,89563
False,28335
False,513789
False,145087
True,408537
False,537393
False,224200
False,89943
False,64348
False,553071
False,560054
False,236868
False,278535
False,580510
False,234994
False,550521
False,19871
False,441263
False,35894
False,463620
False,35571
False,74055
False,99165
False,464833
False,568614
False,146465
False,528720
False,206429
False,301449
False,412431
False,108123
False,27002
False,388267
False,539340
False,13774
False,571535
False,553721
False,189805
False,310562
False,228514
False,117108
True,354070
False,209006
False,128732
False,545572
False,76645
False,244344
False,113716
False,475484
False,299270
False,405962
False,286507
False,280666
False,26388
False,228721
False,212551
False,30408
False,297414
True,245999
False,145189
False,119345
False,294564
False,574106
False,296318
False,100000
False,203615
False,97315
False,414664
False,279187
False,165984
False,197118
False,558421
False,357649
False,548893
False,469142
False,444895
False,478078
False,132973
False,142825
False,70076
False,319398
False,392022
False,398540
False,509699
False,570395
False,249813
False,495637
False,351386
False,185233
False,170862
False,240764
False,322402
False,552267
False,152258
False,150413
False,447928
False,360585
False,283816
False,544060
False,477336
False,485219
False,400569
False,322076
False,108944
False,464854
False,344941
True,479035
False,486638
False,78610
False,143859
True,377816
False,267160
False,148474
True,335824
False,369681
False,49782
False,21147
False,283101
False,87677
False,373292
False,154011
False,165376
False,251094
False,238291
False,34170
False,352884
False,508731
False,271580
False,399078
False,346880
False,282878
False,380449
False,118780
False,413115
False,471453
False,367434
False,357774
False,417264
False,380299
False,406040
False,314109
False,23424
False,516346
False,580609
False,410561
False,205232
False,246540
False,425216
False,198524
False,116603
False,270325
False,298501
False,572022
False,426252
True,378827
False,122838
True,280022
False,190455
False,570876
False,278858
False,44858
False,469515
False,270873
False,67262
False,27490
True,338501
False,445565
False,472424
False,416330
False,543616
True,463778
False,81280
False,88282
False,173198
False,182497
False,236650
False,398632
False,51304
False,541970
False,365738
False,62865
False,384038
False,45923
False,37539
False,544347
False,36811
True,359707
True,580847
False,567858
False,486163
False,57796
False,544518
False,178175
False,175191
False,320721
False,77486
False,146256
False,268620
False,430519
True,525546
False,246474
False,210389
False,444986
False,176938
False,361193
False,254283
False,350341
False,19313
False,239208
False,185759
False,331126
False,100319
False,198154
False,112897
False,15113
True,227928
False,537999
True,562408
False,510493
True,548822
False,126964
False,101952
False,302035
False,140151
False,136468
False,363488
False,333245
False,374164
False,79111
False,395801
False,238154
False,493720
False,326477
True,105264
False,265324
False,468238
False,310524
False,516540
False,50924
False,8471
False,432906
False,221241
False,370279
False,250103
False,245206
False,58355
False,505980
False,330878
False,167033
False,573300
False,133125
False,229990
False,21384
False,545959
False,308592
False,403162
False,136835
False,315348
False,8896
True,490087
False,299952
False,539198
False,12666
False,46055
False,87040
False,212267
False,365600
False,460761
False,91402
False,71749
True,82143
False,263385
False,330478
False,253715
False,544826
True,75581
False,378636
False,97218
False,311244
False,178690
False,235953
False,549830
False,118249
False,262588
False,292763
False,378401
True,35352
False,63488
False,291560
False,6527
True,158737
False,225878
False,515206
False,515998
False,135250
False,422967
False,533441
False,56980
False,36451
True,625
False,1311
False,130651
False,271806
False,32918
False,148639
False,330511
False,132621
False,273029
False,169539
False,384998
False,371958
False,183012
False,93795
False,30109
False,208548
True,99798
False,60128
False,110901
False,533826
False,451278
False,237017
False,310797
False,142534
True,327843
False,484354
False,38697
False,87110
False,294116
False,469085
False,517068
False,364919
False,5933
False,395164
False,242755
False,391187
False,14824
False,474969
False,506587
False,340602
False,383918
False,425027
False,413472
False,284987
False,18244
False,32903
False,134886
False,88287
False,100901
False,244282
False,294258
False,333654
False,156156
False,512764
False,445639
True,234032
False,294034
False,169095
True,409221
False,570783
False,575733
False,247114
False,90884
False,83953
True,407650
False,525939
False,556600
False,538838
False,171064
False,34760
False,159423
False,468354
False,483045
False,282316
False,510243
False,553392
False,239274
False,358545
False,400052
False,183244
False,114728
False,279577
False,194758
False,340082
False,362159
False,190992
False,57731
False,322103
False,511453
False,198788
False,31322
False,425135
True,96877
False,164146
False,502860
False,162691
False,538196
False,76971
False,98280
False,553869
True,109872
False,448426
False,201490
False,485044
False,351036
False,31566
False,129628
False,234247
False,539319
False,103042
False,284256
True,528230
False,485799
False,353803
False,380388
False,326217
False,107527
False,129026
False,213288
False,103027
False,390841
False,358523
False,534553
False,580003
False,455735
False,417141
False,359704
False,254938
False,390756
True,290282
False,271943
False,17967
False,20349
False,70815
False,371555
False,275760
False,55514
False,242210
False,161195
False,23141
False,172852
False,132622
False,317040
False,210273
False,468771
False,215243
False,60018
False,575958
False,296602
True,543220
False,213276
False,130973
False,332420
False,347419
False,209639
True,5124
False,333533
False,572172
False,100582
False,351981
False,484351
False,363308
False,532819
False,177125
False,103564
False,555038
False,129322
False,349486
False,420372
False,269538
False,1877
False,333114
False,337321
False,371186
False,428856
False,455737
False,368311
False,350302
False,195180
False,32275
False,145551
False,60881
False,14252
False,182825
False,129060
False,119225
False,317896
False,11336
False,529317
False,31938
False,573622
False,580735
False,137507
False,209763
False,207400
False,155355
False,76042
False,1084
False,366094
False,477622
False,246339
False,377473
False,192660
False,444236
False,282228
False,546424
False,94299
False,295819
False,293353
False,357074
False,48419
True,262587
False,486869
False,336980
True,345149
False,574315
False,209503
False,398514
False,98520
False,215222
False,52773
False,307359
False,424297
False,204294
False,526704
False,138836
False,254242
False,412753
False,426939
False,50404
False,69346
False,535578
False,435048
True,454957
False,226744
False,550396
False,355661
False,451680
False,81126
False,334733
False,543254
False,292032
False,6357
False,450724
False,516329
False,326442
False,68147
False,81081
False,338439
True,181278
False,424220
False,420054
False,5178
True,286870
False,472349
False,563858
False,370380
False,245118
False,33481
False,217071
False,528418
False,336579
False,442457
False,167083
False,167422
False,268518
False,73837
False,405657
False,495387
False,348483
False,53345
False,231675
False,29942
True,461334
False,575079
False,215469
False,139139
False,332498
False,29607
False,160459
True,11349
False,267217
False,63845
False,439840
False,135794
False,217400
False,480831
False,395560
False,97951
False,335359
False,204505
False,429918
False,104232
False,447182
False,403834
False,53720
False,570317
False,53672
False,506198
False,393709
False,566385
False,322567
False,192266
False,252332
False,262509
False,571185
False,336174
False,44215
False,470551
False,128829
False,581183
False,309144
False,336340
False,456525
False,369991
True,514468
False,43576
False,85209
False,484634
True,345751
False,137283
False,62617
False,398628
False,31418
False,124934
False,11760
False,477115
False,263276
False,377772
False,435224
False,316229
False,98233
False,454915
False,282224
False,128431
False,435257
False,493544
False,262967
False,288824
False,62985
False,166678
False,150148
False,70421
False,1675
False,513312
False,296690
False,146451
False,237463
False,330262
False,135976
False,497455
False,61288
False,61266
False,118925
False,334217
False,297954
False,145280
False,183898
False,484060
False,530160
False,508174
False,239668
False,211526
False,357169
False,105945
False,326075
False,552589
False,324130
False,497202
True,429643
False,69705
False,558942
False,127476
False,365139
False,2445
False,469727
False,321902
False,254241
False,506322
False,334240
False,98895
False,496891
False,469921
False,312380
False,401556
False,468162
False,180488
False,127581
False,480136
False,249958
False,269879
False,422310
False,318403
False,138856
False,335992
False,215231
False,1103
False,53626
False,551657
False,186697
False,478511
False,318929
False,510731
True,183127
True,488505
False,70985
False,280515
False,409099
False,353787
False,406199
False,25142
False,502979
False,220316
False,221155
False,19318
False,95176
False,96755
False,221859
False,499135
False,267095
False,520435
False,109516
False,509718
False,81691
False,441553
False,120783
False,37999
False,180410
False,490794
False,332448
False,237697
False,197507
False,152659
False,143256
False,275961
False,482589
False,21993
False,142053
False,179240
False,224052
False,270759
False,132262
False,144938
False,57631
False,303056
False,211874
False,491943
False,115973
False,40746
False,340317
False,550703
False,500816
True,306833
False,33626
False,242104
False,487514
False,561591
False,390795
False,47907
False,364806
True,206893
False,516114
False,248579
False,491294
False,172733
False,418506
False,461187
False,145863
False,16335
False,69653
False,374017
False,232185
False,192755
False,15963
False,345090
False,215626
False,276283
False,92585
False,392480
False,169683
False,109738
False,295960
False,471325
False,10858
False,488745
False,177755
False,95063
False,408779
False,92428
False,495850
False,46883
False,187924
False,211164
False,254711
False,572825
False,440354
False,308339
True,471373
False,213649
False,476874
False,514454
False,322255
True,94194
False,241790
False,55578
False,245505
False,311939
False,562561
False,458184
True,297676
False,328275
False,28930
False,193181
False,53591
False,373251
False,224869
False,215808
False,82945
False,103757
False,335255
False,238968
False,378437
False,132313
False,176275
False,138644
False,362785
True,317573
False,117721
False,551036
False,262145
False,199125
False,76034
False,387431
False,144951
False,101194
False,250607
False,228539
False,159627
False,93276
False,238505
False,528642
False,279108
False,439871
False,404750
False,194022
False,190111
False,291973
False,551836
False,253860
False,35110
False,47471
False,147746
False,424110
False,573981
False,77517
False,295505
False,98616
False,560459
False,282840
False,338224
False,32134
False,37396
False,476094
False,567000
False,293591
False,18099
False,359337
False,120853
False,69827
False,248360
False,67131
False,147076
False,29138
False,420713
False,156296
False,264888
False,278710
False,277524
True,403947
False,525124
False,203667
False,131059
False,393989
False,228565
False,384718
False,190760
False,411187
False,55166
False,10743
False,517690
False,74407
False,161347
False,545678
False,534901
False,425093
False,306249
False,319211
False,324436
False,322215
False,56312
False,84938
False,253251
False,406616
True,528471
False,8580
False,24497
False,155125
False,274776
False,354853
False,364293
False,330808
False,221651
False,264396
False,128222
False,15062
False,311480
True,228413
False,548722
True,570581
False,498588
False,46859
False,553061
False,298440
False,83393
False,503233
False,158514
False,232517
False,102877
False,497109
False,152492
False,12754
False,532285
False,149381
False,463924
False,159458
False,246875
False,123599
False,578964
False,29146
False,142378
False,182028
False,167240
False,319161
True,381377
False,403286
False,410707
False,239811
False,510593
False,414912
False,231786
False,366146
False,154610
False,485185
False,108865
False,541086
False,531474
False,167123
False,117725
False,333099
False,348850
False,366396
False,215873
False,368603
False,376410
False,30446
False,569889
False,185394
False,420658
False,407606
False,478148
False,142051
False,401400
False,230334
False,162996
False,239828
False,418393
False,414117
False,142472
False,553364
False,364169
False,26768
False,192927
False,310108
False,554838
False,154207
False,6715
False,478490
True,92190
False,301954
False,367872
False,580953
False,473015
True,236068
False,429741
False,173080
False,462662
False,244792
False,159609
False,493477
False,359128
False,75948
False,46003
False,304473
False,549725
False,201969
False,153946
False,329373
False,362349
False,565780
False,484150
True,221425
False,402588
False,60513
False,515508
False,502582
False,241026
False,304627
False,273314
False,180911
False,150924
False,341054
False,137238
False,121611
False,104502
False,557920
False,368148
False,487286
False,568955
False,368874
False,200745
False,151414
False,100599
False,253219
False,340118
False,90827
False,318471
False,362145
False,549384
False,113449
False,227307
True,57169
False,304876
False,61830
False,442431
False,159742
False,172665
False,203937
False,546147
False,306940
False,289682
False,17890
False,27030
False,227049
False,532989
False,177102
False,234717
False,199326
False,32102
False,452702
False,365205
False,36850
False,427767
False,80911
False,496073
False,190150
False,241369
False,133641
False,121690
False,166060
False,517523
False,157020
False,157491
False,560143
False,326913
False,119995
False,128920
False,210042
False,76937
False,17935
False,282015
False,304406
False,191540
False,286614
False,495612
False,42865
False,335735
False,205103
False,445140
False,575391
False,93601
False,135316
False,452459
False,140651
False,419586
False,7697
False,9253
False,468588
False,472549
False,547367
False,160181
False,118431
True,432547
False,428726
False,74446
False,464456
False,251754
False,6783
False,511345
False,392197
False,251454
False,27622
False,410972
False,390785
False,323970
False,455696
False,276664
False,153896
False,398130
False,232660
False,51047
False,466730
False,354361
False,182551
False,327565
False,540483
False,81365
False,58633
False,477563
False,88748
False,468867
False,476189
False,236375
False,146563
False,551795
False,234590
False,24436
False,502703
False,272743
False,421763
False,555197
False,369093
False,195649
False,150098
False,565575
False,352767
False,82796
False,371577
False,445892
False,106235
False,273138
False,50597
True,444809
False,5210
False,353072
False,423039
False,201042
False,105973
False,508577
False,226455
False,198196
False,225963
False,110389
False,254801
False,181316
False,556112
False,325483
False,565954
False,245576
False,425072
True,335587
False,446909
False,226550
True,510871
False,184176
False,554351
False,143174
False,54282
False,479442
False,553913
False,412445
False,500139
False,240278
False,249952
False,308677
False,384874
False,208494
False,26997
False,238062
False,304379
False,24762
False,527029
False,502663
True,134760
False,23287
False,74827
False,23741
False,495243
False,387102
False,4386
False,58443
False,438751
False,16875
False,193471
False,405437
False,528011
False,364719
False,46168
False,6352
False,100990
False,563160
False,424760
False,83770
False,385658
False,368066
False,551533
True,193373
False,526350
False,109212
False,569596
False,460373
False,459982
False,227869
False,33659
False,237476
True,380636
False,234349
False,269718
False,317172
False,499585
False,115649
False,462213
False,491282
False,269017
False,143630
False,158906
False,15744
False,353494
False,525790
False,290767
False,12556
False,373645
False,483038
False,5259
False,152502
False,10449
False,197437
False,69356
False,154342
False,330236
False,77792
False,376112
True,558213
False,213988
False,466450
False,511179
False,393811
False,525083
False,195889
False,51040
False,306444
False,227667
False,306485
False,382472
False,23162
False,204537
False,482081
False,6599
False,240407
False,192843
False,529133
False,475667
False,571584
False,516417
False,417474
False,395740
False,262901
False,237004
False,99283
False,113860
False,340988
False,538580
False,362329
False,538320
False,525580
True,535750
False,255317
False,571196
False,21678
False,554934
False,119911
False,288589
False,404740
False,272957
False,179763
False,421771
False,451949
False,237685
False,57940
False,149375
False,247259
False,313214
False,66253
False,281164
False,213214
False,221663
False,220843
False,554805
False,11742
False,407457
False,495357
False,300867
True,455772
False,434990
True,339676
False,468444
False,237984
False,159888
False,132453
False,114945
False,167541
False,407949
False,336576
False,493019
False,496321
False,565979
False,380459
False,351534
False,64303
False,537860
False,404351
False,340491
False,328858
False,338098
False,299657
False,247984
False,185721
False,315173
False,205573
False,301631
False,313543
False,354318
False,245609
False,1149
False,173124
False,81561
False,439595
False,437110
False,7936
False,501055
False,453620
False,24894
False,364288
False,100016
False,41459
False,315923
False,162206
False,152238
False,8341
False,140512
False,434016
False,356615
False,248518
False,483611
False,334393
False,429260
False,571372
False,92631
False,153822
False,302512
False,245102
False,201555
True,529522
True,392222
False,212591
False,391978
False,110979
False,507017
False,125193
False,24931
False,422314
False,197213
False,197327
False,271987
False,244060
False,369217
False,497693
False,402867
False,240698
False,134119
False,377973
False,531151
False,442416
False,156532
False,330922
False,265374
False,350631
False,215718
False,425161
False,211119
False,503277
False,34773
False,422818
False,27478
False,344793
False,546292
True,251856
True,281040
False,87146
False,575921
False,411182
False,291194
False,317323
False,226071
False,210204
False,366829
False,302606
False,387208
False,132901
False,440514
False,293564
False,195897
False,475523
False,140456
True,515937
False,139696
False,215374
False,122811
False,318071
False,332058
True,301541
False,445695
False,574784
False,469595
False,52518
False,313480
False,335284
False,164093
False,38678
False,60820
False,124795
False,59995
False,194579
False,389584
False,487475
False,370401
False,211351
False,156084
True,389048
False,9018
False,121824
False,525667
False,384235
False,78681
False,313502
False,264539
False,299055
False,149440
False,81079
False,188673
False,440511
False,313802
False,260345
False,254965
False,71651
False,418115
False,324107
False,98090
False,435620
False,349193
False,147694
False,207595
False,421437
False,117093
False,146786
False,440783
True,252833
False,330187
False,370973
False,220419
False,567274
False,538925
False,117319
False,539317
False,245415
False,103447
False,281021
False,166764
False,127556
False,530717
False,78494
False,134479
False,558524
True,408923
False,504991
False,507180
False,58838
False,277576
False,344816
False,485160
False,68864
False,320508
False,290868
False,533276
False,329286
False,292249
False,558700
False,455557
False,321753
False,183827
False,139567
False,22479
False,345238
False,362432
False,485755
False,409331
False,168662
False,453008
True,238197
False,127681
False,412855
False,191551
False,239444
True,301209
False,543289
False,203881
False,312003
False,13986
False,311065
False,7932
False,203580
False,34975
False,146498
False,380906
False,431167
False,299200
False,4963
False,290428
False,34261
False,160772
False,528151
False,32949
False,193875
False,379144
False,125042
False,401699
False,401240
False,362231
False,431764
False,398758
False,439089
False,451840
False,450647
False,45989
False,182612
False,294329
False,480601
False,299609
False,84625
False,462134
False,279308
False,262746
False,95828
False,88218
False,566201
False,56350
False,465887
False,323552
False,443296
True,331604
False,321717
False,37716
False,187131
False,300836
False,323462
False,132654
False,404272
False,169426
False,316672
False,235132
True,417216
False,363224
False,143245
False,29648
False,570785
False,389056
False,335098
False,530898
False,185591
False,310053
False,356421
False,108326
False,134503
False,571485
False,212440
False,540872
False,551651
False,151049
False,300979
False,416950
False,136396
False,442993
False,502644
False,315425
False,55627
False,530197
False,486388
False,308121
False,457827
False,305223
False,120061
False,241317
True,405121
False,336374
False,22627
False,553793
False,487461
False,530211
False,540146
False,341922
False,127491
False,47627
False,32147
False,385417
False,77951
False,195761
False,127654
False,459712
False,92060
False,171328
False,307315
False,461774
False,191729
False,9708
False,346006
False,451397
False,94946
False,574413
False,324340
False,47940
False,272217
False,577532
False,298588
False,562113
False,271310
False,506372
False,380732
False,126770
False,51291
False,302372
False,95383
False,191686
True,463217
False,350939
False,194322
False,204969
False,64534
False,507969
False,271633
False,455691
False,453106
False,345543
False,27224
False,361844
False,543118
False,51550
False,432334
False,52693
False,262261
False,320902
False,486391
False,246796
False,406490
False,292538
False,220234
False,82813
False,375226
False,221889
False,72731
False,503945
False,23392
False,512995
False,49073
False,387900
False,8892
True,121570
False,391496
False,22964
False,509504
True,416598
False,327663
False,484122
False,159203
False,81841
False,334396
False,573975
False,8504
False,177355
False,340646
False,131524
False,428816
False,298525
False,212380
False,482774
False,350460
False,94614
False,453452
False,251701
False,350230
False,288372
False,345356
False,114784
False,442659
False,445351
False,124836
True,1330
False,230838
False,240466
False,148206
False,125718
False,387576
False,3365
False,188623
False,147610
False,451489
False,318381
False,132902
False,420330
False,317507
False,81057
False,359830
False,319332
False,24097
False,312242
False,43128
False,386333
False,374060
False,94884
False,170930
False,233446
False,180273
False,577613
False,2001
False,121676
False,537875
False,31752
False,406581
False,269798
False,425187
False,279596
False,86408
False,210976
False,24980
False,51851
False,45280
False,419483
False,175347
False,321971
True,409198
False,368346
False,75327
False,404785
False,309192
False,384673
False,24289
False,469731
False,549347
False,87607
False,169490
False,330513
False,140590
False,375659
False,373254
False,43979
False,57027
False,27665
False,208940
False,84469
False,288751
False,357194
False,578060
False,430218
False,475403
False,512275
False,202178
False,375948
False,180307
True,551438
False,22958
False,137836
False,553129
False,143040
False,508456
False,222948
False,72714
False,564072
False,443377
False,416565
False,21718
False,23173
False,94791
False,382189
False,558711
False,121018
False,315111
False,173716
True,350721
False,205785
False,567787
False,219291
False,504550
False,218494
False,242582
False,79481
True,1548
False,369931
False,195598
False,238316
False,268133
False,210809
False,581496
False,309135
False,25162
False,498165
False,335767
False,349794
False,443575
False,568502
False,349134
False,465430
False,127910
False,469961
False,347542
False,581486
False,189153
False,131763
False,452621
False,314450
False,62353
False,524646
False,92001
False,274803
False,481573
False,576810
False,297600
False,462376
False,299836
False,567065
False,82258
False,207654
False,287318
False,474246
True,163540
False,532520
False,19455
False,200291
False,261129
False,185789
False,62703
False,479403
False,38801
False,98554
False,449669
False,167675
False,416237
False,81105
False,111318
False,129108
False,368041
False,227241
False,276476
False,466265
True,438617
False,140460
False,460236
False,122182
False,448616
False,124471
False,273164
False,191669
False,544926
False,11269
False,554952
False,298812
False,232993
False,307502
False,354165
False,535276
False,252160
False,138067
False,147762
False,466986
False,110884
False,119495
False,356877
False,504888
False,181026
False,21292
False,501314
False,285214
False,549136
False,127967
False,334056
False,210134
False,292999
False,272882
False,348639
False,541550
False,78609
False,444390
False,560914
False,46743
False,98029
False,190378
False,269866
False,162717
False,388768
False,116023
False,214569
False,26111
False,112697
False,32301
False,174721
False,524656
False,247416
False,405135
False,569050
False,556064
False,505492
False,499004
False,198532
False,492671
False,321173
False,45215
False,159680
False,392055
False,54038
False,78000
True,483705
False,107204
True,200284
False,449338
False,470414
False,536023
False,138501
False,424157
False,22072
False,528449
False,51041
False,150893
False,49286
False,136587
False,476537
False,131570
False,48143
False,25820
False,222309
True,578525
False,304330
False,466447
False,250026
False,556617
False,23413
False,403145
False,380989
False,211989
False,22974
False,37800
True,162021
False,40771
False,39811
False,116588
False,237308
False,47775
False,92221
False,225153
False,61892
False,352129
False,155894
False,480016
False,561196
False,451305
False,415798
False,352585
False,349915
False,358724
False,125056
False,54909
False,8899
False,228522
False,77980
False,247052
False,164135
False,526598
False,199995
False,328727
False,231671
False,169270
True,270809
False,183395
False,567730
False,132683
False,106430
False,286482
False,418575
False,316359
False,348308
False,322852
False,399957
True,41305
False,785
False,83600
False,10800
False,500273
False,351938
False,525693
False,460042
False,37041
True,232592
False,422215
False,301991
False,229234
False,962
True,437331
False,426209
False,427051
False,470029
False,174066
False,473553
False,200168
False,197658
False,216664
True,541174
False,82650
False,452776
False,514118
True,556883
False,517981
False,114943
False,318415
False,200348
False,372979
False,60136
False,480634
False,334139
False,481209
False,471348
False,265150
False,277926
False,181601
False,16898
False,73064
False,328935
False,129912
False,354761
False,42166
False,270758
False,19711
False,403263
False,383397
False,193895
False,449610
False,389021
False,529096
False,265933
False,3457
False,470115
False,560180
True,481667
False,342490
False,223914
False,179603
False,314125
False,445887
True,408190
False,197335
False,511168
False,469912
False,89582
False,302415
False,504730
False,266805
False,411478
False,479357
True,7260
False,468005
True,262229
False,338078
False,55402
False,383639
False,192259
False,139953
False,275008
False,278952
False,272412
False,120032
False,426838
False,214059
False,202928
False,515924
False,188660
False,404655
False,444880
False,334743
False,102929
False,254420
False,333133
False,467564
False,83716
False,468469
True,456433
False,103356
False,307729
False,57222
False,214224
False,351841
False,27353
False,183970
False,335855
False,577631
False,406282
False,10395
False,499204
False,530972
False,505845
False,376608
False,327328
False,292993
False,1799
False,387383
False,279129
False,431052
False,340876
False,505700
False,511165
False,73503
False,239953
False,500084
False,159831
False,438999
False,197656
False,440763
False,369788
False,281414
False,367065
False,152870
False,112232
False,528507
False,354381
False,174911
False,579560
False,80747
False,496099
False,21685
False,187147
False,136365
False,197005
False,338207
False,187447
False,340610
False,380395
True,72536
False,48670
False,566486
False,412083
False,155941
False,433019
False,169313
False,549297
False,8746
False,574666
True,233271
False,575174
True,364522
False,484843
False,369253
True,19444
False,402887
False,482777
False,293837
False,47230
False,434097
True,317788
False,35778
False,314447
False,11241
False,100503
False,39272
False,92749
False,474453
False,142803
False,218116
False,403826
False,571443
False,225808
False,184400
False,475488
True,129982
False,436161
False,127115
False,274789
False,312046
False,128468
True,254011
False,545314
False,550369
False,546639
False,92645
False,524338
False,407778
False,528936
False,556838
False,201925
False,136270
False,282437
True,569196
False,82770
False,558788
False,307569
False,369171
False,192745
False,204606
False,306288
False,282631
False,240718
False,386766
False,309843
False,378022
False,516598
False,281646
False,49862
False,391786
False,530964
False,292973
False,278555
True,452457
False,441255
False,6153
False,439095
False,369472
False,438850
False,38301
False,558836
False,4809
False,104994
False,39697
False,139490
False,171374
False,149320
False,543805
True,295716
False,79090
False,543996
False,74316
False,31912
False,112164
False,35132
False,198176
False,15600
False,274585
False,326290
False,364468
False,435405
False,76268
False,547644
False,264191
False,312340
False,21023
False,528840
False,348474
False,296975
False,282707
False,160931
False,120805
False,444078
False,245235
False,40557
False,372156
False,221441
False,491662
False,381961
False,341075
False,559484
False,180587
False,67405
False,111179
False,398924
False,83353
False,334954
False,303629
False,60639
True,414609
False,342078
False,256192
False,140450
False,41246
False,293851
False,473972
False,376643
False,516602
False,413702
False,143594
False,508245
False,377011
False,114316
False,376858
False,370235
True,310998
False,146091
False,85685
False,59934
False,83547
False,32944
False,161157
False,184106
False,9628
False,347620
False,133615
False,307174
False,570528
False,29197
False,176263
False,460055
False,211405
False,434221
False,571219
False,462728
False,575817
False,561014
False,116398
False,395863
False,575915
False,75863
False,91933
False,207860
False,110544
False,187514
True,461883
False,491611
False,79021
False,228025
False,417410
False,301691
False,102885
False,310928
False,160480
False,31481
False,443524
False,344830
True,419333
False,275722
False,139249
True,85455
False,38053
False,394325
True,62566
False,367795
False,22256
False,139397
False,396550
False,42970
False,469896
False,291373
True,450845
True,308496
False,567423
False,434234
False,366264
False,437774
False,169262
False,277204
False,184161
False,162880
False,91697
False,301491
False,162223
False,176873
False,113721
False,544274
False,476925
False,99645
False,60730
False,151694
False,540814
False,300021
False,340528
False,65901
False,84936
False,186620
False,378985
False,401194
False,412167
False,575032
False,335630
True,447130
False,408995
False,213831
False,85752
False,472376
False,339678
False,458453
False,220371
False,418471
False,474031
False,514071
False,446310
False,336511
False,1403
False,526729
False,399868
False,37677
False,285588
False,416569
False,469701
False,182647
False,186476
False,94121
False,396120
False,543742
False,284089
False,32242
False,355368
False,82275
False,539930
False,169599
False,130252
False,5612
False,227440
False,462984
False,99701
False,44509
False,79441
False,489304
False,418069
False,389315
False,220922
False,276527
False,461009
False,101814
False,185234
False,94156
False,150638
False,335289
False,2972
False,528019
False,545053
False,410589
False,308950
False,125313
False,360798
False,544738
True,480116
False,51376
False,326628
False,219974
False,4471
False,303731
False,343692
False,124349
False,174904
False,374858
False,395445
False,308630
False,20837
False,365655
False,187362
False,570779
False,36057
False,504699
False,67886
False,253290
False,93852
False,202622
False,439273
False,427310
False,244476
False,152774
False,11615
False,466890
False,86875
False,382361
False,272747
False,334850
False,480022
False,328117
False,176767
False,43049
False,411475
False,416816
False,233873
False,58167
False,8016
False,142323
False,125774
False,124620
False,352093
False,506394
False,432849
False,274688
False,86907
False,426585
True,96660
False,301362
False,381945
False,536842
False,195790
False,313637
False,432053
False,115875
False,191005
False,344805
False,397479
False,502414
False,275335
False,141429
False,194943
True,76784
True,144863
False,18439
False,138639
False,375405
False,81103
False,72986
True,500405
False,436014
False,377703
False,312763
True,90628
False,359164
False,425712
False,114880
True,176477
False,566699
False,442539
False,5559
False,134747
False,284509
False,517656
False,432805
False,364860
False,199225
False,98549
False,280721
False,253498
False,103465
False,295286
False,255770
False,87850
False,158456
False,433197
False,8549
False,170321
False,41673
False,163921
False,369631
True,474024
False,362008
False,89322
False,297574
False,328433
False,416639
False,284649
False,365521
True,276886
False,102281
False,89761
False,266275
False,231744
False,179951
False,200155
False,140585
False,457085
False,511848
False,80215
False,403301
False,269557
False,416605
False,6053
False,74110
False,112941
False,230422
False,134691
False,10388
False,191724
False,291538
False,219260
False,294466
False,450903
False,33652
False,179876
False,269109
False,57232
False,515102
False,173568
False,300881
True,551172
False,334760
False,262986
False,163296
False,308775
False,326750
False,136170
False,376258
False,481113
False,134483
False,499788
False,413435
False,410522
False,246750
False,347587
False,322175
False,470658
False,30303
False,279895
False,409120
True,478723
False,239853
False,159118
False,176037
False,343680
False,495456
False,170545
False,481635
False,490461
False,465457
False,226383
False,130406
False,68293
False,386146
False,53608
False,433904
False,569553
False,10735
False,390120
False,271930
False,573046
False,277491
False,286813
False,467031
False,334251
False,472830
False,461428
False,124157
False,310903
False,567613
False,537355
False,381315
False,170191
False,32893
False,466455
False,576749
False,189241
False,514860
False,200289
False,143664
False,506270
False,549224
False,212276
False,387960
False,383330
False,485629
False,37823
False,306305
False,90244
False,90882
False,531337
False,391896
False,166674
False,139130
True,83682
False,399009
False,501243
False,435742
False,266627
False,473762
False,90103
False,329841
False,512506
False,268146
False,213963
False,96161
False,272859
False,153445
False,273445
False,352236
False,389932
False,134935
False,291074
True,497067
False,328628
False,182500
False,531532
True,432494
False,80987
False,545720
False,335054
False,241003
False,209603
False,208381
False,265010
False,452694
False,8138
False,338385
False,87115
False,54001
False,391474
False,8934
False,456589
False,207360
False,211676
False,374922
False,172036
False,12927
False,23489
False,229794
False,27658
False,40621
False,537909
False,34409
False,314495
False,365218
False,504153
False,69866
False,553586
True,53145
False,111045
False,323240
False,545293
False,441906
False,364336
False,463398
False,91353
False,289152
False,379545
False,66696
False,277047
False,44583
False,577072
False,22281
False,493329
True,452964
True,356505
False,571499
False,559497
False,514982
False,71724
False,347463
False,120388
False,14629
False,48805
False,494808
False,323397
False,149343
False,246716
False,229511
False,320354
False,23283
True,69411
True,58497
False,506377
False,17429
False,326493
False,79517
False,355000
False,454406
False,101781
False,534189
False,509607
False,104443
False,439859
False,89651
False,230015
False,101979
False,245417
False,276829
False,25377
False,470797
False,165820
False,30864
False,419560
False,5684
False,563961
False,425418
True,50511
False,527378
False,23591
True,447330
False,207151
False,142856
False,98872
False,66652
False,144419
False,127573
False,79462
False,143111
False,455170
True,396200
False,113593
False,280923
False,147148
False,342159
False,235740
True,390246
False,113140
False,209289
False,326209
False,365013
False,425964
False,416660
False,234786
False,569678
False,434069
False,280226
False,51702
False,266622
False,427749
False,579631
False,559005
False,42069
False,226693
False,174889
False,152328
False,143926
False,24849
False,464737
False,552866
False,581450
False,67953
False,377612
False,561465
False,33753
False,358939
False,446260
False,47611
False,242427
False,158999
False,319865
False,85852
False,479556
False,42103
False,228043
False,220511
False,265273
False,561176
False,200058
False,552813
False,368302
False,456071
False,361430
False,574951
False,309840
False,576075
False,166622
False,124124
False,449573
False,534161
False,567789
False,182849
False,281631
False,237923
False,200143
False,266991
True,573214
False,428605
False,37323
False,333088
False,158044
False,440706
False,529069
False,265364
False,398071
False,40102
False,303706
False,576160
False,573485
False,557220
False,360487
False,262631
False,224733
False,484280
False,185151
False,288403
False,508878
False,321647
False,329558
False,206300
False,249404
False,302236
False,505903
False,324909
False,265612
True,384092
False,347380
False,77550
False,402172
False,104596
False,281575
False,231426
False,207833
False,91858
False,577029
False,86811
False,482728
False,441453
False,201758
False,69917
False,554936
False,448401
False,364508
False,355741
False,453907
False,395627
False,17675
False,340734
False,221743
False,71495
False,26624
False,281567
False,59194
False,263420
False,182840
True,262414
False,473348
False,311229
False,263450
False,252915
False,152431
False,14677
False,361111
False,220989
False,31902
False,392851
False,234251
False,407112
False,291346
False,159285
False,85491
False,52849
False,410920
False,460728
False,402710
False,355344
False,575971
False,449369
False,184919
False,574487
False,513670
False,232182
False,338562
False,55317
False,212292
False,440527
False,505058
False,245425
False,287496
False,108492
False,9709
False,76468
False,226588
True,129860
False,30355
False,153140
False,203621
False,505388
False,249264
False,389549
False,414663
False,497537
False,279561
False,436808
False,163831
False,174861
False,132529
False,299672
False,401589
False,62131
False,555245
False,303197
False,357461
False,130047
False,38622
False,116735
False,109441
False,174427
False,423723
False,155179
True,146865
False,169340
False,199449
False,331282
False,224242
False,203711
False,471351
False,415119
False,27451
False,350299
False,386532
False,349616
False,253171
False,57323
False,551170
False,84130
False,144147
True,368459
False,517522
False,125829
False,178839
False,456366
False,63676
False,353559
False,492037
False,82327
False,567503
False,544876
False,59174
False,104081
False,546428
False,250849
False,60812
False,271488
False,87481
False,143904
False,216241
False,179034
False,409970
False,298853
False,547309
False,417090
False,541408
False,242081
False,382213
False,168147
False,55184
False,359131
True,50414
True,85028
False,319209
False,278230
True,439868
False,449384
False,289245
False,449152
False,176736
False,189539
False,571636
False,162454
False,141834
False,564799
False,223540
False,289702
False,526980
False,560910
True,404533
False,240287
False,202273
False,396021
True,177978
False,308974
False,557825
False,526721
False,296159
False,361285
False,103687
False,173876
False,43150
False,406201
False,28782
False,58351
True,432657
False,383337
False,333368
False,216837
False,399500
False,117313
False,427583
False,39152
False,54327
False,178275
False,360606
False,29671
False,157435
False,73496
False,494049
False,34014
False,471579
False,254164
False,397512
True,564743
False,355542
False,578326
False,290560
False,24802
False,382784
False,389445
False,203488
False,133672
False,108853
True,534224
True,288491
False,125971
False,147698
False,279934
False,179186
False,66675
False,505486
False,136962
False,161654
False,80535
False,235366
False,50263
False,398053
False,524373
False,74780
False,355688
False,202806
False,537982
False,79657
False,409623
False,440650
False,171139
False,313156
False,270789
False,110748
False,72995
False,101069
False,143716
False,262682
False,37140
False,503598
False,248395
False,223526
False,142299
False,575406
False,438329
False,198631
False,560700
False,282692
False,239483
False,100034
False,288278
False,158233
False,434699
False,62662
False,445392
False,83090
False,468394
False,457805
False,122950
False,82085
False,253730
False,497123
False,508710
False,103697
False,338203
False,208805
False,40534
False,126659
False,66299
False,267560
False,173825
False,825
False,199977
False,188631
False,72690
False,473765
False,267127
False,285529
False,506641
False,241779
False,366005
False,22796
False,15528
False,523114
False,496353
False,547583
False,321583
False,53778
False,300622
False,102383
False,490619
False,357762
False,550642
False,477343
False,436717
False,234046
True,107564
False,272716
False,315593
False,149030
True,156704
False,95211
False,365865
False,561891
False,391320
False,60179
False,500583
False,452545
False,235741
True,145208
False,422095
False,70380
True,314667
False,322992
False,157636
False,122457
False,121006
False,2349
False,100396
False,61606
False,252091
False,278962
False,327318
False,475812
False,345725
False,448376
True,479149
False,516634
False,41247
False,34662
False,443513
False,278064
True,571029
False,155505
False,192834
False,373424
False,356029
True,299768
False,360630
False,169763
False,18426
False,410969
False,466024
False,392556
False,356810
False,62030
False,398567
False,554176
False,313345
False,110710
False,303133
False,562419
False,328421
False,41839
False,536603
False,544107
False,141805
False,445355
False,344261
False,50910
False,398450
True,220152
False,545612
False,485868
False,430850
False,377808
False,515296
False,272131
False,110934
False,87595
False,180751
False,341546
False,381470
False,89515
False,268826
False,154883
False,158391
False,29687
False,420313
False,563179
False,3145
False,525932
True,318444
False,485137
False,252048
False,247917
True,53101
True,467774
False,439241
False,35589
False,356690
False,205279
False,381547
False,527907
False,194788
False,241889
False,203846
False,72923
False,469338
False,482734
False,279430
False,93476
False,30589
False,265023
False,482210
True,368
False,168801
False,194729
False,358075
False,149268
False,137220
False,46171
True,290602
False,558834
False,52627
False,184929
False,125321
False,366173
False,486254
False,328454
False,439961
False,88487
False,122918
False,342387
False,113259
False,288336
False,328494
False,403535
False,411362
False,91550
False,107306
False,230393
False,17328
False,328284
False,150196
False,274667
False,145048
False,125405
False,456827
False,527695
True,481442
False,156043
True,2278
False,121372
False,102240
True,442961
False,333170
False,429735
False,491833
False,54336
False,282771
False,319468
False,522638
False,389704
False,391214
False,354045
False,227033
False,336107
False,69213
False,111635
False,578900
False,117941
False,569223
False,207503
False,119669
False,171585
False,559411
False,351081
False,537611
False,537470
False,549729
False,575511
False,435533
False,70239
False,307866
False,388311
False,551164
False,19890
True,43625
False,151615
False,573956
False,423266
False,8006
False,86679
False,3067
False,84073
False,250164
False,134294
False,497863
False,67847
False,33208
False,384395
False,47638
False,576789
False,392981
False,518377
False,168093
False,23696
False,278639
False,297084
False,495040
False,274248
False,393050
False,287782
False,62510
False,145742
False,189388
False,423025
False,80172
False,475244
False,170850
False,531256
False,124747
True,554854
False,547470
False,232262
False,231851
False,103528
False,250066
False,6580
False,255804
False,21839
False,252711
False,565957
False,194193
False,581557
False,166828
False,513704
False,548824
False,284247
False,465395
False,347170
False,515590
False,376946
False,151347
False,294074
False,338169
False,507421
False,494552
False,372227
True,404823
False,424138
False,231169
False,28167
False,162257
False,164241
False,250350
False,195998
False,42201
True,61805
False,403579
False,208861
False,40248
False,154745
False,457161
False,513944
False,212268
False,34629
False,359249
False,531465
False,268441
False,17047
False,386426
False,268105
False,462604
False,364484
False,498806
False,43894
False,191102
False,138054
False,563625
False,179753
False,465412
False,388961
False,410425
False,565313
False,21498
False,129436
False,509749
True,232245
False,480391
False,199047
False,11347
False,94535
False,553935
False,153394
False,143891
False,395758
False,110258
False,309774
False,302213
False,198590
False,133030
False,53597
False,382839
False,166504
False,123415
False,442901
False,17810
False,356733
False,255769
False,352861
False,185878
False,221119
False,535125
False,313555
False,491225
False,264697
True,174504
False,22411
False,68654
False,66144
False,361145
False,449392
False,233245
False,460866
False,454044
True,60989
False,313596
False,119608
False,439522
False,417544
False,457580
False,322163
False,169028
False,544884
False,471287
False,176085
False,34354
True,525762
False,131373
True,130972
False,215191
False,295196
False,276853
False,387007
False,376767
False,105951
True,280370
False,458551
False,201322
False,185281
False,317659
False,554075
False,295831
False,162230
False,496404
False,123070
True,550453
False,342092
False,42165
False,310999
False,543224
False,219437
False,150986
False,37913
True,54995
False,354027
False,59971
True,168869
False,577378
False,528167
False,315641
False,492851
False,174213
False,243846
True,338552
False,478356
False,21528
False,229491
False,524822
False,115182
False,495055
False,555894
False,100386
False,508208
False,154420
False,496123
False,246146
False,245997
False,465463
False,566264
False,565117
False,494785
False,579543
False,297981
False,467466
False,225054
False,227843
False,276626
False,43340
False,232250
False,276789
False,122923
False,275913
False,8190
False,263710
False,151637
False,565429
False,28452
False,48840
False,397645
False,279603
False,486306
False,529490
False,572751
False,379156
False,215113
False,24129
False,418480
False,372599
False,496870
False,312105
False,579002
False,245895
False,249727
False,484277
False,190776
False,147760
False,65500
False,400658
False,434884
False,57945
False,466513
False,486609
False,189171
False,408491
False,389582
False,491290
False,293130
True,297204
False,144122
False,484019
False,412857
False,69675
False,488801
False,359548
False,56784
False,48491
False,295656
False,199610
False,178691
False,198464
False,239930
False,650
False,537648
False,467647
False,414546
False,317033
False,219250
False,317898
False,127899
False,443597
False,193560
False,228657
False,98008
False,6233
False,145873
False,353720
False,5832
False,455020
False,362828
False,31358
False,431825
False,7961
False,5540
True,460039
False,253227
False,364284
False,60604
False,418961
True,558863
False,357203
False,468009
False,524625
False,200541
False,94702
True,564341
False,134078
False,387318
False,114822
False,532775
False,206385
False,36151
False,17778
False,402980
False,262180
False,31121
False,321960
False,136142
False,144560
False,5326
False,80203
False,184822
False,168190
False,418091
False,255706
False,376442
False,55637
False,461838
False,4319
False,44294
False,36764
False,173300
False,189345
False,520264
False,554729
False,402313
False,371143
False,445679
False,319517
False,131579
False,432255
False,481760
False,108069
False,483854
False,331885
False,205875
True,465556
False,157125
False,404406
False,38837
False,94770
False,92
True,305206
False,74309
False,483557
False,902
False,146774
False,460263
False,360178
False,337055
False,223182
False,140416
True,214589
False,221763
False,222440
False,456109
False,104752
False,357865
False,536716
False,57178
False,546248
False,220054
False,485473
False,532710
False,192763
False,176728
False,403652
False,445726
False,556822
False,503886
False,214388
True,390161
False,337304
False,183670
False,451969
False,404349
False,179019
False,503959
False,274885
False,41180
False,115274
False,35216
False,13352
False,141477
False,102370
False,91867
False,272863
False,275839
False,509365
False,165106
False,565042
False,466090
False,248333
False,474283
False,263600
False,196368
False,359364
False,151922
False,244578
False,579170
False,145290
False,456988
False,235868
False,249273
True,454495
False,233580
False,349
False,233652
False,270852
False,474670
False,142646
False,232952
False,121249
False,447787
True,498807
True,111148
True,230315
False,127313
False,499801
False,556748
False,410758
False,126073
False,527922
False,303637
False,163185
False,76351
False,480914
False,512985
False,105511
False,341917
False,26183
False,268122
False,561203
False,96946
False,12639
False,429688
False,141114
False,89230
True,416482
False,248945
False,262690
False,11849
False,560238
False,402702
False,227985
False,195113
False,308096
False,254045
False,478337
False,280995
False,378873
False,276070
False,293891
False,14297
False,79606
False,35711
False,304605
False,421848
False,435896
False,198604
False,434141
False,437073
False,274108
False,248786
False,223174
False,388616
False,351667
False,344883
False,468203
False,6497
True,570857
False,105933
False,205059
False,189794
False,65816
False,182960
False,278295
False,350617
False,333371
False,218832
False,173514
False,423944
False,565235
False,311232
False,101968
False,53136
False,532753
False,337177
True,98853
False,237060
False,117015
False,166354
False,7730
False,31532
False,348146
False,29593
False,497415
False,315294
False,33601
False,197613
False,17425
False,337433
False,48882
False,458178
False,141756
False,524681
False,421206
False,540617
False,394008
False,337812
False,93644
False,8204
False,488406
False,86183
True,308101
False,188225
False,307379
False,308350
False,552723
False,291280
False,380227
False,429945
False,229618
False,219217
False,371628
False,388696
False,549703
False,503472
False,143952
False,461989
False,115519
False,163263
False,541435
True,182715
False,96339
False,104044
False,145259
False,166356
False,430817
False,581513
False,321718
False,306988
False,253755
False,163011
False,406445
False,303668
False,372495
False,34120
False,506052
False,10114
False,512424
False,243031
False,39043
False,446945
False,281678
False,140935
False,285660
False,532999
False,116354
False,293480
False,405137
False,394266
False,245559
False,438306
False,103431
False,317087
False,565431
False,550540
False,403184
False,59244
False,534663
False,265125
False,272901
False,24792
False,410735
False,333498
False,247979
True,419212
False,443944
False,100821
False,234633
False,420161
False,469777
False,117789
False,55090
False,219315
False,126429
True,532209
False,182454
False,454003
False,193951
False,501858
False,478077
False,216158
False,147593
False,197004
False,110765
False,58407
False,40016
False,492973
False,126979
False,335184
False,541506
False,575128
False,482024
False,80316
False,82523
False,24794
True,555311
False,510900
False,553326
False,532257
False,462712
False,475466
False,481940
False,575164
False,492610
False,51774
False,564729
False,388503
False,511307
False,382724
False,384949
False,271484
False,126921
False,295769
False,37389
False,456436
False,372959
False,559525
False,3897
False,373401
False,153047
False,475984
False,161278
False,337189
False,323963
False,132500
False,40931
False,391394
False,564465
False,406000
False,201736
False,189888
False,228098
False,339521
False,504591
False,259567
False,364592
False,242779
False,232809
False,78554
False,97010
False,293368
False,77686
False,93356
True,123514
False,12827
True,28759
False,189451
True,475765
False,282843
False,201035
False,548861
False,25123
False,494856
False,358580
False,208961
False,541587
False,188613
False,272925
False,143927
False,339382
True,390315
False,289782
False,11276
False,549780
False,96931
False,311206
False,426390
False,262187
False,526225
False,179170
False,226751
False,470485
False,246417
False,444269
False,186165
False,179201
False,112673
False,517061
False,491001
False,112757
False,556751
False,387058
False,327479
False,403407
False,60599
False,506701
False,360739
False,223122
False,526042
False,466681
False,231078
False,297581
False,501695
False,352454
True,465422
False,453621
False,51706
False,199331
False,321943
False,377669
False,236530
False,18903
False,332740
False,552657
False,425044
False,399880
False,350009
False,464616
True,180818
False,161328
False,41489
False,383652
False,40187
True,150623
False,434856
True,565518
False,79632
False,190515
True,357228
False,40989
False,408950
False,198972
True,7789
False,110611
False,265709
False,507992
False,508412
False,135467
False,40894
True,295114
False,524382
False,416240
False,90839
False,119534
False,25110
False,130181
False,529433
False,286368
False,234023
False,458621
False,103230
False,95337
False,235082
False,297844
False,508985
False,374174
False,16193
False,268231
False,516868
False,151892
False,212470
False,327155
False,397815
False,30739
False,419700
False,443094
True,551215
False,150787
False,35328
False,114035
False,102333
False,310155
False,125201
False,29187
False,287649
False,497464
False,430521
False,243629
False,298318
False,383368
False,374115
False,390094
False,350722
False,524467
False,36023
False,197022
False,366000
False,277263
False,309499
False,320399
False,119414
False,496324
False,377174
False,293607
False,229052
False,555869
False,11856
False,407795
False,268008
False,554598
False,100428
False,175135
False,134486
False,465267
False,15678
False,28993
False,567837
False,240950
False,252810
False,67080
False,80275
False,124052
False,102497
False,558412
False,517760
False,1645
False,200068
False,375714
False,310757
False,178524
False,188552
False,188850
False,132362
False,327401
False,534332
False,40407
False,100863
False,134194
False,150444
False,248911
False,351112
False,23395
False,388980
False,527785
False,382274
False,352143
False,431013
False,321646
False,200665
False,372775
False,180357
False,371490
False,567444
False,311568
False,154004
False,152309
False,74984
False,565989
False,201756
False,287003
True,467246
False,551344
False,416523
False,99642
True,6920
False,13980
False,94392
False,511145
False,41257
False,455473
False,267000
False,264998
False,212934
False,128245
False,166395
False,576399
True,431085
False,320271
False,503653
False,65343
False,122357
False,479858
False,359937
False,75595
False,171049
True,226571
False,276892
False,68420
False,226974
False,548593
False,278078
False,202099
False,554996
False,450584
False,62257
False,470907
False,240252
False,423619
False,242631
False,526695
False,81594
False,460187
False,532419
False,131415
True,101491
False,143874
False,308384
False,94261
False,170917
False,131058
False,49933
False,320899
False,57429
False,178491
False,283627
False,37322
False,408799
False,327964
False,330915
False,434417
False,64681
True,550707
False,164599
True,147674
False,474709
False,420710
False,297843
False,138780
False,393223
True,463690
False,326312
False,545237
False,19134
False,408345
False,82372
False,32533
False,450102
False,491427
False,302323
False,557695
False,439738
False,225750
False,268356
False,267985
False,23368
False,538848
True,558661
False,46251
False,362654
False,501578
False,546708
False,379210
False,118299
False,380665
False,104696
True,363969
False,316704
False,129801
False,346940
False,138961
False,203481
False,450162
False,116004
False,399878
False,194108
False,479057
False,148168
True,350171
False,347930
False,150636
False,93506
True,373785
False,267531
False,401507
False,576780
False,537108
False,379593
False,219909
True,434510
False,76101
False,388830
False,554215
False,236218
False,209685
False,516849
False,210448
False,506414
False,89921
False,511729
False,327807
False,94010
False,345536
False,68623
True,69029
False,428691
False,357459
False,564966
False,61740
False,330315
False,450864
False,366499
False,80084
False,309935
False,484992
False,418409
False,508006
False,224530
False,396366
False,551654
False,38552
False,441727
False,226681
False,496552
True,477861
False,27364
False,401439
False,189765
False,188350
False,241599
False,164141
False,481028
False,84540
False,184672
False,108243
False,303140
False,207239
False,524536
False,487036
False,515876
False,122040
False,208566
False,475258
False,64866
False,531201
False,79322
False,290034
False,572353
False,467300
True,180984
False,25727
False,526675
False,404826
False,239000
False,359851
False,468605
False,87518
False,526697
False,574735
False,25548
False,474545
False,198545
False,86226
False,164461
False,34387
False,27901
False,287427
False,581071
False,446301
False,11426
False,135032
False,407319
False,425629
False,52818
False,163718
False,503845
False,68021
False,494099
False,271803
False,573700
False,50624
True,15919
False,65841
True,298362
False,324232
False,239984
False,549887
False,268094
True,350679
False,570870
False,351418
False,54485
False,294688
False,67261
False,418600
False,404222
False,412222
False,411883
False,207889
False,266371
False,167859
False,233233
False,236760
False,166489
False,480739
False,483620
False,299082
False,314833
True,416159
False,369669
False,131467
False,356216
False,345979
True,412399
False,106614
False,109851
False,567740
False,283586
False,64823
False,173991
False,56857
False,296684
False,9987
False,443860
False,532622
False,551166
False,544782
False,18078
False,466714
False,397605
False,578591
False,161610
False,447374
False,232865
False,208200
False,535933
False,230503
False,129917
False,79172
True,545550
False,35927
False,206304
False,161287
False,70904
False,277172
False,397640
False,263793
False,125435
False,169174
False,242213
False,574946
False,15953
False,40181
False,71217
False,128373
False,367082
False,196365
False,476431
False,573954
False,136111
False,548141
False,579663
False,308847
False,450856
False,263574
False,369321
False,129739
False,1224
False,181619
False,539604
False,277479
False,340420
False,272991
False,72715
False,282329
False,57107
False,277088
False,260882
False,289460
False,12204
False,78909
False,461224
False,367484
False,311954
False,421361
False,490509
False,559877
False,511587
False,284920
False,80619
False,488457
False,401707
False,374530
False,227048
False,222694
False,39881
False,417818
False,302160
False,4904
False,335925
True,102935
False,105469
False,283748
False,270354
False,392015
False,222395
False,133963
False,293372
False,509914
False,209787
False,58701
False,476093
False,189893
False,259217
False,577817
False,82273
False,190255
False,509350
False,61377
True,96250
False,250897
False,484300
False,343739
False,339985
False,190487
False,544570
False,43176
True,295194
False,271771
False,90804
False,556715
False,233319
False,6481
False,557150
False,184589
False,151671
False,310865
False,493121
False,199212
False,164502
True,16879
False,137185
False,364303
False,99580
False,11029
False,542101
False,211198
False,221446
False,29160
False,86901
False,402040
False,108838
False,450758
False,405215
False,494954
False,270379
False,373679
False,22806
False,332007
False,41773
False,415646
False,449845
False,158277
False,40085
False,92402
False,286137
False,12490
False,30068
False,193318
False,451909
False,287239
False,296564
False,51149
False,45181
False,540502
False,245825
False,229096
False,100343
False,316971
False,175715
False,139276
False,157181
False,28494
True,548420
False,206697
False,504289
False,312786
False,63939
False,197775
False,231362
False,5277
False,168187
False,154351
False,240123
False,55764
False,231236
False,47833
False,4286
False,277165
False,62250
False,369848
False,79619
False,85348
False,355487
False,53893
False,162495
False,74461
False,503069
False,148306
True,469634
False,269886
False,537055
False,19090
False,29732
False,403916
False,409439
False,120939
False,354525
False,112228
False,113106
False,115749
False,310671
True,381667
False,122871
True,484849
False,97614
False,110951
False,35228
False,235790
False,36388
False,477477
False,164487
False,323114
True,450700
True,43829
False,393014
False,146511
True,277080
False,290827
True,433637
False,242301
False,255448
False,44613
False,431597
False,449327
False,223718
False,450003
False,193389
False,34086
False,546117
False,349104
False,255934
False,56485
False,279375
False,426983
False,558054
False,536884
False,92041
False,164464
False,42070
False,127477
False,395155
False,391258
False,370793
False,97733
False,540057
False,429593
False,108982
False,525322
False,455657
False,184321
False,190546
False,467172
False,368547
False,195159
False,509656
False,229324
False,344974
False,189182
False,558577
False,76625
False,248702
False,456788
True,247057
False,349469
False,306135
False,191444
False,80408
False,367754
False,105108
False,10421
False,93156
False,490411
False,66827
False,90343
False,98190
False,158945
False,309949
True,178184
False,92092
False,263783
False,350712
False,226501
False,341852
False,473723
False,579885
False,27104
False,225271
False,326174
False,436578
False,474446
False,506723
False,36911
False,353953
False,438335
False,124711
False,482877
False,270338
False,322858
False,187235
False,20391
False,292533
False,128922
False,175539
False,17089
False,199819
False,347650
False,353175
False,509018
False,250649
False,500477
True,15546
False,346699
False,372723
False,154373
False,9919
False,518030
False,556886
False,84174
False,20768
False,250434
False,15614
True,88817
False,319902
False,504499
False,339575
False,433733
False,321546
False,224055
False,527618
False,580382
False,1994
False,311922
False,517081
False,76476
False,100506
False,229233
False,423222
False,217141
False,483775
False,571431
False,56293
False,471840
False,579255
False,356771
False,575088
False,71811
False,190872
False,476380
False,272490
False,166163
False,470472
False,131087
False,406611
False,225829
False,473199
False,471599
False,272255
False,251736
False,51178
False,224776
False,331535
False,153219
False,231568
False,348204
False,118199
False,102355
False,549763
False,153577
False,83519
False,64626
False,150559
False,298395
True,417911
False,161871
False,379936
False,469816
False,345024
False,214989
False,179094
False,190271
False,154590
False,175314
False,430522
False,105444
False,229969
False,81000
True,309285
False,32965
False,569783
True,156152
False,356097
False,488658
False,545950
False,277681
False,431257
False,162589
True,90519
False,367321
False,501126
False,322191
False,305978
False,445397
False,303627
True,235479
False,517655
False,359396
False,279530
False,449291
False,308555
False,304092
False,208724
False,31335
False,334011
False,411243
False,91784
False,290153
False,48604
False,313674
False,288106
False,208698
False,355462
False,487002
False,36950
False,91304
False,483531
False,446574
False,316140
False,9983
False,444719
False,339639
False,542103
False,407050
False,344483
False,103228
False,131390
True,230432
False,524723
False,230931
True,452115
False,562686
False,173150
False,160660
False,372193
False,135094
False,526750
False,147042
False,97530
False,562067
False,264238
False,33034
False,360073
False,335101
False,114854
False,42312
False,558608
False,340136
False,455597
False,59479
False,572487
False,4442
False,172408
False,293907
False,7510
False,198596
False,268100
False,546342
False,103571
False,446053
False,400264
False,277200
False,229274
False,278549
False,461786
False,503718
False,111909
False,561631
False,413057
False,24299
False,108303
False,187609
False,209919
False,115967
False,375590
False,303484
False,306640
False,554156
False,483027
False,266487
False,178382
False,200807
False,27742
False,164548
False,384015
False,298692
False,254028
False,337095
False,302241
False,224524
True,501926
False,468585
False,303026
False,138153
False,237093
False,548559
False,200133
False,330086
False,530912
False,466211
False,301479
False,262605
False,306621
False,379955
False,347505
False,176136
False,180470
True,138488
False,110780
False,10386
False,290911
False,418535
False,145526
False,103232
False,546964
False,134818
False,527181
False,82216
False,481802
False,124243
False,517890
False,291390
False,478154
False,26176
False,47403
False,216739
False,244428
False,247121
False,39698
False,82740
False,385454
False,319687
False,510359
False,130897
False,182511
False,487734
False,216378
False,567085
False,422807
False,272653
False,562325
False,48165
False,113989
False,155269
False,341894
False,7205
True,49731
False,31062
False,477328
False,83034
False,402470
False,504833
False,403789
False,158043
False,394554
False,543454
False,478805
False,318892
False,575701
False,346458
False,197853
True,333629
False,498510
False,525106
False,306031
False,509526
False,474373
False,455859
False,516793
False,203636
False,348251
False,248396
False,181449
False,402332
False,302292
False,31653
False,155671
False,163332
False,250909
False,66459
False,95486
False,78522
False,515777
False,531645
False,30895
False,99933
False,196332
False,54398
False,13468
False,477195
False,295804
False,308528
False,88803
False,306908
True,200439
False,540820
False,396793
False,398153
False,384553
False,414276
False,91666
False,477623
False,21826
False,102923
False,213035
False,81544
False,533069
False,443057
False,65162
False,76742
False,273450
True,409199
False,211033
False,243491
True,228676
False,302513
False,12010
False,559277
False,41022
False,222921
False,379477
False,515581
False,342220
False,573898
False,69344
False,43815
False,12766
False,209667
False,382081
False,275270
False,275938
False,356323
False,349400
True,169086
True,324252
False,111409
False,440532
False,275902
False,34702
False,269431
False,56145
False,548845
False,171120
False,188100
False,551063
False,134290
False,517878
False,492478
False,19863
False,11299
False,160906
False,276597
False,341811
False,200896
False,192631
False,338025
False,409098
False,246166
False,81961
False,208295
False,579906
False,500565
False,408722
False,298170
False,427729
False,414881
False,180098
False,541077
False,135412
False,495568
False,315432
False,123117
False,72435
False,359085
False,230160
False,18441
False,158641
False,186737
False,450483
True,342770
False,55484
False,114139
False,536419
False,206427
False,319783
False,281961
False,322553
False,16273
False,442338
False,337690
False,158182
False,295105
False,26978
False,216649
False,202805
False,337987
False,215023
False,563805
True,180539
False,217303
False,217484
False,40583
False,350234
False,22178
False,506598
False,390342
False,157026
False,554587
False,412749
False,486835
False,515870
False,122611
False,561164
False,98444
False,465701
False,283246
False,565691
False,515202
False,404007
False,361180
False,183393
False,300232
False,467137
False,497167
False,6765
False,392083
False,123855
False,474862
False,322829
False,381482
False,576676
False,271118
False,181453
False,466771
False,272838
False,347603
False,55294
False,190353
False,470893
False,449154
False,249151
True,237282
False,552245
False,236336
False,447785
False,474410
False,183398
False,254981
False,370873
False,281301
False,354540
False,515828
False,85097
False,176479
False,329660
False,245311
False,109177
False,4749
False,494959
False,314259
False,6586
False,446036
False,109169
False,275885
False,193062
False,390956
False,514619
False,393068
False,419712
False,47916
True,36222
False,553224
True,535871
False,302221
False,578713
False,380729
False,281217
False,573894
False,302603
False,179480
False,566261
False,311031
False,497099
False,572889
False,86393
False,2006
False,238125
False,95375
False,399441
False,149916
False,447543
False,265789
False,284338
False,475888
False,467193
False,154659
False,16071
True,12916
False,581686
False,39371
False,390179
False,58973
False,156809
False,282197
False,176923
False,213340
False,175451
False,402833
False,404282
False,15930
False,179850
False,360571
False,191805
False,30274
False,1308
False,203541
False,208991
False,139409
False,380057
False,100627
False,92288
False,605
False,105679
False,232779
False,228572
False,274139
False,209901
False,451571
False,575815
False,514955
False,97201
False,8453
False,53183
False,505738
False,42929
False,121599
False,277790
False,431573
False,159714
False,120520
False,50100
False,466430
False,32809
True,470097
False,360441
False,178763
False,54540
False,374598
False,6262
False,90006
False,3197
False,100253
False,93472
False,526565
False,563458
False,414176
False,174522
False,461750
True,87705
False,93393
False,155543
False,41442
False,348199
False,123751
False,359687
False,560396
False,388761
False,184930
False,311818
True,97795
False,132037
False,263428
False,217494
False,227363
False,251365
False,431060
False,283432
False,441172
False,111910
True,170950
False,338987
False,265622
False,293931
False,515355
False,242194
True,457274
False,228316
False,142712
False,559400
False,43266
False,366679
False,502730
False,373753
True,472854
False,21330
False,367428
False,38930
False,474616
False,118407
False,116149
False,286936
False,9199
False,4068
True,386872
False,390160
False,380097
False,277788
False,456756
True,239235
False,184789
False,386475
False,59321
False,560544
False,7650
False,285938
False,427035
False,309514
False,290741
False,576756
False,80065
False,179963
False,468956
False,137788
False,498535
False,502359
True,286698
False,429290
False,333069
False,388507
False,433924
False,362677
False,496618
False,489155
False,516038
False,71399
False,169226
False,232790
False,181223
False,218647
True,346178
False,382890
False,234660
False,1599
False,342380
False,98141
False,23033
False,254678
False,205621
False,304083
False,217039
False,425069
False,479372
False,202129
False,506357
False,402808
False,139561
False,65012
True,226176
False,281660
False,575173
False,443940
False,110500
False,81922
False,97514
False,42740
False,152247
False,20031
False,171470
False,563404
False,50117
False,420721
False,503844
False,452727
False,215998
False,391388
False,480317
False,79407
False,206467
False,541472
False,74963
False,546963
False,110783
False,246029
False,158846
False,180609
False,366934
False,491302
False,492084
False,341033
False,569459
False,231164
False,250991
False,54020
False,495073
False,549708
False,324764
False,243787
False,52760
False,107212
False,210065
False,305600
False,250001
False,161974
False,94127
False,578866
False,220716
False,183646
False,478577
False,547258
False,22963
False,334381
False,309872
False,524710
False,140717
True,455555
False,24105
False,498160
False,264735
False,360605
False,131099
False,463055
False,433716
False,177109
False,42578
False,132574
False,100142
False,175540
False,222783
False,281455
False,186938
False,363548
False,481829
True,539099
False,43001
False,190241
False,244615
False,412036
False,131011
False,76781
False,207177
False,175053
False,495131
False,185225
False,284552
False,173217
False,59234
False,57138
False,469840
False,558634
False,268644
False,23803
False,353056
False,78042
False,201722
False,334681
False,178859
False,490110
False,441023
False,80123
False,382924
False,287959
False,10698
False,521944
False,466885
False,219796
False,197121
False,156747
False,559958
False,580166
False,505911
False,476489
False,443829
False,482187
False,344308
False,531970
False,379713
False,209176
False,306161
False,200391
False,459190
False,343752
False,219655
False,204775
False,37552
False,54385
False,513093
False,505516
False,325727
False,404243
False,106912
False,574605
False,133620
False,493857
False,207585
False,255337
False,505169
False,24480
False,304919
False,288683
False,581904
False,13016
False,283874
False,353306
False,539640
False,331425
False,126833
False,454864
False,97458
False,47631
False,344885
False,332875
False,288061
False,399162
False,171155
False,190140
False,17870
True,449914
False,233218
False,61
False,374371
False,472630
False,497777
False,366455
False,104095
False,262465
False,24307
False,215587
False,422268
False,165298
False,567049
False,275173
False,149810
False,246263
False,361648
False,570998
False,178307
False,211431
False,228185
False,164564
False,498615
False,398051
True,20251
False,327174
False,437967
False,481894
False,482775
False,478282
False,407470
False,321214
False,228434
False,268254
False,92794
False,485025
False,135158
False,43510
False,69535
False,497140
False,546070
False,20213
False,62896
False,239337
False,556025
False,387385
False,502554
False,101715
False,93140
False,68238
False,15269
False,525420
False,28835
False,24042
False,245530
False,362306
False,124383
False,221681
False,26799
False,411138
False,220504
False,26292
False,437302
False,437865
False,274521
False,361521
False,521405
False,228901
False,400881
False,386973
False,534894
False,315174
False,203603
False,323797
False,228293
False,9767
False,578020
False,547846
False,515917
False,274676
False,503418
False,300863
False,365121
True,138114
False,157119
False,246270
False,268418
False,285882
False,553371
False,420230
False,80654
False,507904
False,465603
False,207027
False,119358
False,503781
False,484467
False,123633
False,196473
False,546980
False,360960
False,543200
False,21531
False,38350
False,488072
False,438369
False,559380
False,378727
False,189542
False,358994
False,540342
False,289263
False,286253
False,526754
False,474420
False,9813
False,514073
False,489670
False,428389
False,352462
False,3761
False,21329
False,47333
False,310870
False,513099
True,119939
False,443281
False,125920
False,371890
False,459382
False,141172
False,117184
False,176746
False,293435
False,230340
False,535874
False,201918
False,569725
False,146276
False,388928
False,140713
False,490986
False,499627
False,251818
False,303016
False,238001
False,5282
False,547089
False,545903
False,397216
False,437080
False,10903
False,292782
False,441619
False,251700
False,7179
False,477410
False,6428
True,175439
False,31305
False,536786
False,147547
False,67373
False,369778
False,580862
False,270999
False,215346
False,386794
True,242133
False,69625
False,473587
False,94021
False,363134
False,447009
True,339611
False,372833
False,544495
False,24608
False,207797
True,474054
False,295675
False,220137
False,410398
False,535156
False,59515
False,322934
False,399835
False,24769
False,484110
True,245414
False,57306
False,537382
False,14367
False,399378
False,475236
False,371531
False,26443
False,189656
False,271592
False,323853
False,48789
False,465351
False,82821
False,149884
False,447613
False,307847
False,175391
True,557459
False,537258
False,158005
False,133827
False,325710
False,238377
False,371953
False,462767
False,272997
False,2575
False,523033
False,513771
False,227947
False,510755
False,96101
False,400748
False,380306
True,371322
False,175443
False,322945
False,562679
False,236348
False,233337
False,415225
False,561006
False,215896
False,145642
False,72133
False,124659
False,103332
False,556824
False,43776
False,174188
False,199634
False,78900
False,364487
False,473281
False,83642
False,194105
False,575228
False,19663
False,319965
False,40842
False,252691
False,491269
False,282231
False,307265
False,10138
False,175341
False,527573
False,547052
False,496213
False,466797
False,37413
False,67961
False,201702
False,321578
False,222527
False,379378
False,16764
False,109608
False,1818
False,330807
False,443525
True,240158
False,72961
False,374135
False,14990
False,454296
False,6332
False,572427
False,123053
False,497660
False,441876
False,169646
False,399956
False,227733
False,174303
False,388853
False,388885
False,234433
False,265982
False,77563
False,202926
True,566448
False,422301
False,138477
False,449463
False,120666
False,361375
False,148591
False,499903
False,471450
False,413539
False,206066
False,562229
False,213895
False,152015
False,42853
False,370369
False,298979
False,501739
False,119962
False,84833
False,64283
False,434279
False,406826
False,374533
False,213546
False,553150
False,396112
False,515415
False,399191
False,2270
False,131312
False,304633
False,542922
True,283678
False,407825
False,504125
False,525405
False,71307
False,370857
False,315393
True,440037
False,62619
False,115645
False,577065
False,235340
False,103008
False,398682
False,556542
True,331386
False,114744
False,81767
False,455414
False,524572
False,388135
False,493601
False,25191
False,400593
False,107745
False,29426
False,114830
False,337505
False,22861
False,18957
False,95022
False,265574
False,92353
False,389159
False,571970
False,568101
False,51741
False,232746
False,135845
False,25144
False,517805
False,551372
False,15735
False,274978
False,230141
False,249905
False,487930
False,21698
False,415026
False,439400
False,149555
False,21746
False,225383
False,517851
False,501635
False,425004
False,524935
False,435458
False,468124
False,568895
False,327758
False,386619
False,273352
False,171536
False,34826
False,430191
False,286018
False,418397
False,321291
False,506039
False,194875
False,177406
False,470549
False,89128
False,203707
False,67114
False,235281
False,273120
False,545160
True,428263
False,477758
False,360678
True,194067
False,143420
False,2753
False,125116
False,214527
False,133
False,192118
False,372349
False,84211
False,547043
False,197398
False,214699
False,190575
False,508634
False,210259
False,440334
False,309813
False,468214
False,503782
False,20549
False,550655
False,412639
False,546140
False,240137
False,153907
False,207677
False,471156
True,172513
False,104505
False,120987
False,539705
False,134594
False,525179
False,503520
False,235446
False,167908
False,395838
False,206280
False,579632
False,382530
False,328999
False,199764
False,27725
False,175288
False,266898
False,166047
False,297066
False,405108
False,389152
False,538913
False,333737
False,127182
False,302601
False,57403
False,180047
False,546561
False,210956
False,119870
False,202171
False,156935
False,144925
False,315728
False,91341
False,502800
False,154811
False,320503
False,217252
False,7241
False,70426
False,580671
False,81504
False,32850
False,384804
False,264079
False,238201
False,537910
False,180253
True,160735
False,198929
False,42499
False,188891
False,12315
False,277854
False,150788
True,491581
False,349817
False,328383
False,270048
False,213530
False,263881
False,166599
False,254267
False,73206
False,571929
False,250577
False,446202
False,542803
False,61559
False,106113
False,211573
False,167863
False,285607
False,217461
False,223474
False,541258
False,464196
False,359540
False,244334
False,434297
True,382801
False,115266
False,59179
False,410817
False,361919
False,30065
False,558822
False,47813
False,139633
False,18347
False,6012
False,338704
True,227706
False,581566
False,557117
False,206735
False,452502
False,8053
False,424172
False,482912
False,485113
False,102851
False,87756
False,485605
False,206857
False,122787
False,312536
False,254968
False,19737
False,458984
False,180046
False,368348
False,495677
True,476515
False,126983
False,33727
False,12407
False,26702
False,103462
False,434898
False,37358
False,511438
False,269920
False,343076
False,136764
False,375743
True,2369
False,414821
False,505661
False,470780
False,160501
True,198923
False,491268
False,353000
False,45016
False,510405
False,133257
False,404450
False,383420
False,245430
False,235081
False,239581
False,487191
False,500316
False,99615
False,262476
True,534734
True,500944
False,238217
False,194581
False,554081
False,73996
True,50648
False,387045
False,562849
False,213547
False,546226
False,267329
False,552837
False,113504
False,31080
False,200794
False,440401
False,73574
False,77870
False,544334
True,532627
False,536879
False,318405
False,514515
False,403739
False,536322
False,224273
False,419839
False,401720
False,26165
False,55206
False,128277
False,576770
False,310450
False,192217
False,419501
False,335111
False,377597
False,150286
False,216861
False,81222
False,466664
False,345549
False,323119
False,517780
False,544728
False,500162
False,297191
False,337563
False,145047
False,345432
False,239252
False,208659
False,425380
False,243645
False,504037
False,17946
False,490875
False,213405
False,404128
False,437467
False,2154
False,12733
False,163281
False,201064
False,122854
False,23917
False,459255
False,378825
True,255708
False,163283
False,502058
False,202881
False,281581
False,543389
False,559566
False,232277
False,294199
False,458478
False,244442
False,424412
False,512557
False,90994
False,10046
False,564120
False,385494
False,397388
False,228226
False,249982
False,149812
False,265014
False,232648
False,48636
False,312175
False,24787
False,500902
False,229821
False,249352
False,78716
False,188163
False,198943
False,531944
False,417284
False,419
False,148860
False,145139
False,52348
False,309206
False,575955
False,173704
False,180800
False,311926
False,525208
False,508612
False,309850
False,183719
True,460441
False,47263
False,321705
False,379672
False,44946
False,14017
False,484562
False,267338
False,303232
False,107582
False,361620
False,297092
False,99599
False,105110
False,238399
False,160429
False,234366
False,245230
False,97479
True,162703
False,280702
False,33764
False,409358
False,306451
False,548095
False,438932
False,268927
False,57749
False,80105
False,152588
False,461442
False,427154
False,481518
False,312668
False,558271
False,391162
False,50222
False,139344
False,1777
False,382517
True,577403
False,42050
False,354863
False,534259
False,108751
False,183805
False,81995
False,555273
False,463555
False,264959
False,92366
False,410638
False,361850
False,12696
False,161013
False,131282
False,68502
False,58681
False,576695
False,16836
False,60117
False,218646
False,18442
True,192955
False,227329
False,372265
False,433787
False,36589
False,540987
False,471
False,132116
False,194248
False,198319
False,338220
False,172163
False,108923
False,429462
False,84558
False,22863
False,293720
True,340197
False,114898
False,400409
False,552901
False,212047
False,193506
False,3671
False,533520
False,183645
False,102256
False,383029
False,90626
False,55886
False,335321
False,93014
False,12953
False,13943
False,241886
False,402020
False,272357
False,2024
False,391721
False,3192
False,237762
False,29852
False,415533
False,204422
False,129143
False,576581
False,123244
False,222858
False,281601
False,179914
False,437632
False,243839
False,13969
False,449873
True,315195
False,33581
False,555227
False,159554
False,408571
False,427519
False,312182
False,453221
False,133741
False,188522
False,208236
False,470458
False,505643
False,275988
True,168508
False,218599
False,98592
False,38017
False,442682
False,369230
False,379226
False,315992
False,187576
False,490289
False,134178
False,71429
False,140691
False,332692
False,552029
False,547869
False,176029
False,550258
False,566325
False,446901
False,265648
False,244760
False,222871
False,31442
False,276921
False,336656
False,533755
False,403919
False,311354
False,492924
False,178876
False,410005
False,347189
False,470622
False,478712
False,35972
False,45493
False,122796
False,469857
False,65836
False,144904
False,514293
False,26668
False,121453
False,81886
False,138904
False,359535
False,352724
False,103018
False,184536
False,408922
False,430469
False,393286
False,268885
False,144534
False,144961
False,284934
False,160139
False,247660
False,137757
False,497709
True,365132
False,435681
False,570741
False,423173
False,208605
False,434672
True,330053
False,372374
False,536894
False,24882
False,491597
False,320451
False,371513
False,484973
False,563067
False,158818
False,388744
False,349319
False,196484
False,276354
False,361359
True,133933
False,458202
True,194754
False,208857
False,196777
False,442332
False,449302
False,399862
False,514558
False,224692
False,286141
False,242620
False,84474
False,60320
False,406595
False,247873
False,334048
False,337594
False,332072
False,535808
False,314379
False,574000
False,420826
False,176946
False,368840
False,326073
False,214618
False,67623
False,411765
False,292102
False,355193
False,510877
False,5046
False,172856
False,398817
False,253433
False,42690
False,460575
False,238332
False,484404
False,228380
False,364307
False,34930
True,195768
False,469152
False,475439
True,352729
False,140507
False,513108
False,105658
False,470068
False,375691
False,144915
False,356007
False,207967
False,91886
False,228566
False,514798
False,381555
False,72095
False,407027
False,106107
False,335348
False,221474
False,478035
False,563762
False,33992
False,306327
False,451859
True,396791
False,531937
True,559171
False,436143
False,107375
False,96490
False,546596
False,550527
False,386693
False,346107
False,117455
False,115243
False,295887
False,152273
False,402762
False,468652
False,282427
False,223014
False,414261
False,66014
False,485419
False,84982
False,319216
False,496214
False,1464
False,541856
False,427561
False,94619
False,223447
False,197318
False,111649
False,145083
False,491053
False,109939
False,225543
False,30120
False,389672
False,212834
False,425685
False,24788
False,543193
False,149623
False,311099
True,312878
False,192994
False,475857
False,221547
False,569645
False,196584
False,354606
False,137884
False,22304
False,134034
False,322246
True,105974
True,115584
False,20671
False,440539
False,33593
False,346954
False,45593
False,3637
False,490985
False,188692
False,23440
True,229870
False,373548
False,280641
False,72583
True,553561
False,62741
False,426680
False,171067
False,248372
False,142340
False,219735
False,359951
False,384242
False,562330
True,494608
True,164635
False,197850
False,453682
False,176826
False,396385
False,431044
False,480894
False,134169
False,403028
False,240022
False,527994
False,101806
False,476742
False,528890
False,508398
False,214395
False,69944
False,197401
False,330084
False,276531
False,236673
False,15069
False,389335
False,232842
False,109011
False,189026
False,466261
False,547280
False,267174
False,391637
False,431818
False,400251
False,322141
False,467204
False,540783
False,244429
False,192390
False,367552
False,239309
False,115502
False,55891
False,421309
False,546494
False,278184
False,186828
False,350657
False,416279
False,60823
False,453565
False,188509
False,165770
False,219964
False,126583
False,553209
False,274224
False,213021
False,315991
False,462559
False,85084
False,144275
False,418868
False,89432
False,467206
False,362219
False,39871
False,380011
False,317764
False,352088
False,271058
False,553081
False,283329
False,324008
False,34961
False,37955
False,63473
True,230133
False,134033
False,363525
False,284860
False,452535
False,133697
False,4823
False,204044
False,217519
False,487289
False,441655
False,574217
False,372801
False,514682
False,540092
False,103678
False,145360
False,70813
False,19142
False,350253
True,450878
False,391074
False,199956
False,415325
False,150867
False,293751
False,247529
False,14870
False,149785
False,415530
False,231945
False,209692
True,447767
False,361197
False,18059
False,297154
False,56557
False,4415
True,453968
False,3693
False,440160
False,345802
False,245757
False,134562
False,173907
False,141566
False,448826
False,323784
False,160337
False,17972
False,333335
False,526021
False,84585
False,171317
False,230727
True,245411
False,495546
False,218223
False,281072
False,311953
False,3242
False,546646
False,332654
False,396976
False,344059
False,465047
False,381265
False,5486
False,103366
False,226378
False,377119
False,54411
False,235543
False,454449
False,498265
False,36149
False,500585
False,135258
False,7567
False,243580
False,499598
False,8458
False,484401
False,289075
False,96804
False,50752
False,489896
False,428446
False,240043
False,218106
False,236338
False,142113
False,494439
False,51152
False,307668
False,539242
False,376746
False,105035
False,91310
False,575357
False,532790
False,319579
False,241156
False,562960
False,533253
False,138878
False,285019
False,292301
False,535860
False,175151
False,508665
False,46686
False,498280
False,347265
False,367425
False,402243
False,299662
False,424792
False,244539
False,83632
False,572331
False,400994
False,427111
False,320703
False,359132
False,511508
False,565546
False,185153
False,33361
False,338670
False,581899
False,27070
False,343211
False,53448
False,45535
False,398882
False,387545
False,223119
False,4620
False,574455
False,176758
False,487264
False,134769
False,15110
False,548953
True,561958
False,32818
False,450914
False,213765
False,338012
False,338219
False,545238
False,323766
False,440935
False,402948
False,507665
False,295693
False,119751
False,114549
False,458616
False,157418
False,276794
False,8762
False,516732
False,542950
False,81474
False,324336
False,356856
False,46749
False,376407
False,114250
False,14380
True,215291
False,87334
False,528657
False,454162
False,340015
False,41138
False,151051
False,194777
False,156104
False,559728
False,128181
False,85855
False,320533
False,573807
False,479203
False,556035
False,467646
False,438447
False,218855
False,501646
False,89288
False,517570
False,283698
False,98193
False,513138
False,540538
False,507934
False,147331
False,480734
False,569565
False,467484
False,508244
False,400719
False,328951
False,309944
False,492878
False,160840
False,143758
False,491305
False,89992
False,224629
False,249309
False,11373
False,180160
False,241527
False,9511
False,514901
False,126915
False,371222
False,497187
False,364470
False,144227
False,293689
False,187199
False,225533
False,219966
False,151307
False,116794
True,454502
False,46322
False,162573
False,407826
False,313254
False,110447
False,320563
False,107623
False,169660
False,181534
False,432120
False,485080
False,102320
False,233439
False,62041
False,437169
False,533039
False,453260
False,474180
False,564188
False,544687
False,198352
True,170267
False,483788
False,185236
False,427646
False,138785
False,265453
False,512629
False,226544
False,390806
False,28858
False,83271
False,344729
False,239387
False,534268
False,62295
False,343307
False,363508
False,328299
False,297976
False,96288
False,3742
False,148549
False,470988
False,87986
True,54452
False,361428
False,191740
False,337255
False,363869
False,58465
False,194744
False,192494
False,366009
False,108113
False,508147
False,468953
False,393692
False,21095
True,279197
False,232280
False,563163
False,334208
False,316115
False,160549
False,26029
False,153652
False,433021
False,398821
False,12896
False,278961
False,30403
False,182957
False,101749
False,8422
False,355301
False,9218
False,92519
True,580381
False,112734
False,571737
False,153847
False,424304
False,125070
False,310181
False,485916
False,365175
False,164116
False,363908
False,426791
False,404933
False,305644
False,2860
False,208022
False,148181
False,268599
False,168618
False,367386
False,423209
False,305685
True,3378
False,368541
False,65182
False,134778
False,391678
False,235919
False,580706
True,355297
False,221012
False,170045
False,192479
False,550303
False,131697
False,433547
False,315647
False,124210
False,468029
False,473466
False,198030
False,228876
False,529379
False,471841
False,132944
False,306925
False,482671
False,37012
False,229946
False,266443
False,383956
False,109561
False,453137
False,74280
False,495419
False,372855
False,362123
False,132143
False,98904
False,318570
True,564515
False,452650
False,327144
False,72993
False,140761
False,140724
False,397599
False,80749
False,366734
False,194461
False,193023
False,416972
False,74630
False,554920
True,145215
False,106585
False,193931
False,73
False,189550
False,398229
False,30156
False,214641
False,5638
False,323010
False,470738
False,325768
False,483538
False,241918
False,243355
False,76246
False,324823
False,485894
False,225070
False,295753
True,282553
False,292792
False,397950
False,504955
False,219488
False,178279
False,170000
False,474642
False,265745
False,301563
False,322095
False,220446
True,487482
False,286124
False,246728
False,329641
False,72016
False,275811
False,79701
False,186941
False,382174
False,90003
False,536204
False,474279
False,299682
True,538005
False,282293
False,553085
False,146626
True,332352
False,460307
False,403864
False,35722
False,81868
False,350513
True,159475
False,150931
False,571768
False,272203
False,315997
False,428050
False,394840
False,435187
False,237041
False,322630
False,16491
False,432288
False,308905
False,383641
False,429887
False,366290
False,288721
False,415613
False,540925
False,394079
False,177877
False,155189
False,534151
False,267210
False,450066
False,3521
False,38816
False,246285
False,333415
False,557451
False,482477
False,49151
False,340588
False,291410
False,22446
False,432831
False,358765
False,293822
True,460199
False,25421
False,163828
False,461835
False,217272
False,570542
False,124262
False,274083
False,55226
False,436814
False,244967
False,98523
False,493704
False,389258
False,370038
False,499997
False,196462
False,555080
False,538064
False,15816
False,405145
False,31747
False,144655
False,552004
False,296724
False,386560
False,500792
False,197263
False,1425
False,294744
False,568208
False,273276
False,219544
False,225036
False,335578
False,525884
False,505344
False,315645
False,526968
False,353543
False,289128
False,476106
False,282793
False,50389
False,201076
False,128093
False,147904
False,128500
False,533446
False,136651
False,306611
False,164944
False,241319
False,242597
False,358550
True,346274
False,98707
False,65280
False,509482
False,74460
False,91536
False,348006
False,9466
False,89258
False,316444
False,41413
False,167574
False,334772
False,2372
False,574001
False,354804
False,355610
False,37158
True,132137
False,463189
False,12443
False,557901
False,385627
False,402057
False,29892
False,246275
False,177065
False,332623
False,10040
False,56344
False,35076
False,207564
False,344998
False,263599
False,578016
False,213570
False,114326
False,341802
False,73264
False,49777
False,283653
False,266533
False,516263
False,45435
False,221829
False,267647
False,38123
False,439333
False,581507
True,388153
False,16314
False,125586
False,111030
True,490361
False,455981
False,300993
False,171376
False,538116
False,4535
True,135155
False,463120
False,405970
False,324950
True,101933
False,217811
False,441652
False,59218
False,236604
False,196852
False,455799
False,228551
False,23935
False,384462
False,306383
False,478132
False,206405
False,5105
False,64796
False,346160
False,402384
False,435902
False,350607
False,320481
False,424975
False,545082
False,525101
False,268855
False,99308
False,384788
False,423715
False,140540
False,224595
False,538735
True,333615
False,329276
False,527012
False,179278
False,281595
False,294426
False,234291
False,418391
False,289781
False,137301
False,484573
False,343455
False,484425
False,362591
False,361238
False,326081
False,171208
True,105640
False,360719
False,464967
False,449467
False,377706
False,373779
False,36907
False,577283
False,570543
False,422185
False,271068
False,15409
False,499768
False,482191
False,24585
False,489266
False,9556
False,226243
False,441650
False,67248
False,499026
False,505919
False,172490
False,480447
False,312943
False,196342
False,463470
False,146111
True,491681
False,90284
False,324488
False,442666
False,240741
False,314023
False,542856
True,473733
False,512449
False,344521
False,178168
False,507789
False,80671
False,214454
False,331180
False,16109
False,20090
False,429514
False,262239
False,132686
False,78865
False,542755
False,226076
False,396209
False,406932
True,19446
False,304657
False,349521
False,280079
False,45040
False,451943
False,354410
False,510812
False,401330
False,14473
False,12795
True,562850
False,74576
False,477973
False,68565
False,347068
False,25959
False,279058
True,517485
False,350784
False,173634
False,551459
False,234147
False,137706
False,160126
False,94427
False,535852
False,352247
False,159451
False,254130
False,132682
False,89614
False,18461
False,467397
False,59442
True,3432
False,315163
False,65601
False,512920
False,323182
False,68821
False,397606
False,526227
False,291140
False,134233
False,62547
False,50791
False,506544
False,84783
False,336723
True,572081
False,348651
False,399984
False,282730
False,433182
False,397291
False,74200
False,441327
False,195317
False,75546
False,410992
False,517764
False,322972
False,407909
False,531782
False,418717
False,365194
False,103318
False,228133
False,534681
False,328161
False,343156
True,222555
False,531515
False,276290
False,537390
False,418816
True,177807
False,385864
False,94717
False,9914
False,194203
False,130876
False,342639
False,548858
False,249275
False,6010
False,81383
False,576025
False,559470
False,479803
False,47001
False,337584
False,93279
False,390002
False,268940
False,177060
False,522940
False,137576
False,405730
False,77591
False,486503
False,352758
False,389351
False,253145
False,308089
True,532855
False,303392
False,529840
False,16060
False,436895
False,391139
True,273279
False,125725
False,307884
False,443687
False,379404
False,21496
False,169188
False,279714
False,47285
False,126486
False,294403
False,22429
False,377366
False,395576
False,141414
False,267594
False,503196
False,126045
False,548555
False,351130
False,555654
False,434782
False,100347
False,398083
False,578334
False,167668
False,58184
False,574025
False,230650
False,169640
False,119923
False,262463
False,549810
False,376454
False,452158
False,389255
False,570141
False,146926
False,463527
False,115765
False,312051
False,88433
False,408846
False,446223
False,196793
False,485595
False,120747
False,339529
False,19145
True,394790
False,262442
False,240912
False,94774
False,321508
False,222674
False,130599
False,439777
False,346384
False,303923
False,11169
False,236176
False,209681
True,346795
False,88414
False,28367
False,224781
False,7040
False,573181
False,287360
False,121506
False,400080
True,380100
False,29176
False,168657
False,237425
False,461408
False,539079
False,551947
False,420079
False,438364
False,408146
False,43331
False,38370
False,447548
False,157921
False,81155
False,195862
False,362506
False,22051
False,68996
False,316968
False,114500
False,247338
False,240889
False,43854
False,160773
False,217766
False,300052
False,272647
False,168690
True,14151
False,232434
False,62958
False,466222
False,110665
False,144431
False,184116
False,579008
True,169648
False,151893
False,482624
False,53157
False,316147
False,61174
True,365701
False,191417
False,99428
False,144379
False,552553
False,92861
False,144538
False,266586
False,354003
False,131967
False,3860
False,26884
False,545275
False,287221
False,68743
False,478136
False,201120
False,149036
False,208849
False,504891
False,45070
False,197191
True,153971
False,157981
False,568098
False,249198
False,115245
False,202774
False,282357
True,63231
False,487349
False,451415
False,301981
False,458960
False,336497
False,509292
False,154556
False,164360
False,228350
False,424596
False,460100
False,431450
False,466988
False,68163
False,434870
False,19523
False,312582
False,514518
False,275644
False,37433
False,62483
False,142426
False,258793
False,170955
False,373737
False,385194
False,269597
False,538394
False,532583
False,195391
False,330040
False,89150
False,339823
False,316928
False,448887
False,202797
False,27109
False,468428
False,504143
False,510449
False,46426
False,559184
False,390346
False,405991
False,273067
False,211041
False,409754
False,354185
False,541893
False,64079
False,162799
False,52523
False,117961
False,233977
False,53911
False,288174
False,270229
False,251741
False,381003
False,311641
False,270677
False,298276
False,577964
False,107084
False,280484
False,139815
False,210401
False,313337
False,133063
False,162156
False,558055
False,271166
False,225261
False,557848
False,277694
True,460113
True,76584
False,484915
False,148263
False,475699
False,576262
False,465986
False,268659
False,364252
True,268541
False,148811
False,528882
False,79035
False,204806
False,358965
False,471513
False,409820
False,192825
False,349552
False,551701
False,201561
False,149878
False,135023
False,278528
False,572949
False,378545
False,395480
False,119002
False,178031
False,16410
False,221116
False,202998
False,301977
False,265280
False,423362
True,418384
False,229947
False,429759
False,284070
True,41574
False,485261
False,191264
False,346586
False,490267
False,565756
False,339020
