v_coco_id,coco_Id
False,412922
False,573572
False,571158
False,406342
False,251600
True,160001
False,256013
False,101270
False,66127
False,36492
False,444453
False,179203
False,224426
False,41832
False,413400
False,187563
False,19074
False,154916
False,56585
False,106387
False,110501
False,446974
False,381661
False,457491
False,225198
True,127153
False,421996
False,56303
False,161062
False,467572
False,26432
False,552842
False,121651
False,299773
False,480400
False,408965
True,490705
True,529227
False,305423
False,58141
False,515006
False,64149
False,551791
False,220058
False,98480
False,377583
False,24734
False,177860
False,267731
False,341815
False,273466
False,280551
False,452807
False,395203
False,440792
False,268114
False,225299
False,252604
False,152600
False,419971
False,438478
False,581709
False,287341
False,404981
False,508557
False,564868
False,115422
False,478927
False,55285
True,461147
False,235984
False,189387
False,315564
False,408362
False,55694
True,212800
False,532747
False,572282
False,369511
False,358620
False,160837
False,2618
False,289231
True,394724
False,439251
False,69805
False,179611
False,187543
False,89947
False,546959
False,37394
False,464519
False,45771
False,478195
False,125252
False,8731
False,443254
False,39589
False,434089
False,244471
False,468121
True,3310
False,18014
False,103307
False,532015
False,9275
False,42091
False,194738
True,151075
False,239888
False,578580
False,66858
False,196311
True,61293
False,462839
False,178935
False,10710
False,412910
False,40205
False,548921
False,507642
False,361638
False,418198
False,126995
False,440344
False,135937
False,114077
False,96894
False,350344
False,235722
False,373415
False,442062
False,227552
False,336001
False,85827
False,556544
False,114024
False,205650
False,121622
False,453222
False,171429
False,413616
False,383129
False,562999
False,504744
False,194054
False,287469
False,477673
False,365232
False,138434
False,121493
False,433373
False,430776
False,464462
False,104865
False,22274
False,96845
False,538822
False,500898
True,487521
False,405531
True,226498
False,267844
False,89908
True,153262
False,248167
False,335063
False,552157
False,443006
False,380344
False,211756
False,147082
False,128180
False,324277
False,418178
False,184746
False,553931
False,155244
False,97049
False,443179
False,302084
False,329634
True,341145
False,51844
False,85215
False,168803
False,443790
False,145062
False,81
False,271338
False,201770
False,412604
False,405055
False,280852
False,309511
False,285493
False,564404
False,130352
False,308080
False,58630
False,137970
False,560530
False,482913
False,443319
False,509822
True,172874
False,10681
False,210080
False,135965
False,270278
False,293153
False,198682
False,509702
False,8495
False,202888
False,126070
False,418675
False,179327
False,309257
False,479504
False,571790
False,580813
False,476481
False,302298
False,531392
False,37779
False,118379
False,27890
False,507996
False,70687
False,332574
False,301160
False,441952
False,62927
False,475510
False,384323
False,156066
False,98194
False,526166
False,273250
False,123469
False,183704
False,81555
False,71407
False,37205
False,423881
False,488011
False,32843
True,126064
False,322325
False,41606
False,18683
False,502808
False,18491
True,232760
False,276644
False,151434
False,74863
False,116134
False,549915
False,75257
False,318646
False,563437
False,103667
False,60547
False,458069
False,27873
False,100407
False,391754
False,390190
False,45446
True,244455
False,83002
False,317367
True,7500
False,564602
False,77118
False,418692
False,239352
False,505934
False,148602
False,156543
False,126608
False,250043
False,430096
False,405456
False,255093
False,185774
False,104408
False,205247
False,79651
False,317560
False,430889
False,217468
False,456292
False,167375
False,387762
False,554106
False,233039
False,497322
False,323583
False,76462
False,149221
False,531759
False,153780
False,248355
False,422810
False,478862
False,453644
False,273132
False,283426
False,210907
False,241945
False,337479
False,22487
False,294244
False,483357
False,565047
False,57992
False,335861
False,210642
False,468825
False,513688
False,355159
False,309160
False,311691
False,86467
False,336812
False,286930
True,139526
False,433770
False,36748
False,187282
False,199715
True,282225
False,90872
False,32990
False,297269
False,267699
True,184227
False,256180
False,165064
False,913
True,576652
False,419994
False,18295
False,316723
False,536902
False,571683
False,516607
False,180968
False,26958
False,50586
False,62307
False,16683
False,324882
False,360045
False,573337
False,50695
False,549390
False,62815
False,197329
False,514563
False,282808
False,390322
False,195673
False,152108
False,191190
False,373970
False,98969
False,246246
False,373022
False,157393
False,337511
False,267684
False,555683
False,24032
False,572179
False,405964
False,205851
False,251084
False,402174
False,211402
False,137016
False,19723
False,485148
False,482780
False,3353
False,328981
False,32356
False,399276
False,419854
False,35767
True,406982
False,458724
False,466259
False,15586
False,67647
False,16169
False,460408
False,418711
False,15126
False,27298
False,387480
False,461878
True,343542
False,562124
False,502300
True,95916
False,538792
True,577373
False,122776
False,544705
False,82738
False,287725
False,492627
False,52044
True,279438
False,376875
True,511127
False,317838
False,397211
False,248459
False,384338
False,138567
False,71310
False,300415
False,473985
False,568191
False,331224
False,486008
False,472216
False,72430
False,128838
False,328301
False,33669
False,152488
False,447090
False,339535
False,381509
False,57545
False,148516
False,67798
False,369139
False,224677
False,560715
False,143745
True,12280
False,167453
False,282901
False,507769
False,517276
False,361619
False,264244
False,570659
False,531948
False,478105
False,516902
False,31941
False,481565
False,492810
False,366025
False,23981
False,82031
False,517318
False,154912
False,175217
False,437710
False,500136
False,454172
False,95770
False,559816
False,166173
False,31462
False,295461
False,409351
False,362067
False,35049
False,66632
False,163999
False,299004
False,180917
False,121525
False,48924
False,143532
False,162538
False,505978
False,111636
False,111706
False,21671
False,12098
False,482201
False,245932
False,452341
False,131909
False,89281
False,64961
False,366802
False,117441
False,322755
False,403672
False,85092
False,281533
False,530560
False,376320
False,440500
False,49881
True,122586
False,38769
False,400475
False,162199
False,166421
False,20613
False,438698
False,542484
False,300008
False,372673
False,316240
False,286692
False,11723
False,225511
False,557886
False,496942
False,263520
False,38929
False,162937
False,342556
False,72861
False,563475
False,395019
False,270215
False,46564
False,435303
False,74390
False,155794
False,509706
True,371633
False,97373
False,560818
False,244504
False,530377
True,337339
False,171834
False,459763
False,549301
False,347495
False,331569
False,13556
False,366787
True,82704
False,242090
False,439855
False,564789
False,361282
False,465321
False,337969
False,487783
False,576607
False,253032
False,324365
False,39764
False,351118
False,558015
False,452803
False,24851
False,532809
True,126067
False,87871
False,154414
False,560052
False,166585
False,250108
False,260088
False,263479
False,30267
False,524453
False,79893
False,381595
False,48850
False,238554
False,423488
False,336580
False,358334
False,374391
False,384651
False,559225
False,240173
False,524676
False,412567
False,453883
False,153817
False,67347
False,115637
False,119379
False,482748
False,636
False,342340
False,518375
False,125785
True,221282
False,284133
False,171321
False,50972
False,377576
False,565834
False,349695
False,370689
False,45582
False,184474
False,356500
False,287210
False,11080
False,147094
False,56364
False,366199
False,324580
False,430853
False,474353
False,124734
False,371036
False,418028
False,245145
False,41082
False,539879
False,420964
False,322023
False,351976
False,317683
False,286569
False,547630
False,155291
False,535795
False,391926
False,131075
False,165611
False,253438
False,182673
False,292845
False,419735
False,241248
False,339276
False,32151
False,17708
False,531016
False,333152
True,325243
False,581262
False,161917
False,451063
False,550113
False,513210
False,562150
False,253467
False,406071
False,186449
False,88917
False,338384
False,371402
False,125548
False,149017
False,301985
False,473250
False,116352
False,471731
False,361382
False,200451
False,281330
False,210424
False,264532
False,167581
False,558765
False,280808
False,386165
False,451090
False,163225
False,567881
False,74656
False,349230
False,296243
False,65425
False,130791
False,369367
False,400581
False,369478
False,35760
False,470521
False,322008
False,117337
False,549104
False,130681
False,427150
False,135113
False,400948
False,186589
False,581297
False,467135
False,167027
False,280764
False,267831
False,476634
False,579382
False,91154
False,71123
False,383404
False,266961
False,562807
True,181837
False,277436
False,359843
False,12818
False,357782
False,474827
False,415839
False,372683
False,285883
False,59399
False,474784
False,549413
False,17365
False,91833
True,449603
False,526778
False,277073
False,308509
False,272566
False,500036
False,95494
True,6935
False,323799
False,505862
False,447976
False,47149
False,348111
False,22409
False,310526
False,188858
False,85781
False,555065
False,366353
False,161354
False,408492
False,407142
False,53842
False,581739
False,216401
False,197934
False,452412
False,14961
False,262917
False,88835
True,98596
False,283611
True,113571
False,533231
False,404537
False,406208
False,559312
False,179926
False,266773
False,122108
False,579534
False,541553
False,553284
False,185097
False,74714
False,416247
False,399905
False,440002
False,105293
False,370728
False,460290
False,17174
False,527616
False,63820
True,385029
False,475889
False,187496
False,365359
False,33955
False,460389
False,454437
False,546515
False,15514
False,64507
False,50098
False,352495
False,360332
False,242118
True,345154
False,2295
False,341981
False,473936
False,194529
False,99647
False,315973
False,189789
False,54928
False,241407
False,233153
False,234768
False,350122
False,154633
False,381944
False,302458
True,250162
False,365207
True,517579
False,59527
False,170968
False,144870
False,250804
False,386424
False,493522
False,237897
False,467678
False,573568
False,284445
False,240185
False,316553
False,359595
False,160415
False,44782
False,565746
False,501867
False,67491
False,554803
False,173751
False,18373
False,540760
False,516205
False,275663
False,138134
False,200613
False,161348
False,82874
False,584
False,181948
False,310501
False,90155
False,81853
True,579891
False,136811
False,215421
False,153283
False,507952
False,514207
False,39535
False,210991
False,291476
False,124903
False,524420
False,60532
False,226461
False,499866
False,359302
False,74828
False,58248
False,300221
False,564699
False,95417
False,18513
False,322029
False,29730
False,352587
False,418257
False,240653
False,76627
False,113216
False,460915
False,523957
False,514191
False,333916
False,476796
False,13914
False,335688
False,539395
False,292001
False,170516
False,270912
True,461443
False,437714
False,355458
False,118356
False,538775
False,82456
False,464550
False,428340
False,458177
False,300383
False,25232
False,27089
False,28809
False,315810
False,148267
False,392476
False,56898
False,25014
False,382951
False,251408
False,111553
False,35368
False,240945
False,578632
False,94700
False,438619
False,170440
False,3866
False,439657
False,573830
False,442565
False,270972
False,17944
False,75283
False,283240
False,514846
False,82106
False,11222
False,147931
False,120642
False,180925
False,313720
False,200370
False,26052
False,199930
False,394021
False,469145
False,94185
False,302588
False,443634
False,458230
False,321382
False,466627
False,226691
False,561677
False,572215
False,230615
False,469807
False,401948
False,401218
False,17235
False,447738
False,131678
False,50058
False,122584
False,89654
False,127991
False,35558
False,497797
False,351494
False,400307
False,338894
False,373532
False,287874
False,132698
False,546301
False,133281
False,397746
True,198424
False,408418
False,449469
False,512982
False,445900
False,354121
False,429242
False,39196
False,358667
False,312686
False,529308
False,150704
False,131919
False,365434
False,317061
False,536058
False,482079
False,294829
False,227269
False,18367
False,568633
False,181662
False,502229
False,458663
False,469577
False,537393
False,65924
False,290804
False,460503
False,568690
False,560054
False,329562
False,62844
False,380634
False,298122
False,11402
False,134344
False,129339
True,27562
False,463620
False,368969
False,97936
True,46492
True,428019
False,484938
False,387210
False,203775
False,417962
False,12230
False,129738
False,59685
False,27002
False,534366
False,539340
False,574930
False,263446
False,415660
False,279919
False,441009
False,481130
False,249348
True,354070
False,579659
True,209842
False,4546
False,78
True,325115
False,161228
False,161367
False,342408
False,20929
False,127037
False,478721
False,26388
False,327502
False,420530
False,495377
False,279444
False,19160
False,122763
False,437464
False,457184
False,32270
False,452087
False,244577
False,203615
False,238561
True,553188
False,248052
False,178651
False,197118
False,367120
False,362668
False,422656
False,549209
False,146058
False,178268
False,32190
False,26109
False,338850
False,319430
False,288923
False,398540
False,149572
False,535591
False,278579
False,512872
False,462639
True,39958
True,497216
False,519850
False,168001
False,577405
True,431062
False,351146
False,552054
False,488941
False,341843
False,544060
False,284147
False,330487
True,427160
False,173580
False,335244
False,301146
False,403774
True,479035
False,377756
False,407698
False,423860
False,208283
False,561177
False,421406
True,335824
False,29573
False,70528
False,397673
False,375219
False,512515
False,89838
False,154011
False,517807
True,192932
False,236199
False,344614
False,419228
True,232544
False,289816
False,186599
False,277427
False,197780
False,28719
False,332781
False,503407
False,505082
True,521819
False,44060
False,417264
False,287962
False,138905
False,37620
False,231996
False,345275
False,312412
False,560372
False,394879
False,231200
False,337917
False,243847
False,116603
False,270325
False,417738
False,332844
False,30488
False,195390
False,457261
False,540656
False,99349
False,233256
False,97391
False,308730
False,426674
False,262477
True,38117
False,272008
True,338501
False,386929
False,82518
False,320428
False,328883
False,3389
False,26939
False,467076
True,363433
False,350621
False,81799
False,50691
False,433204
False,482574
False,224778
False,290819
False,40470
False,75560
False,196899
False,46306
False,148506
False,467766
False,553800
False,252219
False,7319
False,57796
True,448280
False,276467
False,95674
False,549499
False,253848
False,146256
False,325793
False,99186
False,286912
False,136736
True,484842
False,305550
False,454693
False,361193
False,508949
False,161434
False,555781
False,25017
False,483154
False,171086
False,404242
False,359375
False,100817
False,80471
True,227928
False,77067
False,179454
False,377423
True,272459
False,429309
False,101952
False,215072
False,228156
False,327638
False,312153
False,302129
False,578990
False,79111
False,277793
False,473030
False,339738
False,58384
False,29224
False,531329
False,209788
False,157084
False,168546
False,419232
False,8471
False,465357
False,213932
True,412285
False,388500
False,146398
False,277461
False,392601
False,35677
False,58949
False,529823
False,426872
False,221477
True,153864
False,430396
False,469754
False,284365
False,210749
False,434338
True,491784
False,324189
False,284257
False,198223
False,127072
False,164287
False,451153
False,310344
False,289357
False,394460
False,362618
False,147415
False,140210
False,361490
False,25245
False,77557
False,332109
False,12548
False,246053
False,97218
False,331520
False,194679
False,518023
False,549830
False,400722
False,421908
False,293888
False,268306
False,449638
False,38543
False,291560
False,118723
False,575267
True,150955
False,29322
False,226119
False,16499
False,237919
False,60328
False,206913
False,43530
True,625
False,32116
False,346544
False,215245
False,42383
False,530772
False,340897
False,357748
False,120986
False,540765
False,186099
False,436941
False,330204
False,484547
False,30109
False,107054
False,147919
False,354878
False,240049
False,495580
False,221036
False,164485
False,76244
False,505768
False,359140
True,13800
False,77455
False,447379
False,188562
False,484344
False,577161
False,66468
False,356302
True,460240
True,440093
False,167724
False,189850
False,525085
False,233833
False,99112
False,253036
False,490008
False,413472
False,284987
False,277700
False,163103
False,84046
False,353817
False,85031
False,491213
False,555102
False,333654
False,328902
False,503081
False,429679
False,308343
False,200681
False,82414
False,159842
False,356248
False,537802
False,240112
False,574667
False,356562
True,39115
False,237381
False,579576
False,360500
False,482514
False,566839
False,94531
False,546463
False,80665
False,175506
False,460684
False,136979
False,317763
False,437607
False,337035
False,512974
False,312154
False,252137
False,208728
False,147975
False,494634
False,431933
False,553909
False,36090
False,169365
False,195969
False,390723
False,425135
False,291655
False,94319
False,502860
False,78720
False,31092
False,141063
False,468043
False,84758
False,422121
False,282724
False,107836
False,387392
False,408925
False,416610
False,575633
False,38196
False,28953
False,186116
False,293906
False,140826
False,13991
False,265748
False,226502
False,492552
True,95155
False,315805
False,213288
False,330173
False,490160
False,467779
False,534553
False,125983
False,291417
False,417141
False,180624
False,14320
False,562712
False,436802
False,178987
False,17967
False,197462
False,306232
False,526713
False,436632
False,55514
False,76213
False,569599
False,243075
False,544279
True,109232
False,371650
False,391403
False,468771
False,22149
False,560555
False,556551
False,564330
False,320282
False,366641
False,130973
False,542816
False,51530
False,384750
False,365267
False,95951
False,165852
False,104485
False,395850
False,421471
False,255139
False,405296
False,288860
False,54091
True,196912
False,198546
False,104344
False,352755
False,125909
False,1877
False,433483
False,184190
False,498738
True,92761
False,552977
False,550597
False,577723
False,205863
False,32275
False,495956
False,197458
False,106079
False,303520
False,129060
False,463753
False,398615
False,529041
False,509084
False,558018
False,197875
False,503137
False,493773
False,27550
False,395053
False,202783
False,73120
False,301438
False,398534
False,26529
False,109393
False,7307
False,3157
False,72797
False,20770
False,257387
False,197705
False,551796
False,133298
False,357074
False,461339
False,250067
True,425917
False,463140
True,345149
False,538423
False,486026
False,526165
False,175751
False,346726
False,93053
False,96997
False,478731
False,16660
False,374405
False,24195
False,137369
False,310158
False,294956
False,538454
False,109141
False,541332
False,128539
False,428148
False,294020
False,550396
False,362360
False,451680
False,528970
False,14988
False,543254
False,389566
False,558968
False,430073
False,64902
False,272489
False,472191
False,61732
False,338439
False,550049
False,453731
False,201236
False,391000
False,64779
False,576397
False,299631
False,503197
True,83996
False,348058
False,580390
False,129742
False,289962
False,533810
False,26943
False,222361
False,79397
True,554541
False,325441
False,495387
False,406784
False,94223
False,290179
False,33943
False,512325
False,369721
False,515287
False,511572
False,332498
False,557183
False,183131
False,306384
False,234388
True,444502
False,128977
False,556065
False,143756
False,369685
False,381519
False,424544
False,507741
False,506342
False,453641
False,203110
False,447182
False,26159
False,268694
False,497528
False,428109
False,308512
False,227940
False,153380
False,15249
False,266579
False,100777
False,205007
False,22103
False,389441
False,19028
False,352398
False,473849
False,497350
False,578485
False,463458
False,169330
False,224112
False,210193
False,138911
False,426972
False,443764
True,345751
False,575469
False,430261
False,571518
False,556745
False,126050
False,202931
False,516430
False,263276
False,281353
False,541635
False,338787
False,417849
False,454915
False,161010
False,160666
False,490385
False,470128
False,226400
False,316694
False,218334
False,203747
False,132549
False,70421
False,192114
False,274254
False,162677
False,336427
False,393760
False,286376
False,209925
False,501665
False,61288
False,61266
False,3035
True,542938
False,213069
False,134490
False,102306
True,298065
False,466703
False,451588
False,403315
False,531322
False,577310
False,527580
False,473915
False,552589
False,69579
False,340511
False,233339
False,69705
False,410535
False,474003
False,241882
False,546114
False,243791
False,321902
False,254481
False,1216
False,579594
False,568023
True,469941
True,234642
False,113403
False,118347
False,469242
False,273323
False,568927
False,487555
False,499397
True,48653
False,363303
False,421136
False,215701
False,236060
False,454894
False,185371
False,405906
False,278966
False,70685
False,118778
False,526671
False,111054
False,544796
False,560427
False,175693
False,277338
False,232692
False,34071
False,88445
False,462588
False,469592
False,370505
False,174526
False,542000
False,95176
False,420922
False,30470
False,199484
False,222407
True,67269
False,22801
False,319391
False,277775
False,455530
False,354261
False,476127
False,180410
False,238095
False,332448
False,237697
False,158292
False,239762
False,67937
False,278698
False,561714
False,309585
False,58737
False,326410
False,493368
True,244387
False,100311
False,223114
False,57631
False,274947
False,62685
False,436146
False,149909
False,293756
False,340317
False,491128
False,449536
False,280674
False,103940
False,139440
False,336077
False,466305
False,301799
False,466085
False,364806
False,511390
False,90366
False,478614
False,163589
False,116882
False,495683
False,461187
False,184485
False,224554
True,431859
False,93403
False,367362
False,13415
False,206211
False,170739
False,55107
False,331904
False,527518
False,426035
False,144084
False,504172
False,563904
False,483945
False,460568
False,277481
False,380500
False,538090
False,62298
False,64495
False,353200
False,115060
False,368900
False,152614
False,89792
False,400619
False,285325
False,126080
False,460632
False,223719
False,143621
False,478376
False,322255
False,377758
False,312586
False,279165
False,134829
True,432908
True,409667
False,233871
False,21036
False,239988
False,28930
False,49369
False,479914
True,246883
False,224869
False,510527
False,82945
False,383085
False,32739
False,333018
False,113126
False,191754
False,72382
False,297300
False,373583
False,460712
False,58876
False,131858
False,262145
True,200563
False,63182
False,473075
False,6226
False,532833
False,127830
False,411505
False,99741
False,370741
False,467675
False,416322
False,174802
False,173490
False,333083
False,38999
False,449691
False,550097
False,500175
False,166569
False,536534
False,361136
False,135666
False,424110
False,535663
False,139108
False,292823
False,58714
False,189646
False,128669
False,70310
False,32134
False,577140
False,128148
False,198214
False,253143
False,219283
False,359337
False,577079
False,332485
False,217522
False,427733
False,514508
False,267734
False,420713
False,431896
False,174503
False,517322
False,277524
False,564707
False,170278
False,117179
False,480205
False,571808
False,228565
False,315948
False,241289
False,173130
False,434372
False,10743
False,136768
False,375464
False,572724
False,530645
False,83979
False,353300
False,306249
False,236515
False,265050
False,548428
False,317210
False,21083
False,99817
False,183107
False,559047
False,116147
False,389677
False,308963
False,274776
False,568731
False,339693
False,488997
False,404702
False,264396
False,462791
False,575961
False,161929
False,244978
False,379630
False,350649
False,501874
False,155451
False,151050
False,284605
False,83393
False,513086
False,166997
False,413948
False,51359
False,365208
True,352142
False,35423
False,484715
True,93853
False,303970
False,466710
False,515226
False,61025
False,255279
True,318785
False,171192
False,169988
False,495183
False,272022
False,451101
False,46009
False,96763
False,575027
False,570714
False,40325
False,320173
False,366146
False,395974
False,10092
False,473720
False,299367
False,86835
False,426355
False,451248
True,167270
False,28974
False,366396
False,76416
False,308621
False,298830
False,499447
True,62363
False,440314
False,174099
False,223353
False,471446
False,47554
False,501773
False,521195
False,577657
False,239828
False,66360
False,367521
False,204800
False,108321
False,77699
False,63683
False,73278
False,251663
False,413541
False,154207
False,485294
False,508531
False,340003
False,315018
False,225828
False,370739
False,217571
False,196799
False,516981
False,365135
False,421028
False,491997
False,78085
False,401946
False,381996
False,573611
False,450426
False,534468
False,199578
False,201969
False,269168
False,209967
False,219462
False,389681
False,129431
False,319122
False,118061
True,65244
False,515508
False,160967
False,241026
False,304627
False,43376
False,372652
False,329535
False,286914
True,361860
False,321973
False,104502
False,557920
False,195470
False,292519
False,467818
False,268395
False,356569
False,151414
False,100599
False,13802
False,148295
False,90827
False,90350
False,478474
False,580284
False,113449
False,227307
False,253843
False,492259
False,35012
False,326798
False,475754
False,55512
False,203937
False,546147
False,143418
False,555939
False,540479
False,27030
False,83202
False,295540
False,278166
False,235000
False,158031
False,51716
False,18267
False,368668
False,580732
False,255374
True,415889
False,10058
False,176462
False,576564
False,170513
False,118219
False,213674
False,179392
False,550298
False,448413
False,398674
False,59278
False,254325
False,66685
False,486536
False,21592
False,17935
False,444764
False,173754
False,387482
False,568089
False,313727
False,330248
False,366536
False,32598
False,535278
False,159981
False,246287
False,135316
False,575544
False,406557
False,419586
False,498400
False,188311
False,502996
False,237608
False,547367
False,160181
False,445537
False,101787
False,428726
False,392445
False,120860
False,155270
False,538343
False,152245
False,61101
False,463024
False,71596
False,524877
False,178460
False,323970
False,564826
False,276664
False,132499
True,413289
False,185681
False,325654
False,236111
False,398648
False,52644
False,296403
False,111244
False,81365
False,323448
False,412901
False,105222
False,115829
False,489611
False,507113
False,318630
False,565273
False,553488
False,310716
False,482252
False,477025
False,454762
False,192862
False,327896
False,114863
False,540358
False,264599
False,353505
False,272176
False,274195
False,335864
False,573853
False,273138
False,246197
False,458599
False,213642
False,4616
False,307869
False,303095
False,61676
False,58849
False,555715
False,152898
False,310008
False,546274
False,534659
False,511802
False,505028
False,534456
False,509901
True,568179
True,352681
False,90520
False,98182
False,1518
False,552563
False,467769
False,496152
False,424866
False,68176
False,545673
False,392657
False,565444
False,147205
False,240278
False,538518
False,222470
False,354724
False,440752
False,164302
False,214430
False,162318
False,553280
False,364369
False,504101
False,53999
False,477069
False,308466
False,496102
False,196212
False,488422
False,233236
False,336887
False,438751
False,332987
False,156607
False,405437
False,558640
False,460732
False,159453
False,73588
False,317428
False,234000
False,36758
False,236951
False,503985
False,436538
False,262933
True,193373
False,382088
False,12156
False,84567
False,209859
False,271025
False,446794
False,201168
False,461855
False,104510
True,559550
False,55780
False,189067
False,491909
False,115649
False,158849
False,544719
False,7782
True,369491
False,114668
False,307583
False,294918
False,525790
False,184667
False,47566
False,442543
False,315187
False,2197
False,73790
False,416739
False,319452
False,253854
False,55296
False,471521
False,103058
False,132099
False,7710
False,213988
False,251234
False,58268
False,514915
False,202913
False,234274
False,27544
False,441471
False,519089
False,75646
False,524816
False,293308
True,376393
False,97311
False,56753
False,450111
False,395080
False,443169
False,307611
False,322472
False,562247
False,252348
False,395740
False,574244
False,489810
False,215315
False,558071
False,271586
False,129782
False,208044
False,568270
False,89208
False,377960
False,225060
False,327131
False,510095
False,250680
False,306848
False,165874
False,61410
False,127136
False,234902
False,72556
False,497005
False,363764
False,500099
False,283682
False,154597
False,242673
False,66253
False,325595
True,171201
False,365129
False,317904
False,514681
False,301718
False,70558
False,270612
False,193599
False,108803
False,252608
False,203166
False,536416
False,570196
False,223766
False,389145
False,292522
False,14928
False,401820
False,158787
False,250225
False,555365
False,551350
False,69693
False,364251
False,272212
False,268095
False,429638
False,24577
False,47361
False,251347
False,182243
False,45524
False,564421
False,159963
False,86687
False,530629
False,549225
False,61507
False,23699
False,503074
False,47295
False,214875
False,283479
True,393056
False,281649
False,67593
False,289866
False,200678
False,435787
False,448494
False,3326
False,105504
False,510549
False,58349
False,90802
False,416576
False,370709
False,163991
False,163764
False,268668
False,372714
False,35936
True,496058
False,309521
False,306661
False,30942
False,136227
False,579303
False,139645
False,361972
False,56641
False,390610
False,426875
False,121229
False,411557
False,27136
False,65523
False,497106
False,326898
False,563311
False,484136
False,226959
False,444340
False,232451
False,215289
False,476539
False,121333
False,552819
False,544005
True,349928
True,382715
False,398569
False,470487
False,298396
False,539589
False,216761
False,409027
False,82140
False,30944
False,491102
False,59882
False,342946
False,555034
True,34786
False,87146
False,509876
False,307125
False,552073
False,94381
True,556083
False,433297
False,562138
False,2998
False,436620
False,310140
False,263883
False,475043
False,302685
False,479836
False,581458
False,363146
True,536087
False,104842
False,122811
False,239389
False,505994
False,532403
False,574221
False,574784
True,369460
False,333140
False,313480
False,437485
False,473952
False,509460
False,325548
False,478142
False,168225
False,36844
False,239845
False,342765
False,385276
False,292024
False,156084
False,512156
False,565194
False,147735
False,533239
False,384235
False,67428
False,54448
False,344832
False,76487
False,474479
False,370980
False,444141
False,556873
False,380949
False,240273
False,157067
False,84603
False,418115
False,287875
False,346617
False,93670
False,415388
False,147694
False,182947
False,550099
False,135367
False,413784
False,349561
False,402519
False,229020
True,302960
False,215679
False,366001
False,13901
False,236324
False,119555
False,558642
False,136552
False,488689
False,166764
False,479390
False,211141
False,324366
False,265134
False,574492
False,241208
False,424443
False,455674
False,547383
False,399615
False,505546
False,47004
False,563261
False,320508
False,348010
False,435037
False,176386
False,516570
False,265153
False,61897
False,569264
False,469301
False,111369
False,185124
False,323467
False,125711
False,453767
True,148646
False,210867
False,324225
False,374376
False,220072
False,412855
False,486870
False,11775
False,230360
False,367549
False,246069
False,312003
False,419678
False,378311
False,7932
False,88068
False,111525
False,362094
False,46112
False,563514
False,242187
False,357429
False,293949
False,408838
False,540257
True,74838
False,63848
False,551357
False,208024
False,125042
False,401699
False,469798
False,266652
False,431764
False,459189
False,206550
False,372087
False,124306
False,254750
False,122782
False,196085
False,480601
False,174677
False,399910
False,462134
False,356748
False,312359
False,95828
False,52161
False,566201
False,113437
False,200089
False,555446
False,10015
False,76606
False,156727
False,507276
True,411740
False,547293
False,444755
False,264526
False,111436
True,131339
False,448547
False,317939
False,347253
False,373729
False,143245
False,37059
False,570785
False,512696
False,540068
False,428321
False,146120
False,531096
False,423620
False,571677
False,576956
False,571485
False,212440
False,203103
False,528643
False,684
False,579901
False,75821
False,289660
True,468299
False,295442
False,347630
False,128612
False,246009
False,100226
True,365993
False,239537
False,292459
False,38955
False,234161
False,366086
False,336374
False,22627
False,246267
False,562370
False,324952
False,315976
False,490366
False,415680
False,263136
False,432363
False,385417
False,428787
False,127702
True,386504
False,447044
False,391406
False,171328
False,148462
False,309279
False,575834
False,530086
False,570826
False,421314
False,447684
False,531510
False,22719
False,481462
False,195508
False,301107
False,104002
False,15085
False,351710
True,163085
False,385633
False,488768
False,267951
False,66345
False,472864
False,191686
False,222559
False,129310
False,398279
False,204969
False,64534
False,52611
False,222572
False,455691
False,108238
False,394929
False,124647
False,545381
False,345813
False,210580
False,506085
False,560594
False,164066
False,449798
False,432036
False,150989
False,142440
False,92683
False,499571
False,3983
False,201004
False,172913
False,378720
False,432527
False,23392
False,448737
False,227221
False,311119
False,77001
False,287024
False,304126
False,22964
False,333724
False,327895
False,274671
False,426459
False,460625
False,81841
False,159240
False,565675
False,136740
False,400408
False,73835
False,131524
False,320014
False,104021
False,212380
False,20512
True,445046
False,330088
False,145989
True,421005
False,446677
False,288372
False,332362
False,59138
False,205440
False,445351
False,114634
False,504187
False,504070
False,157016
False,366508
False,279947
False,186632
False,481413
False,291816
False,207424
False,490306
False,318381
False,185358
False,204802
False,466529
False,280423
False,32570
False,408039
False,123614
False,399358
False,235652
False,374375
False,528425
False,180510
False,151499
False,415157
False,533293
False,27617
False,193449
False,373568
False,155231
False,3580
False,240057
False,70746
False,512780
False,423938
False,21346
False,161940
False,264712
False,400028
False,556758
False,288115
False,306466
False,361738
False,391486
False,92138
False,561303
False,526739
False,309192
False,319693
False,471235
False,494236
False,139625
False,30255
False,199310
False,100658
False,140590
False,275339
False,418429
False,225133
False,338065
False,27665
False,22578
False,248441
False,288751
False,292358
True,437831
False,571541
False,74138
False,145284
False,270581
False,508952
False,122157
False,207056
False,83149
False,510182
False,346062
False,385295
False,508456
False,379143
False,16890
False,485161
False,443377
False,313449
False,21718
False,395170
False,158515
False,306771
False,334285
False,437374
False,466403
False,228246
False,241723
False,490931
False,344806
False,563817
False,191912
False,420775
False,295686
True,33958
False,76195
False,225322
False,406196
False,460326
False,33189
False,491580
False,350327
False,309135
False,298160
False,338531
False,575860
False,323507
False,443575
False,105532
False,450396
False,388854
False,166637
False,61959
False,270534
False,207738
False,185590
False,131763
False,341161
False,578961
False,397769
False,524646
False,92001
False,43957
False,33733
False,383470
False,219355
False,540186
False,60437
False,328760
False,13938
False,145231
False,245460
False,305545
False,81354
False,532520
False,385377
False,557573
False,111907
False,347981
False,274017
False,70931
False,38801
False,152737
False,88987
False,530226
False,155921
False,81105
False,565361
False,239452
False,204417
False,440475
False,159260
False,466265
False,197192
False,467384
False,460236
False,269142
False,357944
False,561464
False,172151
False,305667
False,544926
False,324099
False,265085
False,261706
False,13529
False,413242
False,252492
False,363887
False,252160
False,562382
False,278989
False,442040
False,327841
False,406786
False,22462
False,504888
False,99162
False,47571
False,525698
True,24621
False,213816
False,30954
False,327271
False,99584
False,319607
False,17667
False,577835
False,435929
False,119695
True,34900
False,178634
False,2591
False,1781
False,14591
False,160283
False,18542
False,280873
False,292663
False,124390
False,265833
False,160190
False,325132
False,101485
False,421853
False,94150
False,537235
False,52461
False,578225
False,286724
False,243446
False,398772
False,397724
False,55651
False,429460
False,159680
True,70258
False,255827
False,78000
False,455339
False,107204
False,54976
False,379922
False,320218
False,375325
False,185125
False,564095
False,277072
True,135499
False,343551
False,63394
False,495014
False,105800
False,166391
False,209785
False,227893
False,396354
False,419819
False,24193
False,434214
False,264169
False,448251
False,337984
False,531234
True,227325
False,380989
False,324553
False,178971
False,567161
False,276015
False,163045
False,116617
False,116588
False,565665
False,424434
False,92221
False,265179
False,203478
False,352129
False,473406
False,370059
True,218569
False,364413
False,539072
False,243849
False,69049
False,198169
False,349184
False,172369
False,350160
False,238933
False,379261
False,581423
False,85195
False,244468
False,166979
False,196995
False,175558
False,138641
False,37492
False,411379
False,512175
False,53451
False,353970
False,251395
False,478670
False,209428
False,160102
False,563730
True,551074
False,148911
False,158873
False,277341
False,394814
False,84243
False,2839
False,189698
False,164856
False,465697
False,191320
False,283957
False,474934
False,54011
False,344935
False,281850
False,221272
False,381786
True,558089
False,88087
False,253777
True,10526
False,109403
False,279946
False,78696
False,82650
False,201018
False,386819
False,132420
True,231806
False,22799
False,489845
False,397716
False,172545
False,102614
False,354993
False,172176
False,496476
True,464359
False,265150
False,520703
False,226424
False,16898
False,208690
False,439346
False,120333
False,354761
False,300324
False,485077
False,352257
True,99990
False,283180
False,86803
False,410401
False,284279
False,530486
False,551129
False,240023
False,375400
False,149
False,286010
False,423829
False,204021
False,209474
False,100912
False,440032
False,289282
False,548471
False,510756
False,575816
False,507881
False,282912
False,12209
False,291980
False,207179
False,58296
False,431407
False,441527
False,536199
False,413346
False,55402
False,480929
False,163717
False,413466
False,95482
False,42156
False,455751
False,4555
False,248935
False,214059
False,66397
False,487487
False,188660
False,73440
False,444880
False,217395
False,101690
False,219442
False,151938
False,80788
False,325371
False,494281
False,315609
False,494678
False,357568
False,82904
False,369817
True,128462
False,171785
False,352194
False,563713
True,84984
False,322670
False,116268
False,158861
False,318533
False,18233
False,184121
False,434773
False,256611
False,100811
False,460107
False,204572
False,410173
False,478406
False,139892
False,511165
False,378901
False,524742
False,467686
False,109363
False,168413
False,197656
False,73163
False,284955
True,329952
False,325932
False,241806
False,494079
False,347023
False,277146
False,551607
False,540229
False,287161
False,305256
False,468393
False,113525
False,458574
False,182683
False,510579
False,308405
False,292015
False,106920
False,250417
False,216098
False,291586
False,54918
False,268570
False,433019
False,409143
False,369546
False,132002
False,496920
False,392631
False,175101
False,436315
False,13463
False,369253
False,172627
False,139327
False,326947
False,540790
False,237179
True,61328
False,460053
False,426831
False,469499
False,19964
False,439613
False,485130
False,97543
False,468505
False,142803
False,213897
True,173375
False,69290
False,187976
False,532867
False,158384
False,574207
False,200351
False,565769
False,131115
False,75415
False,181515
False,548362
False,304355
False,341168
False,195394
False,87743
False,215939
False,407778
False,96705
False,515329
False,146705
False,346377
True,28174
True,569196
False,82770
False,558788
False,184532
False,369171
False,546408
False,492069
False,515022
False,282631
False,557602
False,504378
False,403951
False,62387
False,281123
False,488746
False,483093
False,556012
False,564570
False,336484
False,278555
False,154171
False,562054
False,28069
False,314376
False,515065
False,421229
False,326462
False,198775
False,576295
False,550193
False,164423
False,127455
False,171374
False,359860
False,479361
False,162641
True,563575
False,498967
False,188556
False,473195
False,558962
False,461371
False,334857
False,165847
False,442593
False,250877
False,285005
False,67560
False,193557
False,547644
False,131581
False,434159
False,271230
False,8574
False,121219
False,181132
False,282707
False,398957
False,62198
False,476960
False,357737
False,447647
False,121826
False,221441
False,406326
False,381961
False,157186
False,371021
False,230212
True,305104
False,111262
False,9156
False,479629
False,53457
False,71137
False,13188
False,438024
False,299074
False,510343
False,14412
False,152526
False,250848
False,292570
False,376643
False,331642
False,555677
False,143594
False,218862
False,140100
True,184805
False,376858
False,339290
False,225784
False,176442
False,471955
False,518298
False,207668
False,72821
False,289864
False,471098
False,503616
False,485169
False,153892
False,310597
False,188156
False,452078
False,8920
False,113700
False,104380
False,121792
False,44751
False,3938
False,422289
False,569103
False,154955
False,182642
False,203969
False,187675
False,374333
False,8532
False,120199
False,347612
False,186868
False,491611
False,418440
False,315001
False,321448
False,91063
False,18072
False,489728
False,499255
False,190441
False,184355
False,178319
True,330920
False,247469
False,67871
False,87399
False,413799
False,564287
False,22671
False,428530
False,22256
False,321119
False,396550
False,119120
False,52086
False,452003
False,83033
False,35146
False,552330
False,107001
False,494283
False,84592
False,169262
False,125689
True,226617
False,578307
False,543754
False,253095
False,329319
False,176873
False,58070
False,189983
False,127192
False,313928
False,93838
True,380351
False,396882
False,237869
False,393995
True,423113
False,95812
False,547147
False,301403
False,578702
False,292387
False,196977
False,189260
True,447130
False,414244
True,485212
False,339006
False,90962
False,397064
False,191456
False,94119
False,307449
False,514527
False,150455
False,19247
False,171467
False,326550
False,14921
False,506568
False,111799
False,285588
False,462664
False,489998
False,111705
False,316073
False,268897
False,214022
False,516043
False,284089
False,410576
False,70987
False,422502
False,19253
False,203151
False,38828
False,2849
False,373409
False,433825
False,403821
False,202086
False,431378
False,288685
False,9648
True,496127
False,145127
False,486845
False,64439
False,511763
False,490629
False,255482
True,230819
False,118306
False,530869
False,227517
False,183268
False,551359
False,308950
True,192513
False,243734
False,544738
False,496943
True,451879
False,44677
False,509087
False,546869
False,538398
False,552092
False,469913
True,422211
True,471762
False,73688
False,254150
False,186422
False,508840
False,401299
False,511341
False,462536
False,320111
False,227526
False,301467
False,258243
False,285299
False,565149
False,286606
False,244476
False,103806
False,141519
False,270102
False,173812
False,500649
False,176408
False,307266
False,385115
False,226270
False,30235
False,90349
False,411475
False,448352
False,233873
False,317797
False,181894
False,525212
False,524476
False,539767
False,242532
False,47229
False,113001
False,244293
False,442735
False,65213
False,311550
False,178578
False,85817
False,503015
False,226559
False,292734
False,544121
False,212976
False,191005
False,554145
False,497953
False,198042
False,275335
False,148614
False,481663
False,549400
False,447709
False,236539
False,321395
False,168874
False,326071
False,141352
False,333842
False,393638
False,377703
False,532530
False,540890
False,274409
False,425712
False,548773
False,93766
False,421762
False,386778
True,451155
False,142896
False,393178
False,382552
False,401054
False,236725
True,74651
False,485462
False,159456
False,61171
False,364491
False,454622
False,426656
False,207205
False,268941
False,97283
False,187354
False,304866
False,425361
False,30203
False,576816
True,474024
False,512879
False,9898
False,158428
False,460950
True,560890
False,160037
False,187537
False,486114
False,400803
False,318175
False,546016
False,322762
False,158326
False,390056
False,98641
False,540848
False,529871
False,278706
False,418385
False,471822
False,55467
False,6053
False,441287
False,204690
False,230422
True,302155
False,391933
False,104612
False,495608
False,539874
False,453133
False,450903
False,208433
False,168127
False,445906
False,282889
False,515102
False,252214
False,300881
False,431557
False,535573
False,66556
False,356299
False,245315
False,238427
False,18888
False,224193
False,156405
False,149052
False,542
False,144273
False,358085
False,551663
False,330241
False,141494
False,321059
False,36693
False,454959
False,203034
False,537907
False,363624
False,250075
False,216963
False,434587
False,262884
False,306811
False,324697
False,64537
False,492545
False,154424
False,345630
False,492886
False,223130
False,507876
False,187752
False,130030
False,413522
False,390120
False,195425
False,438667
False,508672
False,473254
False,313260
False,426146
True,474190
False,461428
False,459058
False,381991
False,342186
False,118837
False,187728
False,413278
False,89703
False,355450
False,576749
False,176978
False,360485
False,41920
False,426282
False,69194
False,209957
False,352418
False,19499
False,167235
False,245431
False,37823
False,95027
False,105921
False,574955
False,237399
False,66413
False,69401
False,209851
False,453164
False,412566
False,323919
False,276584
False,215488
False,145488
False,173574
False,421735
False,153074
True,91751
False,234352
False,96161
False,121174
False,291788
True,30888
False,352236
False,382973
False,424705
False,321601
False,293805
False,328628
False,371472
False,458123
False,199962
False,80987
False,128072
False,545944
False,438968
False,158088
False,356358
False,15175
False,135576
False,370678
False,310175
False,142620
False,54001
False,1098
False,87230
False,533807
False,88770
True,110877
False,525587
False,115087
False,202960
False,156510
False,530394
False,546527
False,445675
False,241325
False,82091
False,467705
False,365218
False,358103
False,453321
False,553586
False,550395
False,187897
False,77855
False,51643
False,380920
False,6753
False,555590
False,56652
False,345216
False,570586
False,66696
False,478781
False,60778
False,221213
False,371330
False,250351
False,40987
False,101189
False,571499
False,148531
False,29482
False,444664
False,74100
False,308575
True,183872
False,247348
True,200296
False,323397
True,114282
False,528446
False,455974
False,551900
False,404905
False,202617
False,440766
True,280062
False,163128
False,294892
False,44723
False,448849
False,525568
False,98867
False,88448
False,203835
False,29911
False,575643
False,315864
False,300399
False,141922
False,207323
True,61233
False,67616
False,382850
False,29154
False,156928
False,441440
False,5684
False,563961
False,395187
False,194806
False,325629
False,345136
False,435009
False,208357
False,254357
False,146169
False,531049
False,147278
False,471680
False,492566
False,315378
False,414178
False,357829
False,113593
False,162032
False,425721
False,105987
False,194414
False,351262
False,415203
False,551896
False,208473
False,141302
False,448175
False,210794
False,83331
False,569678
False,434069
False,212438
False,25453
False,266622
False,225210
False,37727
False,123071
False,470882
False,16039
False,154804
False,152328
False,457822
False,446521
False,51887
False,397383
False,235404
False,127632
False,365947
False,371534
False,476607
False,563764
False,173652
False,513891
False,565884
False,522443
False,537188
True,394286
False,155199
False,31625
False,103122
False,371004
False,86334
False,429761
False,84168
False,166124
False,468190
False,285260
False,549063
False,165160
False,88635
False,284336
False,144049
False,549338
False,532963
False,135878
False,331503
False,8603
False,506736
False,101476
False,99421
False,142924
False,5256
False,428605
False,149676
False,119551
True,431136
False,173640
False,349129
False,426083
False,285217
False,320425
False,552075
False,262819
False,109848
False,286939
False,446517
False,374796
False,377867
False,154884
False,310958
False,489052
False,312679
False,482049
False,473922
False,258927
False,115331
False,267351
False,109797
False,350860
False,566646
False,468783
False,92002
False,526568
False,336489
False,162250
False,281575
False,487159
False,207833
False,25886
False,289795
False,86811
False,320180
False,185902
False,201758
False,480212
False,190052
False,448401
False,122458
False,428234
False,170390
False,433101
False,466263
False,340734
False,119418
False,304889
False,368982
False,281567
False,59194
False,121052
False,543060
True,262414
False,131225
False,243558
False,404297
False,386313
False,319283
False,372161
False,203521
False,568508
False,491659
False,392851
False,130432
False,72463
False,300887
False,65737
False,95422
False,67917
False,203859
False,263456
False,293090
False,227456
False,575971
False,57213
False,108668
False,262609
False,424959
False,418854
False,34811
False,377561
False,567957
False,224632
False,173401
False,548174
False,177470
False,333818
False,149117
False,127092
False,60858
False,20765
False,493428
True,509695
False,157617
False,549804
False,364203
False,56738
False,538701
False,505093
False,301431
False,224505
True,7627
True,474955
False,91451
False,319266
False,500740
False,549713
False,551206
False,226048
False,307967
False,155546
False,203858
False,474601
False,292324
False,282671
False,492580
False,48226
False,44719
False,478056
False,411844
False,199572
False,406560
False,321242
False,191159
False,404236
False,413634
False,350299
False,99453
False,492137
False,36942
False,219457
False,134650
False,299026
False,278238
False,545849
False,352410
False,541018
False,92198
True,60775
False,69140
False,396004
False,492037
False,527025
False,133229
False,227441
False,27157
False,104081
False,442672
False,263006
True,298380
False,468346
False,252188
False,217591
False,555653
False,179034
False,157424
False,154425
False,499763
False,285421
True,71124
False,315905
False,302787
False,432058
False,55184
False,7816
False,126059
False,147132
False,490680
False,288117
False,374707
False,89829
False,389392
False,497375
False,165742
False,513850
False,227231
False,460312
False,312961
False,13525
False,315487
False,59361
False,526980
False,534791
False,313155
False,383158
False,205221
False,42541
False,56729
False,445515
False,109816
False,305687
False,119114
False,114147
False,556613
False,443875
False,43150
False,487659
False,524694
False,191577
False,113408
False,209808
False,111830
False,13729
False,460459
False,411188
False,522687
True,298586
False,476624
False,360673
False,206627
False,10008
False,271736
False,371427
False,358231
False,551486
False,121351
False,183112
False,561436
False,300142
False,489046
False,174500
False,546691
False,376907
False,574250
False,99129
False,194167
False,137382
False,279386
False,483469
False,337662
False,556817
False,388658
False,240648
False,235029
False,5529
False,505486
False,535318
False,50232
False,83601
False,150225
False,481732
False,105756
False,321217
False,111341
False,243957
False,254183
False,427888
False,293592
False,307435
False,462677
False,229133
False,370261
False,327575
False,51434
False,421578
False,101069
False,196839
False,39516
False,275038
False,459770
False,535579
False,173680
False,566193
False,512648
False,468340
False,311395
False,427443
False,499799
False,53957
False,167642
False,229647
False,391828
False,45941
False,330604
False,132188
False,156533
False,468394
False,276066
False,532933
False,135171
False,578545
False,125317
True,221172
False,25401
False,202880
False,208805
False,54664
False,472396
False,186699
False,368206
False,418473
False,509698
False,563655
False,321169
False,430335
False,61314
False,367367
False,417142
False,76572
False,5005
False,38079
False,308463
False,527299
False,427649
False,546193
False,421542
False,413975
False,53778
False,300622
False,426038
False,432637
False,282208
False,468503
False,443702
False,357015
False,228844
False,281634
False,42320
False,410934
False,532398
False,119276
False,558599
False,566575
False,533342
False,460092
False,122937
False,64599
True,535282
False,283208
False,54758
False,411941
False,468993
False,141760
False,127202
False,42568
False,107922
False,427362
False,2349
False,100396
False,139658
False,560347
False,278962
False,117525
False,276895
False,345725
False,341006
False,216827
False,516634
False,379645
False,139304
False,252745
False,245682
True,434357
False,459346
False,527972
False,406420
False,518303
False,139796
False,448698
False,162898
False,202436
False,278174
False,223319
False,392556
False,356810
False,118694
True,479683
False,414340
False,18507
False,375760
False,303133
False,125700
False,388031
False,185993
False,255471
False,497522
False,580591
False,573714
False,173258
False,347276
False,59080
True,52314
False,257414
False,379409
False,430850
False,250564
False,515296
False,440361
False,512948
False,375169
False,535506
False,553968
False,7852
False,446470
False,463168
False,573312
False,86676
False,134213
False,114920
False,209346
False,253229
False,525932
True,318444
False,340478
False,253732
False,563342
False,438103
False,397513
False,439241
False,35696
False,139214
False,375347
False,305609
False,164493
False,25237
False,419281
False,412442
False,161463
False,379584
False,148411
False,266026
False,148910
False,468243
False,265023
False,511136
False,502466
False,145460
False,439758
False,433921
False,85518
False,411111
False,210520
False,323737
False,358915
False,577355
False,185954
False,570143
False,380142
True,535899
False,328454
False,528748
False,568654
False,49378
False,460118
False,254414
False,294937
False,146813
False,403535
False,194299
False,148969
False,184030
False,11613
False,195153
False,479168
False,150196
False,8629
False,15895
False,69777
False,296137
False,495435
False,447337
False,85682
False,231310
False,180336
False,119760
False,52281
False,224971
False,46432
False,490890
False,437893
True,382263
False,97156
False,455588
False,60394
False,196355
False,354045
False,456931
False,340922
False,446801
True,118171
False,290875
False,416684
False,15725
False,580142
False,119669
False,358841
False,81200
False,149429
False,56187
False,389180
False,549729
False,434139
True,471756
False,28995
False,121749
False,515809
False,551164
False,186933
False,452500
False,288259
False,354661
False,444202
False,82957
False,49573
False,332923
False,270688
False,209322
False,69003
False,517601
False,216244
False,340964
False,198921
False,47638
False,576789
False,35547
False,464237
False,358707
False,250127
False,394793
True,435479
False,495040
False,326056
True,396754
False,296205
False,325799
False,38055
False,189388
False,115159
False,195343
False,355968
False,34039
False,496897
False,124747
False,480464
False,71159
False,391117
False,231851
False,345476
False,213809
False,551023
False,207775
False,467925
False,250789
False,184568
False,145794
False,580274
False,113211
False,86329
False,241204
False,84529
False,462082
False,413951
False,334858
False,158018
False,541556
False,407216
False,338169
False,456328
False,494552
False,102910
True,404823
False,424138
False,457204
False,280480
False,508602
False,34080
False,42314
False,182127
False,138413
False,16848
False,378655
False,80043
False,546620
False,118188
False,64809
False,414887
False,508403
False,531854
False,63275
False,197427
False,162767
True,400528
False,82198
False,526196
False,92054
False,56650
False,15772
False,209261
False,490222
False,456638
False,511642
False,535655
False,465412
False,461908
False,533532
False,362769
False,104724
False,33444
False,573479
False,285740
False,281080
False,348838
False,411399
False,145793
False,351729
False,153394
False,563683
False,395758
False,492502
True,440358
False,431984
False,427633
False,504813
False,427449
False,58619
False,166504
False,573349
False,149849
False,3517
False,232054
False,187887
False,352861
False,84674
False,70794
False,274291
False,223892
False,482158
False,225634
True,174504
True,78062
False,478859
True,166716
False,97563
False,55516
False,474471
False,471097
False,350070
False,143767
False,217339
False,306313
False,245978
False,242467
False,273760
False,26025
False,60400
False,547155
False,183982
False,176085
False,307980
False,319117
False,368780
False,65239
False,302514
False,458092
False,276853
False,382466
False,140115
False,304099
False,88136
False,243845
False,515457
True,45128
False,397938
False,156090
False,360610
False,162230
False,264663
False,342808
False,431570
False,20820
False,78836
False,506782
False,277710
False,444010
True,428046
False,441358
False,8649
False,466499
False,531395
False,213623
False,231272
False,408564
False,57088
False,492851
False,174213
False,496583
False,145078
True,555582
False,231267
False,328599
False,577940
False,576047
False,283141
False,100753
False,81735
False,52383
False,442205
False,571791
False,158823
False,139472
False,231812
False,275869
False,492131
False,257566
False,428161
False,390182
False,486123
False,225054
False,227843
False,473503
False,15652
False,503717
False,433029
False,122923
False,172327
False,23015
False,555602
False,203765
False,289523
False,135920
False,515829
False,573001
False,146824
False,459537
False,417143
False,408930
False,362319
False,448623
False,71989
False,158563
False,84886
False,375140
False,329141
False,214608
False,245895
False,100583
False,207671
False,163273
False,100812
False,140087
False,496106
False,378846
True,190950
False,298788
False,266827
False,483899
False,271441
False,389582
False,274216
False,293130
False,548390
False,96070
False,357095
False,412857
True,457033
False,157986
False,129485
False,528432
False,537964
False,104310
False,184709
False,475693
False,542699
False,477920
False,650
False,403675
False,165451
False,461787
True,534637
False,310807
False,369869
False,286632
False,495609
False,151900
False,128369
False,40399
False,99540
False,40071
False,117308
False,20133
False,455020
False,71845
False,386786
False,431825
False,405621
False,421616
False,158201
False,515072
False,336309
False,181888
False,316089
False,274977
False,427083
False,562241
False,87328
False,458424
True,562596
False,554032
False,243304
False,387318
False,114822
True,195829
False,330515
False,36151
False,459374
False,264957
False,573963
False,177101
False,378071
False,136142
False,483836
False,371588
False,75477
False,184822
False,570773
False,217948
False,368154
False,454478
False,171026
False,529745
False,313213
False,90925
False,209066
False,120356
False,551794
True,17450
False,247110
False,242361
False,52250
False,443926
False,319517
False,427129
False,212587
False,130527
False,538359
False,454814
False,552467
False,205875
False,356959
False,157125
False,174402
False,296191
False,193925
False,161503
False,363117
False,323612
False,180806
False,148931
False,471566
False,94718
False,224224
False,283881
False,574166
False,527163
False,285851
False,118447
False,321234
False,449066
False,80982
False,357865
False,187098
False,374595
False,188062
False,219423
False,304924
False,293741
False,577959
False,176728
False,269364
False,445726
False,263866
False,401286
False,110395
False,477442
False,51027
False,17166
False,577122
False,505489
False,179019
False,125228
False,148551
False,26362
False,491737
False,215907
False,450800
False,177809
False,241720
False,396977
False,292394
False,59973
False,315631
False,324496
False,572675
False,451196
False,319487
False,181169
False,381106
False,196368
False,502724
False,416864
False,244578
True,102669
False,227236
False,1501
False,225184
False,471839
False,209185
False,233580
False,349017
False,73733
False,365611
False,386164
False,477335
False,277379
False,179214
False,561151
False,451352
False,388847
False,246323
False,481504
False,100238
False,556748
False,209906
False,757
False,508805
False,303637
False,206400
False,125840
False,290378
False,138069
False,560934
False,410711
False,19351
False,240960
False,85397
False,577421
False,167892
False,464927
False,226267
False,388960
False,375521
False,427643
False,262690
False,346589
False,480467
False,128258
False,540626
False,501972
True,348076
False,114710
False,538776
False,288169
False,43919
False,495992
False,487602
False,125273
False,353274
False,117719
False,357498
False,145161
False,288435
False,331998
False,147733
False,193050
False,274108
False,308459
False,429207
False,493603
False,101330
False,322831
False,473891
False,34933
False,578324
False,443074
False,255577
False,189794
False,445388
True,515367
False,470746
False,133426
False,506199
False,187063
False,197199
False,423356
False,549194
False,311232
False,281161
False,552247
False,532753
False,552656
False,230712
False,43494
False,14622
False,240298
False,250920
False,245638
False,379064
False,295336
False,128602
False,230061
False,119521
False,107244
True,219663
False,139758
False,315467
False,458178
False,274058
True,284691
False,406857
False,51533
False,394008
False,52357
False,348091
False,548339
False,488406
True,383454
False,391940
False,188225
False,213904
False,91909
True,252220
False,291280
False,380227
False,393127
False,98693
False,494870
False,81942
False,493067
False,492970
False,231062
False,342703
False,481553
False,154907
False,163263
False,558576
False,200839
False,569414
False,104044
False,334328
False,394766
True,559194
False,93842
False,32105
False,306988
False,348941
False,544122
False,406445
False,318442
True,244825
False,567764
False,91474
False,536540
False,419879
False,558886
False,273046
False,525904
False,2471
False,534941
False,59406
False,40911
True,408049
False,198508
False,379767
False,68717
False,223671
False,107157
False,410597
False,495116
False,28110
False,2894
False,403184
False,421145
False,306499
False,166092
False,272901
False,84253
False,319863
False,120644
False,197941
True,419212
False,351967
True,561190
False,455355
False,300380
False,99405
False,70344
False,55090
False,110507
False,301575
False,456176
False,460982
False,251717
False,246815
False,273294
False,238223
True,29879
False,392358
False,509364
False,240046
False,58407
False,327073
False,364032
False,502253
False,222863
True,535668
False,460145
False,404877
False,53425
False,562162
False,416117
False,82359
False,510900
False,292927
False,135037
False,237098
False,354291
False,203483
False,575164
False,485984
False,51774
False,79217
False,499125
False,484948
False,214733
True,273879
False,204384
False,545214
False,480438
False,559707
False,503051
False,372959
False,282670
False,43506
False,490871
False,489978
True,460115
False,423187
True,174603
False,243316
False,335885
False,11766
False,65207
False,564465
False,110762
True,527868
False,189888
False,179318
True,264424
False,125639
False,101906
False,373904
False,487851
False,491653
False,306544
False,546065
False,293368
False,77686
False,367142
False,365728
False,439621
False,84706
False,18157
False,341794
False,225607
False,422336
False,135566
False,439619
False,435309
False,299380
False,433631
False,575209
False,372201
False,162346
False,101559
False,47177
False,294581
False,56624
True,353666
False,273582
False,540193
False,110673
False,554066
False,38817
False,440614
False,503779
False,516012
False,434145
False,248771
False,277749
False,19675
False,375680
False,291260
False,493812
False,548323
False,286654
False,250345
False,277055
False,3501
False,187959
False,53351
False,485913
False,110417
False,51938
False,226825
False,536730
False,313792
False,192692
False,280765
False,244367
False,52094
False,197350
False,490259
False,266436
False,139967
False,441500
False,23199
False,269973
False,503599
False,314426
False,178982
False,547130
False,569177
False,464616
False,401393
False,161328
False,504165
False,383652
False,40187
False,292346
False,93672
False,358198
False,23096
False,435322
True,357228
False,503460
False,361506
False,183372
False,527752
False,110611
True,279716
False,527038
False,573456
False,85700
False,409181
False,472519
False,489940
False,420589
False,263859
False,478320
False,472762
False,130181
False,464935
False,40064
False,96351
False,63566
False,107609
False,95337
False,576253
False,297844
False,83960
False,528275
False,554241
False,379743
False,182629
False,132316
True,234889
False,51260
False,397815
False,488476
False,254983
False,298596
False,160226
False,7566
False,496541
False,114035
True,427135
False,47659
False,377730
False,345074
False,134430
False,497464
False,431481
False,44901
True,198105
False,143744
False,105335
False,552927
False,79528
False,356869
False,283441
False,180179
False,97646
False,284765
False,104389
False,93894
False,317840
False,322064
False,485955
False,310516
False,552389
False,505553
False,11856
False,516623
False,268008
False,454577
False,332782
False,305050
False,365237
False,392068
False,311412
False,421893
False,567837
False,218648
False,423943
False,136332
False,80275
False,478204
False,486488
False,550960
False,384679
False,206512
False,205781
False,163965
False,45653
False,501624
False,9007
False,48284
False,244923
False,14845
False,221659
False,60378
False,100863
False,414675
False,436435
False,162989
False,178948
False,341929
False,388980
False,355881
False,469139
False,222370
False,40478
False,185962
False,491400
False,372775
False,410960
False,391588
False,244005
False,554643
False,175020
False,577028
False,95659
False,418894
False,123413
False,400602
False,147060
False,489442
False,221814
False,157486
False,162411
False,244074
False,405604
False,53410
False,258364
False,349101
False,573067
False,67527
False,542643
False,326684
False,570756
False,217226
False,269199
False,527615
False,183597
False,433941
False,575652
False,234554
False,464781
False,281815
False,126825
False,550007
False,275015
False,142225
False,333557
False,548593
False,149566
False,576855
False,297415
False,450584
False,560262
False,470907
False,457924
False,55121
False,242631
False,225363
True,231714
False,403271
False,457668
False,366630
False,468844
False,123136
False,364341
False,117884
False,170917
False,172091
False,330256
False,372902
False,355092
True,66676
False,500514
True,169996
False,19581
False,476298
False,547962
False,1323
False,492321
False,499336
False,64030
True,378906
False,108075
False,95940
False,446626
False,448115
False,20485
False,191240
False,334327
False,19435
False,289019
False,251211
False,267048
False,466522
False,400430
False,320150
False,86555
False,101418
True,133386
False,225750
False,345541
False,446249
False,226896
False,412525
False,97782
False,377592
False,175500
False,22880
False,79154
False,57885
False,449310
False,202963
False,460998
False,496953
False,126822
False,9553
False,43210
False,432762
False,312204
True,416267
False,457893
False,399878
False,194108
False,400298
False,323515
False,317768
False,337167
False,150636
False,350686
True,253121
False,319412
False,458583
True,94570
False,207059
False,433625
False,375980
False,298473
False,265378
False,235147
False,368736
False,165231
False,570719
False,558287
False,16206
False,331289
False,84383
False,577076
False,56036
False,1090
False,294098
False,68623
False,337976
False,428691
False,446894
False,579735
False,127454
False,32992
False,450864
True,220638
False,80084
False,548363
False,13356
False,438481
False,104691
False,564631
False,487385
False,380070
False,164830
False,151783
False,406798
False,270586
False,319401
False,67439
False,348935
False,189765
False,338030
False,157771
False,155380
False,120108
False,88257
False,456908
False,223746
False,469936
False,351829
False,147574
False,269680
False,357220
False,145260
False,441240
False,446937
False,213539
False,32295
True,85048
False,341247
False,417249
False,58431
False,556524
False,579751
False,82901
False,577879
False,16716
False,79824
False,126688
True,483066
False,88080
True,306128
False,44600
False,474545
False,517702
False,12370
True,263073
True,69757
False,227845
False,244122
False,444399
False,30775
False,503250
False,135032
False,203976
False,90341
False,487279
False,2281
False,320523
False,574392
False,420303
False,144115
False,280363
False,50624
False,11316
False,219527
False,333126
False,40866
False,194288
False,511062
False,538058
False,197296
False,572069
False,437517
False,227484
False,347796
False,473204
False,444649
False,48384
False,572354
False,104150
False,274591
False,533536
False,457243
False,401721
False,433472
False,166489
False,286720
False,439992
False,110045
False,335787
False,23250
False,570852
False,579982
False,352264
False,144505
False,194862
False,554328
False,365034
False,383250
False,148184
False,404753
False,103815
False,430643
False,61946
False,9987
False,146907
False,438910
False,18450
False,234006
False,18078
False,111017
False,292232
False,143841
False,542866
False,127309
False,553863
False,352288
False,555318
False,177922
False,227428
True,236611
False,332931
False,35927
False,289894
False,389844
False,297620
False,319685
False,77270
False,368044
False,157238
False,549324
False,461488
False,68881
False,196506
False,60610
False,540577
False,367553
False,152751
False,196365
False,33742
False,384967
False,136111
False,244421
False,80371
False,394691
False,380827
False,59960
False,462602
False,345353
False,412400
False,106038
False,265826
True,441795
False,427732
False,134037
False,72715
False,181542
False,360269
False,42644
False,169389
False,289460
False,28655
False,125503
False,130624
False,122352
False,390864
False,316826
False,121716
False,313644
True,409572
False,499274
False,80619
False,451803
False,295828
False,352748
False,242679
False,350837
False,65166
False,339498
True,330955
False,157593
False,327771
False,363847
False,487225
False,348791
False,207584
True,271385
False,13524
False,91617
False,293372
False,320308
False,248925
False,225490
False,383760
False,189893
False,135122
False,577817
False,47087
False,65329
False,382905
False,382503
True,191093
False,529188
False,484300
False,246706
False,252133
False,190487
False,399152
False,43176
False,395292
False,154947
False,108156
False,238604
False,533222
False,168763
False,467082
False,345172
True,536028
False,421383
False,111955
False,340498
False,164502
False,382307
False,327623
False,134028
False,99580
False,572665
False,460254
False,211198
False,369771
False,498960
False,342643
False,203429
False,270297
False,252132
False,405215
True,357335
False,179476
False,373679
False,75778
False,488571
False,7890
False,284406
False,206841
False,95079
False,470975
False,500468
False,228392
False,142428
False,277406
False,193318
False,31333
False,418346
False,417487
False,507168
False,277334
False,129262
False,283144
False,60190
False,385931
False,496342
False,175715
False,336621
False,157181
False,304735
False,470951
False,426418
False,504289
False,252699
False,327610
False,459942
False,119581
False,5277
False,456972
False,365115
False,384793
False,55764
False,159066
False,118432
False,106243
False,452014
False,383733
False,138921
False,81845
False,74001
False,156682
False,331790
False,181030
False,74461
False,306373
False,80187
False,498836
False,171845
False,463751
False,10495
False,29732
False,203955
True,230877
False,145318
False,167003
False,448368
False,506821
False,273188
False,576001
False,414999
False,374374
False,437481
True,111873
False,86988
False,459694
False,233075
False,273712
False,475447
False,146725
False,119596
False,192642
True,43829
False,147961
False,375500
False,329932
False,108223
False,100500
False,14941
False,255115
True,71713
False,398616
False,459967
False,223718
False,410599
False,508555
False,540203
False,629
False,561406
False,459
False,365614
False,72601
False,400045
False,413008
False,536884
False,568788
False,255808
False,443343
False,107661
True,292647
False,541004
False,61515
False,179682
False,548107
False,427306
False,503961
True,221609
False,455657
False,281194
False,265008
False,245483
False,581655
False,360566
False,577821
False,98841
False,416013
False,31519
False,471567
False,503089
False,405021
False,30647
False,428778
False,398604
False,105786
False,289332
False,33157
False,507434
False,252956
True,127810
False,79806
False,33917
False,292876
True,336645
False,472103
False,124532
False,545334
False,556660
False,452706
False,363853
False,174171
False,69312
False,499372
False,171287
False,239980
False,568432
False,524471
False,147398
False,436578
False,216319
False,449904
False,20465
False,100449
False,478906
False,124711
False,417573
False,223020
False,169172
False,301766
False,185599
False,294942
False,145211
False,264233
False,254726
False,478212
False,78477
False,353175
False,72746
False,498537
False,23251
False,564958
False,468373
False,139594
False,232689
False,451440
False,128022
False,84352
False,84174
False,85632
False,293586
False,383390
False,451104
False,402992
False,7953
False,323104
False,209533
False,76804
False,333106
False,527618
False,353495
False,567294
True,26427
False,448843
False,76476
False,396851
False,229233
False,423222
False,425548
False,235380
False,112272
False,73096
False,386291
False,358312
False,356771
True,8553
False,406676
False,21294
False,476380
False,366907
False,169035
False,139660
False,176440
False,333509
False,225829
False,109123
False,125693
False,485188
False,404237
False,84803
False,56519
False,23444
False,329667
False,551334
False,348204
False,268215
False,566849
False,463327
False,354725
False,13144
False,319914
False,150559
False,298395
True,185127
False,332502
False,240441
False,469816
False,465220
True,349203
False,13121
False,190271
False,117275
False,186684
False,580851
True,94026
True,572965
False,23579
False,103380
False,141603
False,76866
False,337991
False,143992
False,488658
False,545950
False,141652
False,132331
False,233932
False,496430
False,464875
False,329034
False,352491
False,80000
False,561199
False,512110
True,235479
False,342797
False,451033
False,9656
False,324316
False,10041
False,304092
False,54071
False,66816
False,334011
False,370391
False,91784
False,449942
False,30486
False,444866
False,208082
False,281028
False,381221
False,76178
False,474402
False,578597
False,424370
False,382413
False,222015
False,9983
False,41638
False,448786
False,567454
False,20962
False,395958
False,392664
False,373457
False,492774
False,505976
False,566126
False,489374
False,3320
False,267411
False,420971
True,201498
False,32597
False,189598
False,216042
False,99755
False,147894
False,274613
False,92935
False,304305
False,300712
False,44204
False,235876
False,478380
False,530266
False,568879
False,64822
False,270579
False,4442
False,288025
False,240706
False,6491
False,424998
False,446218
False,171733
False,396622
False,50354
False,379799
False,355575
False,455952
False,385186
False,384140
False,291286
False,127603
False,224688
False,110251
False,579667
False,560853
False,433446
False,209919
False,115967
False,451504
False,463944
False,526735
False,64578
False,176222
False,57548
False,91795
False,183236
False,412709
False,183197
False,437902
False,579679
False,427319
False,24990
False,313356
False,497096
True,501926
False,232574
False,313923
False,138153
False,237093
False,13132
False,577239
False,330086
False,191297
False,403716
False,564157
False,302252
False,557860
False,227134
False,439123
False,398489
True,552365
False,99856
False,110780
False,75023
False,545753
False,541092
False,40912
False,449256
False,360902
False,113481
False,435579
False,332432
False,109060
False,402683
False,228744
False,463883
False,221684
False,293723
False,504540
False,134177
True,41231
False,247121
False,486683
False,557254
True,360792
False,341309
True,5471
False,246156
False,445662
False,118806
False,216378
False,486193
False,186108
False,69523
True,360846
False,180324
False,236897
False,37367
False,50568
True,129886
False,209662
False,13979
False,507223
False,205531
False,557636
False,574792
False,403789
False,386711
False,492975
False,501661
False,191017
False,334453
False,575701
False,95908
True,30094
True,333629
True,331907
False,255006
False,306031
False,557610
False,58869
False,60202
False,467394
False,552272
False,419872
False,389964
False,427618
False,45464
False,401860
False,204728
False,105192
False,200162
False,107197
False,74502
False,526418
False,164565
False,571146
False,107767
False,130807
False,31470
False,571925
False,470862
True,176091
False,467157
False,172556
False,561789
False,157618
False,382652
False,388466
False,66839
False,396793
False,401232
False,308120
False,320245
False,444183
False,578655
False,21826
True,207734
False,329126
False,338863
False,341635
True,530998
True,191226
False,203235
False,112688
False,419080
False,292158
False,385519
False,377809
False,115927
False,564015
False,515195
False,212247
False,222921
False,544780
False,364237
False,276549
False,380271
False,341838
False,43815
False,320550
False,559234
False,167968
False,514407
False,275938
False,170225
False,441253
False,242716
False,80337
True,361245
False,434665
False,275902
False,487469
False,379180
False,14083
False,277918
False,48160
False,108897
False,551063
False,49037
False,517878
False,172834
False,19863
False,11299
True,375729
False,532673
False,380140
False,193879
False,192631
False,340894
False,424247
False,246166
False,81961
False,60602
False,579906
False,473541
True,505035
False,298170
False,427729
False,542751
False,284010
False,541077
False,572804
False,495568
False,571427
False,299326
False,140487
False,359085
False,366028
False,570956
False,246677
False,233642
False,201726
False,521914
False,144182
False,38753
False,369499
False,233558
False,482432
False,115055
False,454810
False,515309
False,90373
False,49248
True,503790
False,171050
False,72859
False,316595
False,202805
False,225654
False,215023
False,285357
False,70240
False,345847
True,194097
False,569314
False,265001
False,441313
False,23127
True,166255
False,75002
False,15567
False,407711
False,573632
False,113442
False,271574
False,173163
False,147482
False,147970
False,418173
False,212359
False,115132
False,404007
False,476011
False,238087
False,298981
False,394539
False,424668
False,6765
False,571034
False,525903
False,515717
False,180350
False,429620
False,10691
False,510730
False,9236
False,385805
True,446331
False,423693
False,55294
False,477120
False,275443
False,335299
False,333775
False,514483
False,83753
False,31050
False,324262
False,23051
False,75976
False,176891
False,139009
False,201145
False,577868
False,329543
False,95397
False,385464
False,152525
False,386847
False,12805
False,224395
False,94175
False,230996
False,461480
False,214468
False,373716
False,53989
False,444082
False,284873
False,374114
False,264365
False,168111
False,545833
False,231349
False,497494
True,535871
False,462426
False,458617
False,380729
False,416008
False,232181
True,266889
False,179480
False,566261
False,415724
False,557823
False,81592
False,577416
False,112816
False,82847
False,555022
False,538879
False,74456
False,270604
False,32817
False,176282
False,236267
False,545253
False,489062
False,102471
False,243044
False,552138
False,483041
False,138830
False,275542
False,83325
False,360564
False,356144
False,71441
False,266486
False,318840
False,404282
False,339129
False,1756
False,279838
False,471497
False,221095
False,1308
False,321013
False,508481
False,400538
False,193047
False,458240
False,92288
False,605
False,17105
False,297704
False,83624
False,528944
False,455756
False,317090
False,109412
False,514955
False,97201
False,356374
False,494721
False,505738
False,389624
True,497343
False,104844
False,102349
False,560137
True,494138
False,338132
False,218424
False,32809
False,78621
False,59895
False,232341
False,508861
False,344897
False,526767
False,400822
False,215523
False,445372
False,342293
False,561818
False,463783
False,414176
False,174522
False,122631
False,195297
False,175072
False,212672
False,542443
False,198289
False,562227
False,359687
False,560396
False,254407
False,188154
False,58111
False,500677
False,548742
False,43610
False,216044
False,209345
False,515727
False,279948
False,477853
False,441172
False,211175
False,189033
False,338987
False,299931
False,486315
False,492298
False,529954
False,391773
False,228316
False,143450
False,69512
False,512583
False,494518
False,362521
False,64086
False,450314
False,451843
False,29402
False,43936
False,558009
False,534314
False,370637
False,498403
False,9199
False,532686
False,234395
False,490400
False,322253
False,53458
False,179904
False,345531
False,371138
False,438550
False,59321
False,299794
False,248774
False,37001
False,538814
False,35008
False,79107
False,69009
False,15438
False,194903
False,93000
False,116854
False,165639
False,398936
False,208752
False,69816
False,557875
False,47434
False,494433
False,362677
False,154478
False,323368
False,490221
False,546029
False,429671
False,5934
False,219965
False,109351
True,232467
False,382890
False,414706
False,371174
False,503761
False,560898
False,577853
False,376362
False,392796
False,75006
False,494144
False,387202
False,167781
False,569069
False,208820
False,394468
False,139561
False,65012
False,16322
False,252216
False,319275
False,443940
False,198768
True,441459
False,464603
False,289059
True,381492
False,67445
False,423977
False,265145
False,365021
False,448969
False,84607
False,448061
False,25485
False,341431
False,568113
False,212063
False,206467
False,541472
False,439930
False,50602
False,90820
False,235189
False,317441
False,180609
True,117014
False,282328
False,200680
False,341033
False,6871
False,305287
False,106875
False,375201
False,547745
False,408151
False,412501
False,530592
False,154587
False,429074
False,210065
False,558587
True,180460
True,331702
False,433055
False,313517
False,153697
False,225604
False,432276
False,420389
False,365282
False,372764
False,352814
False,146348
False,335336
False,516158
False,578766
True,413073
False,264735
False,74925
False,82998
False,263474
False,571774
False,207715
False,42578
False,570742
False,578294
True,137274
False,17409
False,180442
False,160483
False,282590
False,356888
False,227337
False,287527
False,102555
False,373333
True,265930
False,131011
False,408016
False,434270
False,500233
False,376153
False,185225
False,451597
False,239174
False,541782
False,156221
False,53275
False,428754
False,422452
False,85338
False,445812
False,78042
False,201722
False,327367
False,28463
False,370170
False,265971
False,535952
False,494579
False,349621
False,36548
False,157989
False,6749
False,332316
False,391810
False,65156
False,559958
False,309633
False,333095
False,320808
False,21981
False,198561
False,420221
False,451768
False,379713
False,75590
False,432604
False,200391
False,459190
False,176324
False,143168
False,164793
False,444173
False,67106
False,547036
False,16980
False,16412
False,490081
False,166200
False,181947
False,118366
False,220678
False,233341
False,284088
False,189998
False,148707
False,385172
False,101882
False,372045
False,347570
False,470592
False,462138
False,102300
False,113787
False,80271
False,235152
False,277085
False,24609
False,444899
False,332875
False,424470
False,399162
False,242695
False,504057
False,63036
True,449914
False,12706
False,487333
False,458016
False,224114
False,369170
False,3093
False,312289
False,217720
False,514404
True,294962
False,422268
True,493923
False,503793
True,65456
False,149810
False,364400
False,361648
False,118918
False,457717
False,323020
False,67002
False,164564
False,498615
False,140762
False,340959
False,147025
False,437967
False,209275
False,578654
False,116480
False,179570
False,214067
False,556938
False,294371
False,153167
False,57481
False,59152
False,151138
False,16732
False,118529
False,46422
False,281943
False,111694
False,239337
False,433413
False,374369
True,127965
False,282186
False,74798
False,68238
False,297514
False,323950
False,150048
False,176721
False,361370
False,560311
False,414487
False,267289
False,247508
False,399841
False,421069
False,268433
False,478857
False,159392
False,575623
False,186493
False,124654
False,66243
False,143528
False,361071
False,181966
False,191382
False,514888
False,177652
False,394698
False,297138
True,77577
False,563301
True,505814
False,103855
False,312524
False,52543
False,188044
False,367433
False,157119
False,474464
False,268418
False,80404
False,438187
False,137564
False,243912
False,388309
False,573931
False,391774
False,246327
False,444336
False,528786
False,209418
False,511436
False,85101
False,569672
False,192809
False,152385
False,552163
False,120499
False,578737
False,473573
False,105647
False,478031
False,366598
False,30114
False,429829
False,392546
False,305014
False,553498
False,327332
True,551957
False,231028
False,317690
False,488240
False,5107
False,222506
True,130699
False,310870
False,273688
True,213403
False,312800
False,528148
False,244862
True,263355
False,42144
False,326454
False,161919
False,438753
False,336600
False,418811
False,572734
False,249382
False,218701
False,185579
False,310875
False,26129
False,499627
False,251818
False,393145
False,238001
False,262466
False,115459
False,73061
False,12319
False,237922
False,10903
False,327263
False,75359
False,333434
False,458313
False,564292
False,312352
False,522393
False,422328
False,536786
False,147547
False,347876
True,17776
False,579700
False,137045
False,91326
True,445908
True,242133
False,69625
False,335656
False,369872
False,476851
False,109277
False,164909
False,129129
False,219158
False,267290
True,398433
False,78372
False,147498
False,122869
False,292467
False,161578
True,18704
False,319714
False,399835
False,155219
False,566828
False,129509
False,579213
False,398309
False,47175
False,180667
False,475236
True,560388
False,26443
False,2931
False,178053
False,502620
False,136093
False,357003
False,396611
False,401041
False,380714
False,119868
False,21394
False,126601
True,561809
False,573969
False,128842
False,325710
False,61159
False,414680
False,168287
False,447633
False,464558
False,251897
False,295420
False,112363
False,200202
False,216279
False,72969
False,95517
False,566135
False,181922
False,251167
False,374505
False,50948
False,248268
False,123579
False,561006
False,438514
False,418372
False,88723
False,530743
False,335839
True,33104
False,43776
False,538742
False,341348
False,470411
True,397777
False,481856
False,556158
False,4574
False,111992
False,436295
False,370406
False,491061
False,484158
False,265908
False,281758
False,366435
False,303148
False,364993
False,38791
False,383987
False,390840
False,239586
False,516740
False,67961
False,245823
False,540471
False,262418
False,571198
False,463496
False,553969
False,391525
False,381128
False,140328
False,367100
False,347168
False,482696
False,466097
False,254387
False,387595
False,461434
False,566049
False,461389
False,554524
False,315705
False,262617
False,227733
False,174303
False,388853
False,395364
False,427835
False,100140
False,481971
False,242885
False,1722
False,168218
False,336658
False,235902
False,71631
False,361939
False,573146
False,407115
False,476660
False,284014
False,548464
False,334561
False,548223
False,174028
False,181139
False,370369
False,277470
False,501739
False,194313
False,179039
False,265777
False,372536
False,215819
False,325306
False,553402
False,553150
False,458752
False,357800
False,500657
False,2270
False,168387
False,511527
False,305371
True,283678
False,462406
False,6701
False,130225
False,468996
False,61953
True,350204
False,393159
False,462643
False,142034
False,153123
False,248251
False,541299
False,92067
False,556542
False,70491
False,3076
False,283818
False,66096
False,19388
False,170012
False,117899
False,499537
False,177366
False,22759
False,545992
True,490923
False,305876
False,307970
False,63552
False,215855
True,4876
False,92353
False,550063
False,516633
False,574942
False,445915
False,548523
False,241522
False,17345
False,366753
False,140044
False,417089
False,274978
False,83614
False,249905
False,512902
False,383448
False,415026
False,285023
False,496424
False,402000
False,225383
False,34196
False,498931
False,230050
False,23570
False,485131
False,509132
False,184903
False,690
False,98143
False,43971
False,253827
False,113654
False,375196
False,425497
False,188824
False,403329
False,506039
False,174773
False,266099
False,425398
False,433331
False,148394
True,177856
False,424711
False,273120
False,545160
False,255044
False,410946
False,333738
False,556638
False,143420
False,129599
False,257391
False,415135
False,546584
False,32626
False,362714
False,26430
False,64899
False,373305
False,131211
False,288114
False,299776
False,413510
False,440334
False,300903
False,466822
False,133707
False,70688
False,302886
False,472224
False,546140
False,412868
False,148458
False,445759
False,280169
False,383937
False,255746
False,120987
False,539705
True,495476
False,278045
False,302313
False,170975
False,167908
False,224199
False,513646
False,251360
False,31454
False,476029
False,508514
False,139831
False,252940
False,383065
False,116887
False,519688
False,199346
False,201389
False,106830
False,462404
False,448492
False,551227
False,127576
False,352061
False,124141
False,162200
False,459465
False,395998
False,526103
False,371939
False,122954
False,384348
True,289474
False,18424
False,150300
False,206933
False,433484
False,553040
False,386111
False,292639
False,546447
True,351557
False,227599
False,238201
False,520832
False,441614
True,160735
False,122704
False,463355
False,311062
False,335003
False,289329
False,455877
True,557829
False,332459
False,380892
False,136299
False,471342
False,498493
False,532481
False,442667
False,505528
False,379766
False,123791
False,179615
False,516244
False,61559
False,182602
True,573795
False,426420
False,95427
False,515642
False,103348
False,541258
False,168505
False,336061
False,244334
False,271499
False,288654
False,30239
False,82879
False,279288
False,184315
False,66708
False,558822
False,451667
False,44464
True,549422
False,509807
False,500408
False,90753
False,316795
False,293899
False,347666
False,150652
False,8053
False,348805
False,482912
False,485113
False,215845
False,433262
False,485605
False,188819
False,483458
False,312536
False,39468
False,191212
False,65179
False,544322
False,23929
False,117555
False,378087
False,19924
False,33727
False,331496
False,26702
False,558044
True,549506
False,37358
False,54961
False,420308
False,178254
False,58057
False,512838
False,286100
False,494007
False,505661
False,527578
False,572316
False,499826
True,5376
False,557698
False,375053
False,467197
False,223496
False,402880
False,523811
False,280112
False,72429
False,573119
False,166127
False,267598
False,246852
False,456559
False,476279
False,286645
False,337384
False,411821
False,84155
False,430047
False,283858
False,303471
True,356394
False,69148
False,328327
True,454227
False,31993
False,581835
False,478404
False,90989
False,195179
False,382251
False,77870
False,29601
False,507921
False,228123
False,337707
False,121361
False,403739
False,220571
False,428301
False,333710
False,401720
False,386716
False,55206
False,449996
False,458946
False,92998
False,544261
False,62311
False,375232
False,152340
False,254198
False,145620
False,451206
True,482810
False,268909
False,166723
False,16765
False,342299
False,357584
False,332943
False,237215
False,192564
False,376811
False,460143
False,391842
False,199918
True,502805
False,331405
False,267624
False,490875
False,134673
False,494986
False,493822
False,203214
False,571938
False,59821
False,450587
False,457276
False,396193
False,49994
False,178538
False,488360
False,413879
False,502058
False,68179
False,38561
False,389453
False,232902
False,232277
False,396835
True,125632
False,515899
False,118109
False,285
False,90994
False,10046
False,335922
False,442026
False,178020
False,56013
False,39514
False,254078
False,203730
False,232648
False,353136
False,185258
False,459786
False,32708
False,425773
False,367107
False,321805
False,410712
False,337728
False,556240
False,105804
False,348654
False,513703
False,13574
False,52348
False,461189
False,466153
False,558551
False,330518
False,578236
False,536609
False,508612
False,12704
False,183719
False,326028
False,99537
False,65753
False,366724
False,164420
False,200870
False,284884
False,267338
False,321168
False,216237
False,313432
False,190117
False,551243
False,162813
False,461172
False,579648
False,372674
False,300245
False,348871
False,448627
False,126324
False,33764
False,468202
False,52498
False,459209
False,125374
False,568507
True,137993
False,177394
False,371839
False,175244
False,499147
False,326001
False,124796
False,154530
False,290305
False,515572
False,139344
False,68162
False,570179
False,574964
True,486404
False,187582
False,534259
True,1390
False,149615
False,81995
False,113606
False,341413
False,393228
False,389718
False,369751
False,544201
False,119199
False,31680
False,57593
False,422286
False,420529
False,111590
False,151094
False,60117
False,577481
False,85411
True,294634
True,416625
False,536555
False,350690
False,36589
False,335659
True,579414
False,21969
False,422758
False,198319
False,157301
False,406188
False,450993
False,158880
False,381314
False,246328
False,66445
False,456486
False,290062
False,362643
False,502686
False,438111
False,509255
False,306733
False,61693
False,240331
False,320220
False,255898
False,405635
False,464911
False,204423
False,575704
True,204049
False,543333
False,73187
True,186611
False,329753
False,160930
False,212868
False,458467
False,133462
False,129604
False,329134
False,204422
False,129143
False,234794
False,54245
False,446409
False,414683
False,179914
False,360071
False,243839
False,13969
False,15097
False,63433
False,136285
False,290864
False,581813
False,344654
False,497746
False,38775
False,453221
False,450346
False,446880
False,578821
False,196815
False,505643
False,160311
True,483976
False,134863
False,313666
False,437515
False,220111
False,369230
False,143277
False,276951
False,263407
True,23294
False,431168
False,71429
False,240605
False,332692
False,399016
False,137578
False,151115
False,4394
False,53662
False,190227
False,347936
False,405368
False,560640
False,436023
False,43464
False,436619
False,187846
False,102704
False,290935
False,255494
False,579418
False,247826
False,244994
False,418563
False,167645
False,35972
False,179025
False,186547
False,199989
False,96001
False,274708
False,536095
False,318777
False,219348
False,132328
False,138904
False,125120
False,352724
False,435142
False,80826
False,408922
False,175745
False,433084
False,313724
True,61747
False,264982
False,423128
False,147941
False,313246
False,153094
False,241962
False,151458
False,412908
False,479200
False,375153
False,326823
False,98785
False,67935
False,513484
False,498397
False,309694
False,468379
False,199354
False,141460
False,284658
True,39528
False,516889
False,54427
False,184679
False,466790
True,556108
False,169045
False,217094
False,238018
False,161793
False,369341
False,196777
True,267443
False,494941
False,163917
False,387712
False,80818
False,83696
False,106756
False,354841
False,143171
False,406595
False,499931
False,334048
False,20202
False,424880
False,425381
False,314379
False,286212
True,505223
False,482954
False,118934
False,506740
False,324308
False,67623
False,517182
False,359751
False,455161
False,460343
False,78542
False,51946
False,492284
False,365817
False,497662
False,510100
False,43670
False,498796
False,228380
False,580766
False,462011
True,195768
False,486452
False,51028
False,57979
False,180799
False,213048
False,318974
False,283620
False,192098
False,148999
False,299593
False,517517
False,530999
True,481415
False,28378
False,17651
False,72095
True,170106
False,106107
False,505269
False,197851
False,69021
True,527493
False,139067
False,287748
False,394481
False,238605
False,49640
False,222009
False,280819
False,359339
False,330845
False,336643
False,152759
False,70527
False,8193
False,290024
False,239757
False,553253
False,152273
False,30841
False,443498
False,348720
False,134856
False,262386
False,66014
False,286858
False,92868
False,87151
False,16360
False,284762
False,541856
False,357943
False,524352
False,223447
False,2302
False,2782
False,2178
False,385612
False,247576
False,469174
False,209048
False,122007
False,25541
False,67969
False,54345
False,552028
False,581061
False,508913
False,121666
False,197278
False,433051
False,12375
False,569645
False,196584
False,130773
False,334916
False,225307
False,173289
False,322246
False,95418
False,178192
False,242964
False,295328
False,269947
False,324155
False,419105
False,383581
False,339404
False,539197
False,307249
False,232618
False,528251
False,207640
True,420411
False,401919
False,266441
False,421243
False,176381
False,243926
False,65732
False,219735
True,574805
False,354115
False,245354
False,559974
False,141441
False,31084
False,453682
False,539124
False,452663
False,45325
False,187168
False,134169
False,233617
False,153288
False,427958
False,184205
False,146568
False,5394
False,338522
False,348269
False,107072
False,197401
False,330084
False,525024
False,459884
False,196490
False,206542
False,578499
False,230739
False,490665
False,55460
False,329765
False,56510
False,473231
False,581338
False,107868
False,145747
False,281262
False,118329
False,381262
False,301486
False,367552
False,14366
False,491397
False,231684
False,436551
False,282618
False,1762
False,186828
False,557648
False,416279
False,149298
False,178403
False,65252
False,341801
True,52943
False,581738
False,118726
False,116046
False,264868
False,353912
False,356052
False,472557
False,225530
False,211837
False,183306
False,198277
False,507243
False,98034
True,11238
False,415283
True,56616
False,125266
False,386984
False,76100
False,446694
False,34961
False,558556
False,516139
False,483138
False,196998
False,438993
False,450125
False,200231
False,215223
False,267199
False,391492
False,218917
False,364368
False,131661
False,409774
False,316170
False,58915
True,423894
False,544301
True,464694
False,318168
False,509786
False,361751
False,67396
False,162882
False,71792
False,32668
False,432300
False,502543
False,266310
False,30195
False,530919
False,377342
False,143188
False,271999
False,480793
False,361197
False,362314
False,297154
False,498769
False,553813
False,209125
False,369355
False,465819
False,109924
False,263604
False,134562
False,472329
False,335802
True,450860
False,71657
False,425200
False,133329
False,221872
False,192192
False,126719
False,328381
False,465824
False,91348
False,222317
False,546742
False,488514
False,226224
False,210228
False,324591
False,446884
False,530741
False,390310
False,341040
False,399349
False,435848
False,103366
False,150198
False,40643
False,419777
False,423231
False,54133
False,386884
False,72989
False,324049
False,98639
False,7567
False,105903
False,208834
False,436400
False,329963
False,572413
False,196111
False,464810
False,540789
False,232950
False,8320
False,491505
False,105330
True,187285
False,246312
False,277867
False,245089
False,98431
False,147289
False,168818
False,291484
False,235098
False,28917
False,375503
False,338882
True,158084
False,453351
False,281743
False,320194
True,122476
True,224711
False,172387
False,558541
False,229948
False,88956
False,40334
False,435010
False,90201
False,385145
False,137586
False,389804
False,83632
False,537149
False,144196
False,431503
False,71226
False,388325
False,545632
False,352850
True,450894
False,192164
False,338670
False,153190
True,547979
False,273053
False,477828
False,123360
False,208
False,436833
False,455960
False,144705
False,366135
False,202070
False,580600
False,172946
False,478224
False,198645
False,513145
False,568425
False,450914
False,553623
False,453756
False,423588
False,430345
False,255728
False,487486
False,99053
False,505658
True,510138
False,323396
False,207075
False,458616
False,75927
False,63480
False,380715
False,279476
False,20779
False,81474
False,101837
False,30769
False,566758
False,376407
False,215994
False,282669
True,215291
False,87334
False,225719
False,15746
False,190845
False,90612
False,284583
False,348288
False,54605
False,573336
False,553502
False,349958
False,320533
False,433928
False,579165
False,123921
False,467646
False,351744
False,315434
False,121088
False,252413
False,286129
False,555211
False,274411
False,152429
False,540538
False,191314
False,147331
False,178895
False,514676
False,553859
False,356967
False,456356
False,408480
False,227952
True,421536
False,569375
False,60704
False,325152
False,66028
False,14168
False,238618
False,11373
False,470516
False,88335
False,26445
False,227442
False,223909
False,127388
False,233744
False,467032
False,104683
False,197583
False,397253
False,225533
False,65661
False,151307
False,529562
False,277319
False,17399
True,484362
False,352173
False,67715
False,453998
False,516805
False,151830
False,567008
False,156341
False,22979
False,157214
False,562510
True,122672
False,295103
False,477409
False,176596
False,92006
False,342401
False,48555
False,47640
False,310202
False,177496
False,555035
False,339684
False,15947
False,138785
False,265453
False,259137
False,361481
False,340226
False,136832
False,278135
False,344729
False,478257
False,411987
True,293175
False,201675
False,216393
False,247217
False,43542
False,192440
False,576307
False,290610
False,252738
False,52929
False,389137
False,129587
False,191740
False,247699
False,88507
False,58465
False,575005
False,410344
False,221169
False,63519
False,540097
False,118927
False,127869
False,21095
True,279197
False,227828
False,544053
False,334208
False,486770
False,213477
False,26029
False,374181
False,433021
False,565034
False,414202
False,318561
False,222513
False,78342
False,173340
False,50740
False,91610
True,417797
False,429015
False,435389
False,112734
False,216371
False,54974
False,405210
False,461983
False,268725
False,285437
False,302758
False,141651
False,179915
False,138217
False,322429
False,239736
False,295166
False,73648
False,356483
False,366071
False,286348
False,60350
False,423209
False,305685
False,202657
False,551804
True,570760
False,475796
False,391678
False,323791
False,547131
False,222122
False,96463
False,53426
False,504862
False,212166
False,144357
False,419587
False,282009
False,287565
False,291797
False,526459
True,437440
False,335433
True,216198
False,188674
False,483656
False,470364
False,409616
False,281027
False,282600
False,419190
False,226486
False,5667
False,332039
False,403813
False,218179
False,82124
True,138473
False,181383
False,12281
True,567011
False,254376
False,204889
False,508418
False,428011
False,530461
False,140724
False,180794
False,232076
False,174623
False,459933
False,193023
False,416972
False,302116
False,320838
False,167017
False,39844
False,381261
False,528900
False,106356
False,224819
False,459747
False,343004
False,483714
False,323010
False,281267
False,89225
True,567276
False,361259
False,434966
False,21443
False,496255
False,315702
False,455533
False,35474
False,124994
False,275613
False,38686
False,340058
False,316777
False,67704
False,416787
False,144091
False,265745
False,74794
False,516193
False,356824
False,312861
False,572233
False,246728
False,329641
False,203691
False,52546
False,79701
False,271283
False,387105
False,197616
False,279078
False,35506
False,532065
False,513424
False,363163
False,508931
False,435583
False,573287
False,151100
False,146076
False,522262
False,361661
False,84124
False,344268
False,150931
False,330919
False,402632
False,343863
False,81988
False,220538
False,329230
False,535113
False,474732
False,517909
False,172648
False,180197
False,383641
False,429887
False,331852
True,435342
False,132165
False,207204
False,27646
False,143006
False,538661
False,21811
False,414947
False,208867
False,3521
False,72895
False,465892
False,353108
False,93176
False,56132
False,427120
False,324401
False,290136
False,482091
False,363135
False,78003
False,66960
False,49733
False,250238
False,195731
True,555932
False,479707
False,431352
False,140028
False,446900
False,411778
False,351473
False,244967
False,189103
False,223836
False,146193
False,386585
False,215675
False,195699
False,499155
False,546655
False,488385
False,93040
False,173883
True,318506
False,156687
False,298353
False,425184
False,468471
False,141852
False,91541
False,294744
False,466406
False,462737
False,113139
True,134459
False,451144
False,76310
True,216851
False,152003
False,526968
True,258043
False,117578
False,505595
False,56715
False,191188
False,310833
False,334671
False,120703
False,348359
False,181267
False,546232
False,393922
False,464649
False,438346
False,17210
False,176734
False,527689
False,65231
False,269926
False,328683
False,74885
False,47954
False,38905
False,206958
False,340354
False,294866
False,452404
False,293125
False,334772
False,2372
False,346621
False,127229
False,363257
False,527597
False,288164
False,128939
False,229078
False,251047
False,220464
False,402057
False,137408
False,373315
False,91712
False,169159
False,43218
False,144994
False,243434
False,118728
False,223761
False,263599
False,416266
True,231037
False,460091
False,490596
False,175250
False,349133
False,429539
False,427476
False,531715
False,388873
False,188388
False,267647
False,229149
False,299769
False,216924
False,233080
False,16314
False,125586
False,382291
False,463984
False,410428
False,316466
False,379552
False,435840
False,73153
False,364385
False,268397
False,268741
False,377575
False,552364
False,26732
False,401790
False,458388
False,131174
False,468297
False,455799
False,500859
False,19060
False,446345
False,502949
False,542933
False,435334
True,396362
False,108862
False,353709
False,96458
False,435902
False,272588
False,379453
False,272068
False,198811
False,444955
False,325389
False,123766
False,244762
False,31049
False,431921
False,311303
False,481002
True,333615
False,225505
False,142742
False,180960
True,27371
False,41152
False,449094
False,116210
True,464283
False,232121
False,271666
False,177193
True,494904
False,201573
False,310390
True,286888
False,465613
False,508467
False,11721
False,560879
False,129068
False,239355
False,381699
False,492354
False,110972
False,570543
True,402499
False,473964
False,6672
False,121188
False,313999
False,420579
False,375130
False,190086
False,542548
False,567803
False,59000
False,490178
False,102223
False,99230
False,127353
False,10130
False,25717
True,391971
False,105590
False,387948
False,340008
True,116512
False,442666
False,246723
False,163030
False,148588
False,165500
False,507081
False,307817
False,300079
False,507789
False,576080
False,277227
False,36957
False,239158
False,131416
False,87100
False,262239
True,163118
False,38026
False,359253
False,424669
False,92679
False,310600
False,67271
False,376870
False,142674
False,63521
False,505622
False,298278
False,533125
False,78760
False,549327
False,119529
False,12795
False,136555
False,145978
False,436660
False,325741
False,48794
False,292645
False,217016
False,481868
False,100124
False,435228
False,77544
False,281959
False,137706
False,548795
False,24351
False,63050
False,184325
False,237390
False,254130
False,559565
False,439902
True,551338
False,87078
False,15392
False,479663
False,2532
False,491823
False,218802
False,323182
False,543734
False,221571
False,537622
False,504194
False,268628
False,62547
False,471500
False,190907
True,193332
False,272926
False,51272
False,531391
False,399984
False,505418
False,545913
False,94753
False,361472
False,571287
False,140286
False,39513
False,253421
False,194191
False,208340
False,135117
False,418700
False,325696
False,360318
False,27463
False,228133
False,158140
False,491287
False,356783
False,55805
False,531515
False,340247
False,210048
False,104493
False,455083
False,385864
False,7795
False,404201
False,46508
False,373997
False,342639
False,355440
False,87933
False,412657
False,122362
False,573430
False,314791
False,97747
False,153674
False,570807
False,132699
False,68457
False,571641
False,337985
False,50405
False,221846
False,489927
False,579091
False,486503
False,354237
False,475974
False,199577
False,195567
False,338991
False,303392
False,295748
False,277026
False,15517
False,294459
False,541197
False,125725
False,351840
False,76187
False,196185
False,214623
True,430610
False,210077
False,5599
False,89743
False,136346
False,136129
False,267055
False,449312
False,514437
False,461597
False,79104
False,281196
False,378302
False,38838
False,168416
False,102030
False,365313
False,398083
False,321305
False,82776
False,388434
False,419056
True,113736
False,311524
False,324816
False,63378
False,467778
False,32689
False,200311
False,251660
False,373381
False,471529
False,82696
False,99828
False,476303
False,89266
False,322870
False,57308
False,391011
False,485595
False,337262
False,536641
False,283891
False,405032
False,84129
False,42584
False,319605
False,198793
False,189587
False,178678
False,32071
False,322594
False,352178
False,192579
False,1036
False,21254
True,346795
False,88414
False,28367
True,573125
False,115275
False,280858
False,384010
False,278496
True,32331
False,449896
True,330719
False,192464
False,177990
False,126634
False,69048
False,564511
False,376691
False,441824
False,412947
False,291606
False,38370
False,285457
False,270270
False,478418
False,47234
False,282346
False,353589
False,68996
False,78762
False,60868
False,159282
False,154701
False,223242
False,14152
False,394334
False,378807
True,544140
False,168690
False,227061
False,99184
False,320085
False,487269
False,401112
False,407767
False,209746
False,494894
False,108541
False,251128
False,444770
False,421502
False,300264
False,61174
True,169810
False,146675
False,116444
False,327468
False,473294
False,152099
False,113418
False,265814
False,323478
False,131967
False,246650
False,161084
False,182893
False,96991
False,36082
False,44389
False,413880
False,454951
False,208849
False,545689
True,324971
False,500401
False,430220
False,151318
False,12307
False,385241
False,43561
False,150646
False,441599
False,289490
False,314203
False,457754
False,411445
False,103274
False,233064
False,509292
False,154556
False,324228
False,463615
False,18816
False,434305
False,65781
False,548011
False,220041
False,202981
False,221888
False,182450
False,333321
False,491118
False,347306
False,372966
False,311583
False,400238
False,147170
False,206844
False,73174
False,122694
False,504639
False,248363
False,268123
False,491008
False,545329
False,542888
False,209757
False,173231
False,529234
False,535669
False,179154
False,155012
False,573786
False,375208
False,104449
False,253825
False,8612
False,363038
False,33946
False,416543
False,354185
False,192516
False,365784
False,300928
False,50620
False,95569
False,110013
False,157610
False,538380
False,248370
False,529083
False,101390
False,133104
False,521601
False,443259
False,577964
False,263826
False,280484
False,139815
False,417151
False,405365
False,545594
False,548273
False,291932
False,527644
False,245472
False,557848
False,415150
False,421952
False,338197
False,191474
False,148263
False,386332
False,370
False,530013
False,268659
False,155999
False,151231
False,206444
False,363302
False,8829
False,204806
False,251537
True,4498
False,574103
False,162650
False,303404
False,26131
False,313364
False,404473
False,73925
False,224119
False,479474
False,581481
False,99086
False,492801
False,178031
False,15008
False,143582
False,466544
False,185141
False,550438
False,49370
False,12416
False,229947
False,405430
False,385514
False,406462
False,228783
False,439883
False,158432
False,47724
False,450168
False,245062
False,518213
False,484476
False,508311
False,141927
False,397192
False,86086
False,302052
False,291355
False,61769
False,442809
False,154354
False,191592
False,11805
False,205648
False,368852
False,161836
False,573635
False,123545
False,28273
True,277642
False,66670
False,482889
False,566099
False,111878
False,95535
True,351830
False,316396
False,475084
False,58666
False,446462
False,187792
False,69654
False,402473
False,196134
False,193494
False,576736
False,282679
False,173987
False,233677
False,153055
False,293366
False,203551
False,229478
False,239120
False,136487
False,35535
False,101575
False,275668
False,276124
False,507797
False,71023
False,114204
False,119166
False,347724
False,368294
False,230164
False,232490
False,232453
False,155942
False,104619
False,415608
False,355248
False,167683
False,434915
False,147545
False,457654
False,44165
False,352787
False,202143
False,162780
False,5028
False,193435
False,538957
False,438200
False,377416
False,393950
False,69000
False,84959
False,92247
False,82084
False,91264
False,201676
False,577206
False,505592
False,420501
False,479292
False,62244
False,551507
False,406292
False,300273
False,547858
False,101245
False,364067
False,558976
False,57739
False,336672
False,43011
False,309404
False,218649
False,481791
False,236292
False,105820
False,196168
False,500270
False,478391
False,506411
False,71440
True,453932
False,494684
False,22271
False,393486
False,508885
False,220109
False,158198
False,564264
False,476628
False,376479
False,249791
False,36739
False,507042
False,262705
False,146826
False,51174
False,185888
False,225113
False,494394
False,474788
False,123968
False,276750
False,283863
False,379376
False,510329
False,142431
False,508530
False,159740
False,441083
False,526522
False,184204
True,445055
False,63115
False,483047
False,58021
False,83452
False,73729
False,149295
False,567751
False,168584
False,420229
False,15262
False,421677
False,200195
False,74603
False,57579
False,65400
False,533855
False,233104
False,510644
False,521204
False,510771
False,486788
False,8789
False,293390
False,325294
False,412972
False,328066
False,579725
False,415500
False,364748
False,189376
False,429221
False,512116
False,487825
False,50309
False,78355
False,102925
False,186508
False,424327
False,136241
False,132776
False,238591
False,284290
False,541570
False,499730
False,554534
False,262334
False,444060
False,237669
False,327421
False,84825
False,172851
False,219524
True,302990
False,271183
False,92274
False,450524
False,313646
False,252439
False,549933
False,294162
False,552826
False,400838
False,5701
False,276417
False,86426
False,405520
False,471871
False,446514
False,385307
False,460642
False,379651
False,480538
False,500904
False,114274
False,25244
False,504353
True,559145
False,252966
False,29465
False,67656
False,371137
False,155777
False,203178
False,379941
False,29149
False,262396
False,434991
False,554749
False,476103
False,402820
False,453040
False,419443
False,51704
False,5991
False,526682
False,27299
False,68993
False,108835
False,78093
False,168993
False,552938
False,392270
False,548732
False,399581
False,77902
False,155003
False,155998
False,483893
False,72284
False,62740
False,187518
False,11788
False,213437
False,183210
False,536519
False,345803
False,209229
False,288941
False,67569
False,559682
False,181104
False,438495
False,142680
False,55722
False,470189
True,575601
False,217247
False,292888
False,439482
True,306343
False,560015
False,252614
False,559482
False,74990
False,354630
False,343769
False,511892
False,572626
False,319197
True,332261
False,27648
False,80808
False,578009
False,17921
False,507157
False,451165
False,67482
True,495523
False,185549
False,323553
False,320804
False,542694
False,134100
False,377422
False,227451
False,176521
False,173056
False,212229
False,82449
False,402957
False,71769
False,378451
False,30054
True,485902
