v_coco_id,coco_Id
False,412922
False,474858
True,320696
False,234676
False,301595
False,129059
False,172751
False,481427
False,169097
False,186500
False,379399
False,27706
False,234527
False,319364
False,18214
False,581042
False,81819
False,547222
False,88269
False,406295
True,120416
False,151345
False,225755
False,486655
False,290969
False,401403
False,542630
False,21079
False,161062
False,47654
False,177314
False,487222
False,420485
False,184143
False,200945
False,408965
False,552461
False,529568
False,548913
False,325211
False,387256
False,306688
False,212479
False,419379
False,98480
False,306060
False,169858
False,193808
False,58886
False,79762
False,571200
False,103935
False,300120
False,43345
False,440792
False,268114
False,460652
False,263412
False,569674
False,357824
False,552066
False,110078
False,268310
True,526247
False,101785
False,419098
False,43347
True,342495
False,103812
False,306630
False,537248
False,339852
False,199695
False,45314
False,410246
False,398174
False,299216
False,556855
False,411841
False,332547
False,440087
False,64797
True,275180
False,64610
False,286009
False,79244
False,104270
False,13320
False,228467
False,559986
False,468159
False,400091
False,167110
False,563999
False,357994
False,361248
False,551413
False,555478
False,238347
False,571821
False,123166
False,446463
False,562911
False,425461
False,335888
False,246057
False,882
False,492077
False,525607
False,240340
False,50827
False,144269
False,156943
False,363880
False,130998
False,234164
False,10710
False,325114
True,70854
False,529804
False,507642
False,78307
False,80040
False,199732
False,125125
False,494990
False,114077
False,244735
True,236840
False,386443
False,29472
True,295316
False,281713
False,534796
False,139634
False,569996
False,173046
False,209256
False,7220
False,521379
False,436685
False,96693
False,171546
False,564142
False,338847
False,194054
False,205214
False,476642
False,203495
False,442646
False,185941
False,123035
False,454222
False,456376
False,360927
False,543552
False,225987
False,538822
False,495149
False,372983
False,103773
False,101660
False,377964
False,89908
False,180071
False,377949
False,335063
False,6541
False,223560
False,364992
False,358675
False,279941
False,312010
False,318290
False,1083
False,220232
False,553046
False,75727
False,480961
False,69923
False,92988
False,218055
False,318965
False,300014
False,96027
False,168803
False,155401
False,229643
False,509657
False,207019
False,165674
False,562063
True,123013
False,115505
False,575133
False,151291
False,549644
False,123137
False,17182
False,55022
False,369638
False,159756
False,407617
False,333480
False,381529
False,383731
False,178016
False,398202
False,135965
False,270278
False,45392
False,16343
False,50412
False,439537
False,566012
False,189780
True,424464
False,217799
False,359589
False,217531
False,151842
False,580813
False,476481
False,27593
False,531392
False,37779
False,506856
False,83364
False,206700
False,16775
False,332574
False,220266
False,373419
False,426595
False,541085
False,412996
True,491130
False,156461
False,243008
False,273250
False,380139
False,231282
False,239196
False,502513
False,175991
False,156375
False,401777
False,303213
False,134160
False,251627
False,41606
False,212969
False,64155
False,359781
False,421557
False,551125
False,299077
False,271862
False,157726
True,381889
False,142321
False,382320
False,510059
False,111048
True,292463
False,176906
False,439236
False,63587
False,391754
False,358678
False,154202
False,309382
True,274685
False,569433
False,78986
False,278923
False,246713
False,65030
False,203299
False,344439
False,527510
False,549011
False,129285
False,311082
False,24652
False,381123
False,267422
False,35482
False,163444
False,300216
False,17625
False,412034
False,284018
False,482007
False,144971
False,78188
True,136687
False,136698
False,14549
False,500826
False,8021
False,571797
False,149221
False,184556
False,203975
False,573968
False,51478
True,116455
False,196021
False,501498
False,283426
False,299295
False,43393
False,337479
False,251629
False,461430
False,81061
False,229733
False,187933
False,426377
False,315768
False,468825
False,249315
False,220568
False,28854
False,512734
True,224217
False,470525
False,169040
False,374890
False,466863
False,389295
True,332930
False,81228
False,399028
False,303414
False,482242
False,160866
False,267699
False,356280
False,450849
False,529140
False,98760
False,235597
True,48548
False,123201
False,511454
False,214827
False,34480
False,451087
False,418106
False,327921
False,308263
False,538748
False,363061
False,109498
False,131386
False,573337
False,103584
False,517082
False,316782
False,461484
False,514563
False,346877
False,541574
False,470720
False,47008
False,23949
False,373970
False,169228
True,444800
False,480842
False,226348
False,413421
False,219943
False,100853
False,332540
False,204448
True,261732
False,237853
False,251084
False,238850
False,270373
True,117736
False,519569
False,247306
False,427800
False,268023
False,449158
False,134738
False,331075
False,362563
False,544094
False,404758
False,223790
False,288649
False,416690
True,86147
False,304069
False,460408
False,189027
False,270460
False,27298
True,204137
False,360128
False,185293
False,165636
False,125230
False,511269
False,92344
False,83466
False,122776
False,296745
False,30962
False,302481
False,492627
False,389793
False,513241
False,549115
True,511127
False,562205
False,560993
False,437578
False,460495
False,212712
False,214732
False,579000
False,57647
False,30630
False,397522
False,28576
False,235547
False,565201
False,275565
False,203236
False,555101
False,500612
False,268403
False,206221
False,122064
False,144475
False,398661
False,69309
False,334413
False,456699
False,18801
False,386850
False,530670
False,419859
False,18973
False,455353
True,461715
False,488244
False,264244
False,349914
False,239350
False,204529
False,189814
False,124712
False,61564
False,305103
False,48196
True,408208
False,334703
False,331093
False,45267
False,141160
False,454203
False,382745
False,474391
True,493724
False,559816
False,191957
False,106596
False,42553
False,82568
False,104047
False,352184
False,546212
False,148480
True,90739
False,81336
False,168865
False,207282
False,545441
False,98018
False,385894
False,150192
False,99970
False,1407
False,249176
False,277663
False,12895
False,452341
False,459905
False,229848
False,322321
False,366802
True,225405
False,533998
False,439171
False,300437
False,183123
False,56326
False,469282
False,301870
False,126877
False,418057
False,231831
False,7361
False,322180
False,198493
False,168116
False,415020
False,569205
False,190234
False,277507
False,167152
True,233961
False,279450
False,47281
False,557886
True,290130
False,532387
False,265536
False,411225
False,243777
False,408835
False,315461
True,530061
False,321506
False,240295
False,6809
False,74390
False,118181
False,138935
False,315517
False,119714
False,496800
False,327157
True,128106
False,546594
False,328740
False,32516
False,549301
False,253749
False,479880
False,320217
False,152578
False,279871
False,132861
False,510665
False,74176
False,207471
False,437618
False,362118
False,206203
False,415882
False,309916
False,577522
False,471535
False,62127
True,430581
False,311104
False,350416
False,300718
False,321338
False,87871
False,255550
False,576389
False,238286
False,36053
False,460910
False,8583
False,23807
False,342165
False,221748
False,132219
False,358158
False,423739
False,423488
False,254025
False,262800
False,74328
False,555012
False,559225
False,464766
False,367275
False,159313
False,327068
False,180333
False,67347
False,115637
False,499536
False,110740
False,36413
False,299042
False,453157
False,503554
False,246608
False,360157
False,569332
False,257263
False,377576
False,565834
True,212058
False,104127
False,488510
False,211203
False,18462
False,262909
False,503809
False,74887
False,186578
False,4608
False,101694
False,467091
False,474353
False,7666
False,546171
False,227806
False,427007
True,385653
False,539879
False,442724
False,350361
False,568005
False,208782
False,480215
False,401743
False,371652
False,236424
False,556420
False,240615
False,292799
False,189038
False,385604
False,292845
False,307514
False,463474
False,227724
False,243219
False,307784
False,226151
False,333152
False,36805
False,81915
False,24610
False,378111
False,102930
False,580887
False,356764
False,329675
False,330894
False,438219
False,507087
False,513221
False,461248
False,566893
False,69584
False,493503
False,569253
False,307136
False,246233
False,366665
False,176288
False,281330
False,128248
True,171622
False,431431
False,13959
False,280808
False,412878
False,80022
False,357430
False,466827
False,320234
False,264461
False,212354
False,226820
False,119195
False,369367
False,400581
False,269263
True,175642
False,421447
False,322008
False,535592
False,447449
False,130681
False,298071
False,457434
False,8688
False,95872
False,491372
False,8686
False,406050
False,280764
False,2283
False,324663
False,196663
False,147976
False,32888
False,208723
False,207521
False,169273
True,181837
False,421193
False,61463
False,561821
False,565462
False,474827
False,44544
False,327695
False,346641
False,36059
False,412356
False,133464
False,429399
False,219135
False,504304
False,355161
False,306905
False,381385
False,11260
False,332705
False,101689
False,573584
False,400850
False,105784
False,484407
False,570874
False,392537
False,315622
False,463424
False,65530
False,440404
False,225959
False,479949
False,161354
False,408492
False,580960
False,53842
False,476631
False,252407
False,70158
False,389753
False,28889
False,76079
False,88835
False,140284
False,204716
False,575786
False,533231
False,514537
False,434580
False,382945
True,111756
False,498547
False,141065
False,358674
False,546568
False,231373
False,304698
False,74714
False,169757
False,498994
False,83875
False,464286
False,468836
False,275997
False,330961
False,388601
False,281503
False,572861
False,55915
False,52299
False,561407
False,412464
False,203497
False,446069
False,312539
False,33765
False,188528
False,78536
False,388652
False,147576
False,393354
False,287374
False,26602
False,46760
False,281656
False,550206
False,65705
False,45830
False,262325
False,562589
False,109837
False,176849
False,248012
False,437446
False,410024
False,77308
False,450620
False,229132
False,386967
False,278467
False,142744
False,170968
False,385026
False,109699
False,210584
False,401550
False,146098
False,79394
False,325475
False,352399
False,424435
False,560256
False,365822
False,32832
False,302319
False,291669
False,501867
False,389401
False,346872
False,100318
False,11051
False,466662
False,38198
False,275663
False,279994
False,143379
False,458586
False,64196
False,584
True,337269
False,99522
False,460279
False,543797
False,90261
False,367792
False,108274
False,5917
False,234929
False,285093
True,413154
False,85637
False,410908
False,437224
False,550449
False,505538
False,530906
True,475769
False,543762
False,74828
False,490695
False,180767
False,368581
True,174336
False,230117
False,209995
False,29730
False,323900
False,106206
False,265096
False,432917
False,47516
False,192153
False,427041
False,365833
False,319706
False,170731
False,531917
False,335688
False,539395
False,294900
False,562197
False,78771
False,1171
False,131379
False,355458
False,277653
False,318778
False,16715
False,361462
False,201019
False,192322
False,300383
False,236919
False,324033
False,187277
False,64070
False,3628
False,224734
False,579699
False,233727
False,382951
False,312959
False,554217
False,45367
False,210883
False,531266
False,561931
False,45496
False,364521
False,538175
False,55272
False,573830
False,274036
False,11100
False,507436
False,125684
False,118794
False,531000
False,438905
False,160188
False,172649
False,74499
False,332113
False,248001
False,177618
False,493767
False,577979
False,336320
False,458632
False,20268
False,302588
False,23588
False,477797
False,527239
False,313162
False,135129
False,561677
False,572215
False,514666
False,426815
False,252244
False,399045
False,117998
False,231719
False,549718
False,331686
False,419618
False,429591
False,356863
False,205435
False,497797
False,266502
False,427662
False,280023
True,395291
True,540989
False,96828
False,85423
False,133281
False,537673
False,446633
False,112996
False,103403
False,3220
False,507235
False,291941
False,193479
False,39196
False,124805
False,572075
False,44209
False,197836
False,196099
False,63875
False,317061
False,336257
False,102459
True,310538
False,532461
False,18367
False,317188
False,561750
False,509154
False,297039
False,109640
False,537393
False,238189
False,144453
False,534045
False,473866
False,560054
False,414401
False,301409
False,169499
True,464274
False,42433
False,564031
False,525668
False,498687
False,463620
False,482545
False,94168
False,420544
False,256337
False,140021
False,297387
True,569401
False,192295
False,472375
False,254397
False,356654
False,27002
False,211013
False,539340
False,101014
False,313256
False,323457
False,367838
False,146151
False,65177
False,84295
True,354070
False,48684
False,467873
False,253470
False,213593
False,126226
False,368970
False,302354
False,348186
False,82833
False,16494
False,174667
False,26388
False,308603
False,554992
False,183004
False,291144
False,468163
False,361480
False,204826
False,18751
False,411513
False,16342
False,61852
False,203615
False,169936
False,465874
False,478841
False,485547
False,197118
True,29524
False,439519
False,426880
False,487438
True,318179
False,350363
False,324645
False,190035
False,417577
False,42700
False,253725
False,398540
False,348478
False,337547
False,325545
False,388403
False,79144
False,166420
False,208450
False,239849
False,407150
False,28333
True,87928
False,419053
False,134722
False,148215
False,145591
False,544060
False,402931
False,148251
False,339550
False,444272
False,221693
False,344942
False,406189
True,479035
False,281323
False,186308
False,488139
False,359492
False,281029
True,285249
True,335824
False,320803
False,439678
False,272048
False,10719
True,238228
False,60993
False,154011
False,317563
False,401249
False,568001
False,194634
False,165476
True,93717
False,59774
False,537625
False,343872
False,381173
True,30534
False,165384
False,85960
False,419116
False,36981
False,133698
False,417264
False,229350
False,345980
False,176828
False,212558
False,129456
False,432748
False,249809
False,137931
False,69934
False,124466
False,385796
False,116603
False,270325
False,506130
False,62427
False,343543
False,297859
False,572876
False,511523
False,314951
False,411313
False,345380
False,332006
False,508177
False,377294
False,559203
False,67807
True,338501
False,483767
False,210404
False,208830
False,89087
False,218763
False,200365
False,7150
True,464200
False,494957
False,117768
False,344599
False,31396
False,54949
False,362797
False,115721
False,36941
False,386968
False,245857
False,231855
False,198205
False,546944
False,123938
False,73906
False,444749
False,57796
False,442531
False,264489
True,51750
False,376047
False,579487
False,146256
False,365649
False,563948
True,375486
False,50820
False,481648
False,113021
False,274360
False,361193
False,297645
False,53641
False,242721
False,486547
False,67548
False,542779
False,168706
False,138079
False,483149
False,495810
True,227928
False,420883
False,466256
False,363885
False,343707
False,199678
False,101952
False,60093
False,66056
False,219920
False,77889
False,65604
False,196283
False,79111
False,377450
False,104051
False,283977
False,431846
False,487378
False,464842
False,38652
False,311811
False,163139
False,166036
False,8471
False,90640
False,35434
False,80486
False,299466
False,355857
False,147758
False,321702
False,243127
False,359442
False,314277
False,549048
False,129582
False,131572
False,372260
False,406988
False,297669
False,51976
False,301195
False,99937
False,280211
False,478420
False,84498
False,577749
False,446661
False,533288
False,492715
False,58462
False,381280
False,284914
False,418935
False,10219
False,394244
False,407202
False,25252
False,210839
False,120491
False,186247
False,97218
False,559594
False,454102
False,83332
False,549830
False,574885
False,126065
False,267604
False,420900
True,538003
False,344051
False,291560
False,194726
False,39065
False,114269
False,564099
False,539101
False,451772
False,140543
False,347878
False,462562
False,157202
True,625
False,29180
False,190547
False,468670
False,214782
False,255684
False,64093
True,301155
False,142177
False,385704
False,331772
False,10498
False,287387
False,199683
False,30109
False,530287
False,19002
False,557496
False,207180
False,46869
False,560254
False,452643
False,434038
False,522481
False,129056
False,139637
False,89541
False,38396
False,42701
False,133078
False,534203
False,385687
False,441522
False,238177
False,315672
False,163560
False,515695
False,278491
False,534633
False,287303
False,409206
False,118867
False,413472
False,284987
False,512793
False,25274
False,496009
False,120159
False,80698
False,116206
False,164286
False,333654
False,392961
False,229084
False,160437
False,351760
False,399122
False,340688
False,386542
False,33383
False,343135
False,271424
False,163715
False,200008
False,137579
False,26108
False,461414
False,239283
False,302656
False,21796
False,137130
False,169902
False,326859
False,172501
False,167026
False,413810
False,509514
False,575734
False,159340
False,210394
False,117016
False,581181
False,548662
False,96260
False,389634
False,31393
False,238227
False,311327
False,47848
False,263845
False,360179
False,425135
False,55868
False,251036
False,502860
False,128201
False,80260
False,535692
False,362365
False,25695
False,460514
False,297870
False,456142
False,418808
False,178708
False,97502
False,344507
False,557832
False,385204
False,321690
False,15345
False,64121
False,289343
False,362740
False,358296
False,179545
False,30106
False,456950
False,213288
False,320857
False,290485
False,24921
False,534553
False,235532
False,222517
False,417141
True,143797
False,325287
False,400
False,305393
False,462424
False,17967
False,291330
False,402257
False,392665
False,242113
False,55514
False,341100
False,90582
False,98278
False,240811
False,295006
False,247209
True,207033
False,468771
False,142741
False,92206
False,20417
False,510606
False,134857
True,563871
False,130973
False,54747
False,564273
False,469919
False,212688
True,247473
False,435359
False,155735
False,126732
False,222351
False,255322
False,288592
False,114868
False,462577
False,464238
False,406756
False,167075
False,352421
False,448702
False,1877
False,540978
False,359977
False,34830
False,359360
False,26174
False,320471
False,579673
False,114846
False,32275
False,406026
False,459662
False,326719
False,252340
False,129060
False,11244
False,212647
False,575473
False,98439
False,465585
False,107678
False,245409
False,452183
False,142564
False,120940
False,491140
False,89697
True,354772
False,395598
False,425815
False,388896
True,142711
False,555915
False,41005
False,364493
False,479328
False,113315
False,339943
False,97988
False,357074
False,350174
True,401897
False,297929
False,310703
True,345149
False,532595
False,371791
False,74037
False,6397
False,104435
False,362395
False,152664
False,3917
False,400245
False,383580
False,537968
False,393578
False,565797
False,112329
False,574785
True,140291
False,457461
False,336333
False,128262
False,67117
False,550396
False,225191
False,451680
False,133115
False,42750
False,543254
False,323421
False,897
False,20013
False,475531
True,28547
False,292574
True,446232
False,338439
False,264316
False,359760
False,240731
False,108093
False,177492
False,79733
False,16072
True,546586
False,284418
False,246499
False,185632
False,463342
False,245793
False,556910
False,226541
False,59691
False,293242
False,279140
False,370729
False,495387
False,389669
False,371134
False,64010
False,347455
False,526534
False,418825
False,76873
False,450634
False,332498
False,34892
False,140444
False,74428
False,88250
True,400453
False,504158
False,286908
False,551148
False,514269
False,33109
False,271741
False,496932
False,391538
False,89236
False,423165
False,447182
False,439200
False,170519
False,339633
False,294934
False,181771
False,180682
False,73537
False,370808
False,237911
False,327490
False,140340
False,161337
False,5907
False,215474
False,517340
False,341710
False,217322
False,173797
False,124718
False,335208
False,158582
False,286353
False,26802
False,196104
False,65353
True,345751
False,134807
False,99893
False,251027
False,560172
False,287867
False,247625
False,471799
False,263276
False,345719
False,61494
True,293057
False,209701
False,454915
False,178587
False,41688
False,348571
False,65197
False,186282
False,69283
False,45229
True,221487
False,297210
False,70421
True,490532
True,495989
False,316152
False,32700
False,472485
False,149470
False,269871
False,580562
False,61288
False,61266
False,442695
False,199794
False,12567
False,417610
False,103455
False,371376
False,444274
False,331530
False,86602
False,406841
False,466083
False,231941
True,517822
False,552589
False,433826
False,955
False,472776
False,69705
False,507830
False,4502
False,406253
False,314192
False,19085
False,321902
False,489302
False,374576
False,411082
False,272889
False,32456
False,318562
False,39335
False,11326
False,314758
False,135959
False,400915
False,450305
False,536729
False,297181
False,252617
False,564659
False,272441
False,226102
False,305485
True,413349
False,297198
False,437738
False,227478
False,96625
False,404596
False,396467
False,287044
False,268412
False,83818
False,34455
False,320192
False,101515
False,422192
False,156246
False,287041
False,307209
False,321330
False,348522
False,95176
False,317310
False,306080
False,106315
False,127316
False,337401
False,235031
False,119232
False,340160
False,334957
True,323668
False,573762
False,180410
False,548930
False,332448
False,237697
False,303485
False,1915
False,197591
True,136310
False,533402
False,440310
True,576225
False,368402
False,252937
False,98915
False,66727
False,36196
False,57631
False,548337
False,235443
False,348715
True,575901
False,400709
False,340317
False,340157
False,34445
False,187709
False,253712
False,279136
False,483817
False,470343
False,437240
False,581594
False,364806
False,506201
False,533258
False,19324
False,315209
False,248678
False,203452
False,461187
False,293543
False,537782
False,247536
False,180490
False,558012
False,529645
False,22797
False,433563
False,121047
False,431322
False,98213
True,273855
False,413811
False,197408
False,438180
False,101951
False,71011
True,146224
False,420506
False,136721
False,44336
False,439299
False,70197
False,510299
False,285877
False,199960
False,292127
False,416746
False,99077
False,277393
False,186246
False,342183
False,314306
False,177284
False,322255
True,12459
False,12679
False,540636
False,8644
False,240915
True,212967
False,380084
False,459003
False,213537
False,28930
False,250200
False,186205
False,356906
False,224869
False,123155
False,82945
True,493972
False,425805
False,13348
False,314247
False,334826
False,537689
True,214213
False,103723
False,21046
False,427679
True,172681
False,262145
False,36406
False,46736
False,361842
False,48692
False,435703
False,375814
False,103361
False,242998
False,253282
False,119015
False,432218
False,511752
False,132710
False,384520
False,139568
False,505827
False,219926
False,79261
False,28878
False,79616
False,424002
False,456064
False,424110
False,67440
False,488316
False,190826
False,543676
False,263084
False,486533
False,160746
False,32134
False,423256
False,33126
False,408543
False,48417
False,393838
False,359337
False,557272
False,217496
False,470173
False,443987
False,210012
False,109051
False,420713
True,73508
False,343068
False,412355
False,277524
False,350099
False,537461
False,13482
False,311066
False,77615
False,228565
False,420666
False,24859
False,273637
False,83490
False,10743
False,104542
False,442016
False,463432
False,515823
False,295321
False,490725
False,306249
False,457796
False,28988
False,268051
False,229553
False,537996
True,456552
False,555366
False,353301
False,494032
False,414109
False,536392
False,274776
False,145680
False,308143
False,398126
False,456807
False,264396
False,496617
False,395634
False,286931
False,462135
False,319456
False,19496
False,33074
False,92839
False,347715
False,305805
False,83393
False,112129
False,301281
False,457514
False,177953
False,361108
False,161011
False,198935
False,294615
False,262274
False,217228
False,174671
False,478823
False,237000
False,460621
False,447119
False,24706
False,145824
False,324709
False,80339
False,80915
False,48126
False,395096
False,440903
False,362804
False,81721
False,548090
False,366146
False,411015
False,192903
False,230000
False,381204
False,24922
False,407739
False,335744
False,366517
False,168748
False,366396
False,518968
False,447639
False,332141
False,419980
False,264019
False,402786
False,452162
False,494404
False,267315
False,221948
False,368309
False,420427
False,115902
False,239828
False,131172
False,403705
False,177838
False,183286
False,44171
False,225867
False,55695
False,326948
False,213951
False,154207
False,471582
False,317330
False,432799
True,543084
False,37740
False,372182
False,81826
False,471202
False,436949
False,364135
False,11496
False,467746
False,156969
True,510919
False,499913
False,359472
False,227402
True,40729
False,161657
False,201969
False,337062
False,216726
False,429109
False,169972
False,298137
False,512100
False,281837
False,461435
False,515508
False,179060
False,241026
False,304627
False,108851
False,438810
False,501377
False,421658
True,446533
False,73511
False,104502
False,557920
False,345209
False,200369
False,421384
False,388053
False,120099
False,151414
False,100599
False,380350
False,332757
False,90827
False,83155
False,413942
False,35945
False,113449
False,227307
False,162113
False,179408
False,291366
False,327299
False,360313
False,175608
False,203937
False,546147
False,118073
False,511301
False,403710
False,27030
False,255026
False,508855
False,325555
False,202531
False,113271
False,193787
False,319695
False,556562
False,533030
False,150342
False,237542
False,204386
False,227852
False,445522
False,533464
False,113393
False,483446
False,4705
False,12283
False,253871
False,130875
False,457408
False,418035
False,98683
False,557190
False,232723
False,17935
False,296410
False,263292
False,332607
False,438071
False,288975
False,284641
False,508192
False,76491
False,126814
False,552018
False,284002
False,135316
False,334206
False,201125
False,419586
False,128750
False,234091
False,483849
False,345029
False,547367
False,160181
True,505636
False,192788
False,428726
False,508215
False,299066
True,218093
False,12178
False,486304
True,200950
False,300882
False,138618
False,172507
False,544606
False,323970
False,109102
False,276664
False,388772
False,262369
False,152036
False,494795
False,23982
False,85816
False,374388
False,230169
False,237224
False,81365
False,347243
False,265051
False,207853
False,88432
False,497466
False,286877
True,350755
False,18425
False,445038
False,435975
False,111124
False,434409
False,311324
False,230777
False,360658
False,124766
True,223072
False,321324
False,404444
False,109774
False,287369
False,435240
False,437611
False,273138
False,247906
False,484173
False,382400
False,60155
False,451767
False,48032
False,211913
False,315944
False,407960
False,154815
False,371129
False,306415
False,362509
False,516641
False,385749
True,478567
False,371595
False,362766
False,296110
False,160143
False,391603
False,349021
False,157656
False,278055
False,128398
False,446075
False,466416
False,99874
False,223648
False,178152
False,567091
False,240278
False,419201
False,391656
False,466277
False,178577
False,537879
False,14375
False,160085
False,2072
False,425772
False,155097
False,515895
True,270683
False,54874
False,398172
False,386457
False,254016
False,392422
False,272132
False,438751
False,82984
False,236712
False,405437
False,517109
False,122216
False,102171
False,369735
True,341047
True,102473
False,206899
False,264335
False,107880
False,6336
False,491242
True,193373
False,10244
False,515561
False,113112
False,190415
True,223214
False,372996
False,370760
False,181861
False,206341
False,97705
False,569535
False,350988
False,533670
False,115649
False,227621
False,213408
False,199408
False,224264
False,217449
False,476109
False,94807
False,525790
False,106143
False,403547
False,294605
False,525501
False,49190
False,195333
False,247909
True,552254
False,355534
True,549519
False,14831
False,553533
False,396372
False,489762
False,213988
False,406386
False,575060
False,467369
False,353298
False,569716
False,576608
False,392212
False,276620
False,538242
False,249968
False,370798
False,473641
False,347965
False,36533
False,122394
False,284628
True,513456
False,297997
False,477047
False,131938
False,516342
False,395740
False,494895
False,558645
False,427166
False,499545
False,82759
False,2822
False,473295
False,308793
False,399628
False,154168
True,436544
False,186344
False,151619
False,267690
False,33751
False,133879
False,171494
False,195204
False,46004
False,22168
False,498768
False,280216
False,204837
False,39686
False,129223
False,90393
False,66253
False,265303
False,438107
False,345194
False,393412
False,491516
False,469047
False,112482
False,278570
False,380797
False,117841
False,144554
False,110034
False,297898
False,432947
False,313569
False,516174
False,2347
False,135206
False,216571
False,213851
False,323576
False,172006
False,68084
False,181886
False,210189
False,215847
False,157872
False,533869
True,502776
False,458308
True,111683
False,209460
False,61125
False,179265
False,253031
False,563606
False,410889
False,185848
False,128970
False,45842
False,579937
False,154867
False,568237
False,272953
True,473746
False,323466
False,449229
False,218503
True,572879
False,364743
False,345212
False,355197
False,431494
False,12131
False,33323
False,104825
False,511148
False,476465
False,292844
False,426911
False,85644
False,411480
True,452218
False,325220
False,415925
False,219059
False,277797
False,185821
False,457262
False,151857
True,277061
False,564431
False,176316
False,429485
False,67644
False,120188
False,316482
False,473928
False,266455
False,448358
True,488086
False,464895
False,575243
False,350969
False,119766
False,159656
False,1270
False,420598
False,122415
False,488424
False,513712
False,268276
False,128515
False,160250
False,14683
False,537157
False,239784
False,376684
False,389037
False,241113
False,237201
False,50372
False,509641
False,299933
False,493880
False,87146
False,354306
False,152470
False,430950
False,328589
False,219118
False,80140
False,430677
False,87567
False,130100
False,158897
False,573829
False,309311
False,500434
False,84356
False,475223
False,563168
False,1408
False,195991
False,122811
True,380909
False,489426
False,78394
False,402806
False,574784
False,418680
False,295589
False,313480
False,102503
False,458082
False,186175
False,205473
False,105011
False,60814
False,168879
False,255683
False,397863
False,439712
False,365485
False,156084
False,500062
False,19102
False,134537
True,444631
False,384235
False,213945
False,172057
False,492051
False,254194
True,290201
False,351193
False,441900
False,359323
False,545135
False,172669
False,431025
False,441116
False,418115
False,468276
False,105401
False,308433
False,388410
False,147694
False,314557
False,209433
False,459800
False,168573
False,89132
False,100157
False,536010
False,315045
False,286874
False,146324
False,227117
False,65360
False,295815
False,324915
False,373857
False,5360
False,166764
False,409031
False,282368
False,485506
False,524981
False,577623
False,477688
False,410190
True,285059
False,162031
False,134871
False,409333
True,451043
True,479855
False,320508
False,326237
False,64531
False,579201
False,186740
False,391684
False,540330
True,154362
False,487840
False,62808
False,144064
False,153344
False,106017
False,315415
False,556000
False,337422
False,552318
False,575923
False,527879
False,412855
False,48271
False,66255
False,354746
False,539335
False,459634
False,312003
False,55767
False,387329
False,7932
False,526987
False,22724
False,323162
False,353662
False,420371
False,244267
False,406662
False,104888
False,264340
False,421072
False,469795
False,555701
False,162055
False,271864
False,125042
False,401699
False,299716
False,224753
False,431764
False,85515
False,235518
True,157352
False,557334
False,249786
False,553025
False,339470
False,480601
False,120511
False,397958
False,462134
False,333571
False,331740
False,95828
False,29155
False,566201
False,161569
False,69559
False,570215
False,346121
False,66822
False,419532
False,198363
False,168730
False,239559
False,147443
False,295334
False,412238
False,527139
False,404585
False,47632
False,461775
False,369202
False,143245
False,451519
False,570785
False,70269
False,379962
False,118839
False,566672
False,42178
True,114617
False,319155
False,135592
False,571485
False,212440
False,52978
False,455015
False,426705
False,518245
False,352794
False,473182
False,417039
False,341132
False,33840
False,493243
False,572355
True,538319
False,444598
False,78640
False,512731
False,173184
False,375294
False,63403
False,336374
False,22627
False,397041
False,397353
False,35630
False,449508
False,140465
False,349530
False,164850
False,481748
False,385417
False,185384
False,303314
False,498916
False,526747
False,42591
False,171328
False,113914
True,464174
False,276585
False,196798
False,318497
False,372691
False,323728
False,264180
False,313201
False,334981
False,345576
False,31711
False,112622
False,270431
False,361750
False,205918
False,197236
False,478537
False,289915
False,489470
False,571805
False,191686
False,348044
False,168822
False,243824
False,204969
False,64534
False,429762
False,494456
False,455691
False,355593
False,134622
True,29525
False,555339
False,71411
False,101675
True,476709
False,572310
False,150599
False,530834
False,264741
False,202389
False,88780
False,564920
False,223687
False,491477
True,93806
False,563986
False,372128
False,180787
False,23392
False,218939
False,315310
False,385108
False,62464
False,560161
False,220790
False,22964
False,254666
False,449859
False,109542
False,553149
False,345462
False,81841
False,154717
False,355674
False,346965
True,272538
False,235187
False,131524
False,19962
False,434319
False,212380
False,214244
False,184338
False,531591
False,293425
True,324688
False,237942
False,288372
False,153186
False,418989
True,467696
False,445351
False,537222
False,431219
False,377598
False,114515
False,531523
False,98937
False,42576
False,509047
False,213039
False,17484
False,526666
False,318381
False,285967
False,5219
True,263834
False,274239
False,85944
False,298300
False,13722
False,278662
False,343703
False,325473
False,401061
False,83755
False,109445
False,57719
False,323360
False,416186
False,125085
False,390269
False,507187
False,482766
False,135292
False,52700
False,104935
False,62500
False,403150
False,485002
False,562428
False,82396
False,279747
False,79421
False,66944
True,73647
False,286745
False,11570
False,242379
False,312192
False,309192
False,155198
False,76916
False,64621
False,493883
False,435134
False,574696
False,538259
False,140590
False,573448
False,226587
False,469877
False,189583
False,27665
False,111820
False,175889
False,288751
False,450965
False,371282
False,157594
False,355975
False,52650
False,189996
False,139429
False,412592
False,471382
False,478553
False,105234
True,10142
False,52661
False,508456
False,323151
False,206741
False,392829
False,443377
False,509712
False,21718
False,524174
False,358391
False,175948
False,445590
False,550660
False,367917
False,230428
False,540225
False,458560
False,301615
False,332417
False,133596
False,153542
False,295773
False,364274
False,476347
False,45467
False,220655
False,358033
False,234207
False,545859
False,418373
False,309135
False,443649
False,498706
False,361157
False,149895
False,443575
False,567421
False,244671
False,48229
False,466967
False,561326
False,92660
False,492911
False,471783
False,131763
False,194564
False,217289
False,138265
False,524646
False,92001
False,150650
False,131976
False,305480
False,105768
False,276693
False,339986
False,417844
False,20563
False,121693
False,25955
False,504191
False,19023
False,532520
False,22816
False,325646
False,305441
False,278452
False,1682
False,100207
False,38801
False,276239
False,201903
False,239515
False,378948
False,81105
False,390555
True,186721
False,284771
False,73461
False,161820
False,466265
False,331746
False,275930
False,460236
False,205181
False,471665
False,266038
True,381856
False,374950
False,544926
False,69576
False,208338
True,274399
False,465855
False,109524
False,581797
False,366316
False,252160
False,514988
False,163234
False,458485
False,398305
False,126514
False,982
False,504888
False,367106
False,45554
False,404163
False,581451
False,38747
False,504620
False,504293
False,467063
False,58694
False,233399
False,178994
False,353607
False,116376
False,37932
False,471642
False,350706
False,346823
False,334509
False,395314
False,200939
False,35668
False,274460
False,424091
False,428412
False,42254
False,379350
False,411295
False,422423
False,553776
False,526751
False,46104
False,52394
False,463004
False,492198
False,157370
False,534247
False,384337
False,5453
False,159680
False,93333
False,460944
False,78000
False,306169
False,107204
False,89378
False,4968
False,78288
False,533462
False,137105
False,423058
False,203847
False,313971
False,336449
False,186980
True,191350
False,526663
False,35796
False,54513
False,316332
False,460442
False,17892
False,347568
False,402885
False,504341
False,54763
False,98003
False,500579
False,203868
False,380989
False,115006
False,355137
False,101842
False,541293
False,129272
False,566844
False,116588
False,535265
False,449093
False,92221
False,142958
False,90293
False,352129
False,290659
False,549042
False,134215
False,555118
False,215844
True,457888
False,236920
False,141331
False,126107
False,77851
False,237263
False,233651
False,552507
False,538470
False,376982
False,199437
False,425063
False,298914
False,254994
False,478525
False,578894
False,272051
False,78075
False,280951
False,242784
False,248235
False,406376
False,295377
False,166642
False,370378
True,483363
False,141153
False,392142
False,51961
False,92355
False,508656
False,77195
False,407286
False,558809
False,109622
False,248204
False,466567
False,334104
False,158058
False,394972
False,85795
False,489666
False,480790
False,253449
False,417887
False,417159
False,353409
True,64799
False,152781
False,200234
False,82650
False,576630
False,374593
False,365553
False,170893
False,96723
False,391446
False,181896
False,197407
False,87649
False,98318
False,308915
False,130588
True,85626
False,265150
False,326928
False,465693
False,16898
False,108264
False,124266
False,49891
False,354761
False,229787
False,252342
False,349827
False,459824
False,278066
False,122996
False,217285
False,552612
False,542946
False,175912
False,105600
False,438479
False,14757
False,45146
False,435556
False,448761
False,281091
False,168833
False,98131
True,497265
False,212288
False,401287
False,277292
False,112562
False,189847
False,521587
False,421834
False,298726
False,63959
False,562557
True,465489
False,53491
False,13492
False,55402
False,446815
False,81707
False,31187
False,220255
False,239861
False,383933
False,204887
False,532131
False,214059
True,202400
False,324278
False,188660
False,380049
False,444880
False,127744
False,139500
False,324492
False,556823
False,41713
False,246452
False,145749
False,467467
False,455401
False,181628
False,15759
False,302842
False,573920
False,367710
False,177143
False,579635
False,456216
False,205769
False,3217
False,500359
False,401835
False,173032
False,229563
False,403644
False,343606
False,185276
False,90145
False,458311
False,414819
False,210856
False,246183
False,511165
False,394412
False,43193
False,312476
False,155869
False,200494
False,197656
False,561152
False,145538
False,385661
False,445643
False,427232
False,440709
False,79047
False,364636
False,338146
False,524916
False,525944
False,147556
False,546222
False,289833
False,57415
True,465878
False,438987
False,45434
False,249227
False,486793
False,547974
False,80666
False,239478
False,329182
False,71597
False,433019
False,388412
False,56433
False,250380
False,205102
False,401301
False,288769
False,416157
False,559701
False,369253
False,502613
False,229574
False,538247
True,424482
False,203865
False,287884
False,8058
False,199151
False,24319
False,218183
False,198928
False,417204
False,337445
False,577030
False,142803
False,341296
False,187624
False,28186
False,229605
False,430518
False,474800
False,20178
False,327675
False,375143
False,281997
False,16605
False,196291
False,74820
False,117765
False,142123
False,486062
False,298718
False,163220
False,407778
False,369812
False,391374
True,135344
False,320680
False,148635
True,569196
False,82770
False,558788
False,67867
False,369171
False,277869
False,224928
False,574706
False,282631
False,91275
False,414989
False,291634
False,215693
False,171449
False,290183
False,302432
False,578221
False,222455
False,546622
False,278555
False,391733
False,266601
False,209382
False,174337
False,381109
False,392177
True,122413
False,310868
False,105923
False,252567
False,340047
False,35069
False,171374
False,315030
False,79298
False,389031
False,135525
False,50360
False,30494
False,424219
False,89445
False,236388
False,494269
False,56850
False,28171
False,316161
False,213429
False,178429
False,293340
False,547644
False,430692
False,558235
False,239611
False,533227
False,525227
False,549478
False,282707
False,457068
False,534672
False,308059
False,228297
False,126432
False,274418
False,221441
False,715
False,381961
False,63334
False,294933
False,481810
False,148243
False,306914
False,129445
False,399442
False,120059
False,567937
False,178431
False,199469
False,250370
False,190334
False,80389
False,220991
False,94376
False,351335
False,376643
False,81128
False,388905
False,143594
False,396039
False,491899
False,528080
False,376858
False,16896
False,160589
False,283766
False,365451
False,12213
False,434412
False,535682
False,497565
False,314646
False,484551
False,314371
False,277005
False,56572
False,468891
False,426179
False,153481
False,97104
False,270472
False,282926
False,219963
False,346812
False,243027
False,21408
False,307612
False,259336
False,473222
False,201405
False,507575
False,460995
False,99649
False,78701
False,184159
False,491611
False,548875
False,17376
False,341048
False,331185
False,342025
False,44545
False,400218
False,478818
False,331523
False,407705
False,562544
False,193481
False,250113
False,176160
False,285603
False,104277
False,26518
False,443101
False,22256
False,37437
False,396550
False,467742
False,270922
False,248761
False,490939
False,510992
False,175878
False,86840
False,371092
False,238051
False,169262
False,85288
False,352558
False,436044
False,456147
False,197175
False,311563
False,176873
False,363671
False,515743
False,80017
False,147134
False,365138
False,459093
False,536891
False,285041
False,33094
False,548384
False,478005
False,407072
False,139275
False,285106
False,412571
False,73159
False,56365
True,447130
False,174389
False,441258
False,335615
False,116994
False,489741
False,4891
False,218774
False,462512
False,366789
False,453781
False,559490
False,210502
False,62440
False,82350
False,195017
False,420852
False,285588
False,151699
False,80462
False,570864
False,362131
False,465060
False,446033
False,93405
False,284089
False,152237
False,453857
False,452302
False,440623
False,240250
False,186157
False,26002
False,391415
False,148677
False,335243
False,228981
False,161222
False,46786
True,71908
False,118965
False,486122
False,249259
False,437317
False,45049
False,507362
False,497519
False,271852
False,408103
False,357510
False,1580
False,5589
False,137284
False,308950
False,224664
False,169802
False,544738
False,351116
False,107087
False,309797
False,564301
False,131597
False,398810
False,413852
False,310511
False,135564
False,429991
False,227736
False,568290
False,258442
False,479099
False,490
False,405695
False,11538
False,547338
False,463839
False,64256
False,192457
False,552374
False,322056
False,223534
False,244476
False,65443
False,265084
False,116741
False,512118
False,282062
False,109208
False,92280
False,67972
False,77100
False,237303
False,570538
False,411475
False,503028
False,233873
False,269088
False,237279
False,472462
False,531860
False,149151
False,107097
False,237505
False,393094
False,437276
False,18862
False,554502
False,281371
False,491660
False,16183
False,10732
False,528687
False,535950
False,296462
False,407346
False,191005
False,415378
False,101839
False,183806
False,275335
False,252873
False,427069
False,278032
False,236295
False,312472
False,562973
False,352211
False,371295
False,177413
False,342774
False,4765
False,377703
False,147597
False,489920
False,412384
False,425712
False,22929
False,401477
False,497500
False,545788
False,467096
False,142470
False,92207
False,2496
False,53629
False,28293
False,493612
False,212574
False,6177
False,141413
False,116988
False,355069
False,341299
False,100910
False,211042
False,420412
False,272673
False,397163
False,569059
False,445556
False,347018
True,474024
False,116196
False,151351
True,62872
False,503479
False,340103
False,230741
False,365068
False,336310
False,452793
False,407168
False,443432
False,544601
False,459987
False,441929
False,461340
False,550729
False,3518
False,388203
False,113235
False,529572
False,131343
False,6053
False,405355
False,314852
False,230422
False,302159
False,472030
False,313532
False,514217
False,575119
False,377322
False,450903
False,427853
False,495166
False,381463
False,513683
False,515102
False,210570
False,300881
False,304382
True,139151
False,9195
False,539673
False,454554
False,143439
False,207276
False,446130
False,435750
False,387990
False,74523
False,257421
False,283629
False,167431
False,96466
False,391914
False,558167
False,363276
False,30711
True,175102
False,34582
False,492030
True,552420
False,367074
False,560087
False,457766
False,176593
False,15810
False,334320
False,404205
False,579846
False,573357
False,266422
False,177023
False,464386
False,569769
False,398992
False,430871
False,390120
False,281327
False,503841
False,353902
False,90509
False,364358
False,193692
False,378736
False,461428
False,27370
False,101074
False,433994
False,443639
False,341440
False,557059
False,388352
False,217596
False,576749
True,275111
False,438537
False,455225
False,367003
True,291619
False,128409
False,237085
False,448795
False,62562
False,79667
False,37823
True,434657
False,563542
False,573195
True,543337
False,451834
False,103095
False,546538
False,272783
False,163473
False,469995
False,414736
False,412874
False,499259
False,197796
False,208714
False,580200
False,380499
False,318995
False,96161
False,341128
False,393735
True,7593
False,352236
False,577710
False,164951
False,116722
False,482148
False,328628
False,575519
False,372498
False,334699
False,80987
False,43851
False,143071
False,59328
False,458282
False,58708
False,432144
False,313562
True,324969
False,561636
False,302678
False,54001
False,191359
False,393682
False,244003
False,436394
False,74477
False,415335
False,569088
False,330028
False,118594
False,533944
False,202372
False,239417
False,66054
False,218886
False,546702
False,365218
False,46023
False,274574
False,553586
False,200421
True,573058
False,485367
False,398863
False,408469
False,543364
False,188013
False,418772
False,515540
False,250833
False,66696
False,122263
False,374806
False,300414
True,564459
False,580525
False,528318
False,180354
False,571499
False,271063
False,133042
False,145597
False,342585
False,395926
False,207117
False,23126
False,5205
False,323397
False,520448
False,274864
False,160852
False,403249
False,22174
False,255614
False,46267
False,96586
False,380828
True,555254
False,415028
True,408903
False,393126
True,467809
False,54957
False,66064
False,396670
False,426532
False,280823
False,89738
False,505464
False,450182
False,528198
False,529866
False,455615
False,467447
False,134882
False,392154
False,5684
False,563961
False,66800
False,403132
False,71684
False,469105
False,87363
False,189951
False,307032
False,348510
False,209802
False,48111
False,506576
False,48474
False,268948
False,190306
False,26501
False,113593
False,127785
False,338509
False,418959
False,327811
False,363349
False,227042
False,112702
False,328255
False,195715
False,119115
False,434078
False,533525
False,569678
False,434069
False,497873
False,178052
False,266622
False,96193
False,179965
False,567057
True,147103
False,527022
False,206587
False,152328
False,145926
True,551858
False,209347
False,329954
False,473741
False,274123
False,137798
False,290618
False,149657
False,428698
False,106935
False,42007
False,177381
False,183231
False,264033
False,1085
False,18136
True,398505
False,437720
False,47367
False,536579
False,29444
True,369153
False,150641
False,166424
False,205380
False,449428
False,215776
False,357017
False,221893
False,60774
False,298949
False,455654
False,507910
True,431256
False,169006
False,497320
False,355441
False,264304
False,62446
False,387150
False,428605
False,573667
False,355430
False,83060
False,562082
False,424337
False,27675
False,57676
False,93607
False,26504
False,94632
False,524520
False,66593
False,142806
False,174499
True,443602
False,205002
False,557400
False,222427
False,416918
False,136027
False,397315
False,106453
False,372136
False,280464
True,1700
False,243251
False,551082
False,120882
False,554828
False,290261
False,242757
False,128709
False,281575
True,336628
False,207833
False,487353
False,246382
False,86811
False,91796
False,579739
False,201758
True,170080
False,229127
False,448401
False,324670
False,16283
False,472143
False,440311
False,285691
False,340734
False,415746
False,209809
False,359870
False,281567
False,59194
False,27731
False,491904
True,262414
False,28417
False,173596
False,168852
False,136232
False,6473
False,107770
False,290652
False,360273
False,185849
False,392851
False,417854
False,565031
False,386058
False,470970
False,144394
False,384204
False,281394
False,52490
False,564636
False,409739
False,575971
False,294663
False,575756
True,430302
False,79589
False,206705
False,173882
False,313963
False,185475
False,371166
False,28209
False,27777
False,123055
False,46580
False,155914
False,166967
False,103502
False,357386
False,461073
False,143089
False,11758
False,23089
False,229474
False,358176
True,274642
False,460723
False,235498
False,12015
False,199215
False,160529
True,422640
False,76138
False,282206
False,372861
False,228460
False,88697
False,267059
False,278121
True,536782
False,114068
False,241986
False,157231
False,132850
False,254670
False,50618
False,13318
False,173760
False,291257
False,222245
True,401829
False,561009
False,307930
True,390893
False,350299
False,382710
False,244082
False,531961
False,188146
False,481172
False,267649
False,380244
False,154057
False,575754
False,506783
False,574360
False,149551
False,108602
True,410614
False,492037
False,453154
False,111207
False,99177
False,114230
False,104081
False,295285
False,447095
False,357572
False,33270
False,271452
False,268468
False,343452
False,179034
False,488764
False,70333
False,230900
False,576111
False,458567
False,493424
False,248310
False,4245
False,55184
False,350084
False,228834
False,371718
False,90935
False,171038
False,138083
False,11825
False,323661
False,324200
False,554040
False,329494
True,208779
False,407974
False,278541
False,212421
False,565405
False,111944
False,526980
False,10579
False,433202
False,425371
False,367611
False,80208
False,450006
False,117931
False,252929
False,560119
False,508030
False,166165
False,139306
False,538604
False,43150
False,211326
False,362369
False,543689
False,226599
False,110252
False,549954
False,510977
False,369547
False,154060
False,126075
False,253266
False,234637
False,403459
False,398350
False,540863
False,542625
False,194180
False,349907
False,425137
False,275197
False,348951
False,563758
False,121381
False,491558
False,46263
False,562645
False,318741
False,550719
False,8188
False,338872
False,104543
False,123643
False,255849
False,318997
False,76372
False,487282
False,311476
False,513602
False,429658
False,505486
False,420596
False,431902
True,529311
False,191505
False,69008
False,369016
False,132778
False,388341
False,174356
True,275933
False,23666
False,558153
False,522194
False,113391
False,193398
False,77282
False,80293
False,545734
False,185512
False,101069
False,91766
False,579374
False,294087
False,393384
False,315202
False,432619
False,425148
False,438237
False,26386
False,310055
False,99518
False,178692
False,469806
False,68826
False,205693
False,273142
False,48797
False,308653
False,238449
False,298913
False,468394
False,34418
False,8045
False,562863
False,579276
False,273081
False,94231
False,98981
False,420414
False,208805
False,340703
False,388923
False,20168
False,154244
False,118507
False,15301
False,562655
True,259243
False,542589
False,575763
False,574248
False,484123
False,23433
False,434358
False,510955
False,44136
False,248163
False,307278
False,313397
False,454928
False,120197
False,53778
False,300622
False,377525
False,398037
False,572462
False,415413
False,96737
False,465579
False,168627
False,513867
False,567013
False,474215
False,178178
False,217156
False,328797
False,34749
False,314556
False,483378
False,322726
False,173984
False,172405
False,348929
True,187644
False,83023
False,208012
False,125375
False,106397
True,355785
False,17352
False,147283
False,2349
False,100396
False,433200
False,541783
False,278962
False,116633
False,139549
False,345725
False,167456
False,137339
False,516634
False,124178
False,517794
False,155051
False,531949
False,330405
True,467107
False,262810
False,286556
False,237781
True,452050
False,279648
False,368087
False,350557
False,550893
False,330023
False,392556
False,356810
False,100430
False,71218
False,472643
False,158680
False,497049
False,303133
False,3461
False,379800
False,534473
False,296739
False,13267
False,439390
False,278977
False,331138
False,101860
True,187533
False,572678
False,2258
False,230321
False,430850
False,482626
False,515296
False,171255
False,275969
False,431043
False,509764
False,36425
False,106722
False,119194
False,101160
False,494911
False,101919
False,299568
False,409669
False,577096
True,211190
False,525932
True,318444
False,205367
False,192904
False,510695
False,227438
False,273561
False,439241
False,180013
False,416819
False,53450
False,423172
False,356828
False,313567
False,182339
False,59282
False,536100
False,332866
False,418757
False,556622
False,30
False,211760
False,265023
False,412761
False,353929
False,557315
False,322592
False,189737
False,137341
False,219357
False,370136
False,115359
False,288985
False,158923
False,25134
False,343960
False,545841
False,159374
False,328454
False,474073
False,409163
False,65490
False,287099
False,36757
False,197237
False,127522
False,403535
False,173371
False,291333
False,78071
False,221420
False,34222
False,471421
False,150196
False,9002
False,306620
True,504559
False,99135
False,114801
False,490610
False,177383
False,477887
False,84314
False,379122
False,533316
False,266437
False,12959
False,455658
False,511828
False,335092
False,296931
False,28093
False,472880
False,555972
False,354045
False,411501
False,528912
False,366884
False,510245
False,41528
False,133149
False,455601
False,63671
False,119669
False,149996
False,306113
False,342807
False,572383
False,12661
False,549729
False,186585
False,506574
False,334380
False,462224
False,320788
False,551164
True,87740
False,498669
False,184858
False,330223
False,37403
False,349912
False,537438
False,250385
False,417023
False,277466
False,89788
False,14089
False,98437
False,134167
False,243950
False,47638
False,576789
False,417220
False,125769
False,323203
False,13452
False,23163
False,256950
False,495040
False,337065
False,267834
False,375788
False,226065
False,308034
False,189388
False,224548
False,550478
False,129433
False,354770
False,390183
False,124747
False,316001
True,342593
False,281003
False,231851
False,218846
False,572125
False,44732
False,562805
False,325184
False,33629
False,284253
False,527102
False,568952
False,62017
False,500527
False,392967
False,10430
False,104320
False,121242
False,357210
False,354327
False,308635
False,4011
False,338169
False,167783
False,494552
False,483862
True,404823
False,424138
False,297699
False,238498
False,274881
False,475024
False,117679
False,105960
False,530583
False,23280
False,209286
False,480226
False,570409
False,550354
False,6531
False,570394
False,355221
False,212271
False,101248
False,207598
False,431404
False,149554
False,89895
False,120335
False,24053
False,514731
False,333240
False,313465
False,502360
False,207142
False,68894
False,185622
False,465412
False,92534
False,331759
False,84038
False,398527
False,44928
False,320918
False,547738
False,74336
False,42228
False,438531
False,305665
False,580613
False,153394
False,406097
False,395758
False,200267
False,435709
False,345618
False,26699
False,201748
False,209778
False,487003
False,166504
False,501634
False,484587
False,367818
False,458168
False,212573
False,352861
False,490670
False,435308
False,458124
False,10540
False,390262
False,100801
True,174504
False,362007
False,555110
False,30437
False,246398
False,376706
False,270570
False,285361
False,472416
False,243231
False,10400
False,335513
False,289741
False,161617
True,536607
False,226459
False,143139
False,253852
True,550392
False,176085
False,178870
False,32368
True,9451
False,366282
False,205963
False,350242
False,276853
False,417588
False,169495
False,553393
True,148642
False,464251
False,43712
False,200423
False,45580
False,146972
False,248324
False,162230
False,508821
False,228309
False,359470
False,38033
False,108953
False,456392
False,30345
True,23569
True,168106
False,25854
False,451896
False,471755
False,497139
False,112388
False,564745
False,130666
False,211433
False,492851
False,174213
False,83599
False,96453
True,152769
False,212575
False,442143
False,22658
False,155373
False,237912
False,84390
False,72485
False,419689
False,446637
False,566746
False,133565
False,133845
True,215511
False,425404
False,110797
False,78985
False,504159
False,490964
False,224874
False,225054
False,227843
False,545108
False,472226
True,553667
False,308911
False,122923
False,286406
False,97029
False,320200
False,372220
False,407038
False,398304
False,354948
False,118167
False,355223
False,166477
False,403937
True,239053
False,400161
False,335722
False,58338
False,11172
False,104792
False,122421
False,54691
False,400311
False,245895
False,326480
False,371651
False,238598
False,64454
False,264193
False,494471
False,290946
False,321991
False,211498
True,296072
False,491989
False,209682
False,389582
False,320627
False,293130
False,6870
False,530619
False,16701
False,412857
False,317732
False,555133
False,96825
False,102906
False,16308
False,487696
False,277709
False,191846
False,542015
False,198447
False,650
False,118465
False,371536
False,533368
False,157345
False,65270
False,335072
False,130512
False,67779
False,399138
False,462046
False,532267
False,571780
False,196049
False,401416
False,195064
False,455020
False,440769
False,241517
False,431825
False,129925
False,303735
False,569353
False,527112
False,127129
False,508278
True,13904
True,354167
False,156963
False,450893
False,386854
False,235314
False,32957
False,356922
False,510681
False,387318
False,114822
False,209015
False,557394
False,36151
False,250364
False,153428
False,29080
False,255272
False,10645
False,136142
False,568272
False,285897
False,448504
False,184822
False,40768
False,193380
False,237418
False,143224
False,231320
False,294593
False,75565
True,172056
False,498032
False,31904
False,231677
False,450026
False,92034
False,180462
False,360066
True,332915
False,319517
True,176519
True,538858
False,135996
False,32699
False,363194
False,100543
False,205875
False,246104
False,157125
False,129706
False,120846
False,382629
False,477067
False,576576
False,215949
False,304654
False,960
False,312662
True,273684
False,28099
False,10566
True,158908
False,551288
False,334373
False,15157
False,371598
False,14306
False,49853
False,357865
False,340976
False,72229
False,489890
False,415821
False,279083
False,425620
False,208815
False,176728
False,355742
False,445726
False,557552
False,281227
False,53170
False,446751
False,292112
False,39654
False,36252
False,169633
False,179019
False,273102
False,274629
False,31235
False,288176
False,265879
False,326399
False,80948
False,159399
False,282834
False,486171
False,370043
True,111598
False,64334
False,119765
False,218595
False,254797
False,218547
False,377394
False,196368
True,340187
False,181207
False,244578
False,84341
False,97346
False,413128
False,31865
False,495884
False,72105
False,233580
False,468245
False,135460
False,67143
False,263463
True,471601
False,308900
False,423749
False,237437
False,289338
False,172303
True,501824
False,127623
False,551199
False,556748
False,513371
False,83049
False,69169
False,303637
False,478955
False,574812
False,93535
False,497384
False,102307
False,282871
False,216618
False,75558
False,72606
False,34539
False,274570
False,532732
False,478499
False,324490
False,314836
False,504917
False,262690
False,210081
False,435294
True,70935
False,472814
False,378096
False,250022
False,504747
False,563340
False,94823
False,185606
False,455486
False,130508
False,248918
False,401509
False,74059
False,191666
False,150195
False,4684
False,380928
False,197680
False,253506
False,274108
False,176847
False,483028
False,478726
False,222828
False,139277
False,539966
False,356738
False,319866
True,20334
False,192047
False,189794
False,388712
False,539313
False,443165
False,436607
False,88789
False,481688
False,464682
False,478985
True,394535
False,311232
False,109450
False,7178
False,532753
False,394036
False,26985
False,264734
False,513381
False,222500
False,547100
False,274019
False,401778
False,369358
False,533715
False,230597
False,533381
False,298564
False,200980
False,242083
False,32760
False,458178
False,500940
False,145935
False,405994
False,236316
False,394008
False,515821
False,550414
False,231596
False,488406
False,575753
False,525050
False,188225
False,184379
False,40497
False,207479
False,291280
False,380227
False,21361
False,85462
True,2758
False,379476
False,470745
False,37527
False,18375
False,61585
False,485424
False,484342
False,163263
False,490032
False,365927
False,355192
False,104044
False,462878
False,245043
False,319295
False,265267
False,249549
False,306988
False,157944
False,310479
False,406445
False,275758
False,388900
False,48738
False,381008
False,82800
False,494179
False,169547
False,149550
False,247858
False,109055
True,528621
False,82003
False,19308
False,44228
False,528276
False,53589
False,414948
True,443844
False,214507
False,223499
False,477398
False,479578
False,116312
False,403184
True,473206
False,115942
True,213790
False,272901
False,157815
False,212970
False,327550
False,476443
True,419212
False,168329
False,145685
False,215398
False,217783
False,455363
False,69952
False,55090
True,41687
False,211386
False,481480
False,493864
False,132141
False,126563
False,172547
False,288268
False,286471
False,291742
True,140203
False,500945
False,58407
False,281168
False,292436
False,515585
False,71992
False,95822
False,133208
False,278204
False,69340
False,53088
False,563615
False,400487
False,510900
False,469661
False,325587
False,122498
False,337814
False,270705
False,575164
True,107035
False,51774
False,342965
False,10337
False,407063
False,290967
False,104718
False,521657
False,159310
False,308772
False,32606
False,209097
False,372959
False,254074
False,157251
False,369322
False,37748
False,489906
False,572469
True,343619
False,452761
False,531958
False,573943
False,10909
False,564465
False,551594
False,113905
False,189888
False,197597
False,329387
False,43922
False,132913
False,147960
False,326837
False,356043
False,460231
False,95506
False,293368
False,77686
False,455744
False,511133
False,290942
False,483723
False,524369
False,513616
False,83869
False,91912
False,451594
False,35694
False,212322
True,142352
False,50817
False,174421
False,329527
False,223241
False,168454
False,195600
False,142100
False,374171
False,216932
False,438422
False,288591
False,319257
False,405250
False,197638
False,401893
False,86869
False,512630
False,344477
False,504338
False,524507
False,506441
False,498337
False,516712
False,166869
True,443541
False,462292
False,301102
False,549101
False,297967
False,286055
False,311092
False,538413
False,406119
False,225516
False,104943
False,265611
False,85646
False,14880
False,489267
False,310242
False,367400
False,329652
False,99604
False,201032
True,137992
False,17882
False,372150
False,74917
False,76257
False,496081
False,1296
False,500194
False,137115
False,464616
False,321516
False,161328
False,447861
False,383652
False,40187
False,104470
False,465327
False,479944
False,140909
False,213970
True,357228
False,164583
False,20491
False,132993
False,194352
False,110611
False,17413
False,244167
False,461880
False,577520
False,455717
False,68817
False,232656
False,322261
False,411853
False,230867
False,463647
False,130181
False,434581
False,126027
False,44830
False,125106
False,270244
False,95337
False,505611
False,297844
False,246145
False,576987
False,184295
False,532
False,142667
False,422850
False,483046
True,400332
False,397815
False,439907
False,278175
False,213758
False,318967
False,342367
False,4359
False,114035
False,222696
False,288171
True,408272
False,117515
False,419908
False,497464
False,149469
False,325863
False,181682
False,247929
False,292923
False,534988
False,409855
False,490434
False,546379
False,558646
False,450455
False,169154
False,413320
False,235663
False,318180
False,488539
False,380522
False,572985
False,218990
False,81317
False,11856
False,35857
False,268008
False,310735
False,410102
False,489986
False,384110
False,203021
False,163253
False,422298
False,567837
False,411446
False,26534
False,577934
False,80275
False,421451
True,47909
True,516106
False,390345
False,126817
False,43585
False,116088
True,433232
False,295269
False,71907
False,372412
False,276836
False,182242
False,274352
False,532605
False,100863
False,519275
False,571249
False,534716
False,254008
False,279065
False,388980
False,96998
False,228558
False,508504
False,87980
False,445095
False,409525
False,372775
False,452359
False,423267
False,81408
False,118459
False,560880
False,85212
False,188426
False,536963
False,443497
False,564235
False,383244
False,578902
False,76529
False,532817
False,531730
False,311174
False,228018
False,347957
True,114661
False,104422
True,346089
False,486686
False,538709
False,412720
False,398177
False,318346
False,392180
True,410650
False,214464
False,115372
False,377282
False,240798
False,101594
False,415787
False,497484
False,413918
False,469424
False,415039
False,111447
False,548593
False,212695
False,372234
False,538120
False,450584
False,529391
False,470907
False,31602
False,180721
False,242631
False,425481
False,115316
True,492107
False,342869
False,124294
False,187125
False,117445
False,466191
False,155402
False,170917
False,17244
True,104337
False,129247
False,132964
False,505895
True,446473
False,436859
False,344205
False,575222
False,87593
False,268856
False,293333
False,47255
False,296471
False,502
False,189045
False,513555
False,470085
False,141554
False,100973
False,503926
False,542147
False,52992
False,41710
False,68833
False,193386
False,167713
False,484200
False,557508
True,426551
False,312890
False,451420
False,225750
True,236426
False,100222
False,386134
False,81484
False,499480
False,443373
False,295195
False,37707
False,398382
False,14353
False,341070
False,306431
False,229852
True,553849
False,184184
False,498541
False,237110
False,407092
False,233697
False,581770
True,485917
False,399878
False,194108
False,558127
False,151264
False,486045
False,447041
False,150636
True,255479
False,189461
False,412090
False,515025
False,308829
False,281970
False,493253
True,335328
False,458677
False,58684
False,495680
False,321194
False,496313
False,551327
False,106896
False,570205
False,423767
True,229352
False,30314
False,418292
True,111644
False,319062
False,68623
False,136117
False,428691
False,191616
False,7722
False,516414
False,415551
False,450864
False,192145
False,80084
False,178616
False,716
False,336783
False,75630
False,88330
False,200778
False,316113
False,524925
False,112253
False,295310
False,580392
False,572830
False,477441
False,249453
False,189765
False,282296
False,95633
False,55521
True,423962
False,200759
False,82041
True,553780
False,509518
False,293855
False,376864
False,189452
False,546499
False,180168
False,160064
False,149027
False,218456
False,58385
False,203054
False,337997
False,201207
False,246446
False,195886
False,228004
False,87864
False,326849
False,264151
False,511006
False,31334
False,15618
False,213780
False,578627
False,189975
False,474545
False,441464
False,31250
False,135475
False,46265
False,326143
False,298639
False,34785
False,148665
False,52091
False,135032
False,186442
False,96107
False,228456
True,278028
False,90956
False,270749
False,444591
False,512292
False,296211
False,50624
False,97321
False,229216
False,132668
False,63370
False,542221
False,576727
False,125335
False,547742
False,199551
False,352739
False,97264
False,97219
False,195332
False,62231
False,160836
False,264551
False,387044
False,170227
False,361587
False,436105
False,560754
False,475370
False,166489
False,131323
False,292648
False,382670
False,535089
False,453959
False,474846
False,256366
False,158035
False,61106
False,292493
False,299307
False,294954
False,187869
False,544130
False,307936
False,357501
False,351577
False,172426
False,9987
False,158335
False,272706
False,150082
False,171524
False,18078
False,420466
False,12698
False,126018
False,323733
False,178193
False,298994
False,434211
False,53928
False,106567
False,484227
True,128963
False,41633
False,35927
False,11579
False,47686
False,8711
False,153013
False,581277
False,329138
False,463851
False,447117
False,26049
False,524500
False,43110
True,566237
False,135251
False,149431
False,478648
False,196365
False,553984
False,544577
False,136111
False,84968
False,100081
False,70889
False,287399
False,17076
False,141265
False,461968
False,86512
False,482634
False,389772
False,120179
False,71720
True,44414
False,72715
True,101094
False,144178
False,414082
False,19559
False,289460
False,60056
False,26747
False,21285
False,75423
False,208379
False,135694
False,446670
False,161603
False,245659
False,445338
False,80619
False,581873
False,58951
False,435933
False,428602
False,41366
False,244478
False,422706
False,479620
False,512924
False,477911
False,138601
False,124188
False,19558
True,286925
False,579045
False,540287
False,230610
False,293372
True,341645
False,264846
False,327337
False,564934
False,189893
False,226254
False,577817
False,416309
False,314607
False,459136
False,431950
False,290410
False,231052
False,484300
False,201420
False,19013
False,190487
False,214256
False,43176
False,191803
False,265518
False,267499
False,63077
False,526419
False,464928
False,510538
False,324246
False,359857
False,98979
False,510910
False,553154
False,164502
False,12839
False,241100
False,322979
False,99580
False,514131
False,375296
False,211198
False,243071
False,217387
False,207556
False,347695
False,89318
False,107019
False,405215
False,310047
False,31161
False,373679
False,189775
False,100539
False,383329
False,296136
False,527906
False,350826
False,241292
False,165518
False,367785
False,426443
False,429111
False,193318
False,46065
True,118186
False,478778
False,268141
False,444498
False,136992
False,335551
False,185983
False,125365
False,190499
False,175715
False,510340
False,157181
False,173221
False,477383
False,213586
False,504289
False,370790
True,350360
False,74124
False,106900
False,5277
False,285460
False,25895
False,448701
False,55764
False,394880
False,134362
False,33756
True,302958
False,471023
False,506842
False,293300
False,43664
False,574145
False,324415
False,111157
False,74461
False,127644
False,466926
False,288814
False,212584
False,536233
False,128929
False,29732
False,349511
False,267363
False,11737
False,242139
False,510768
False,104097
False,297227
False,293362
False,318483
False,433097
True,395216
False,342273
False,445994
False,79262
False,14709
False,287033
False,501329
False,529772
False,154423
False,532827
True,43829
False,178516
False,400431
False,353405
False,12069
False,142080
False,136002
False,386068
False,255443
False,97529
False,109482
False,223718
False,436464
False,459166
False,254535
False,59540
False,232886
False,69052
False,208963
False,319139
False,506470
False,346774
False,536884
False,513351
False,101304
False,532247
False,5278
False,336675
True,10545
False,298360
False,323030
False,277473
False,379784
False,205776
True,112065
False,455657
False,325567
False,475493
False,466736
True,110006
False,468538
False,68152
False,174787
False,479314
False,502726
False,481465
False,240695
False,565110
False,542778
False,421757
False,122350
False,480495
False,450477
False,361693
False,79878
False,341186
False,332097
False,408185
False,502862
False,70965
False,203406
False,384463
False,1803
False,92188
False,107443
False,3764
False,62053
False,294029
False,471737
False,362745
False,490275
False,510250
False,49761
False,28392
False,414122
False,436578
False,225848
False,283984
False,143382
False,109928
True,314645
False,124711
False,144330
False,181574
False,10793
False,181009
False,481090
False,395791
False,76816
False,294585
False,237699
False,164672
False,386958
False,353175
False,118113
False,250367
False,497179
False,405041
False,190157
False,10094
False,75057
False,255422
False,493717
False,389684
False,84174
False,60332
False,386525
False,37751
False,442298
False,466037
False,91595
False,208418
False,370523
False,36861
False,144795
False,527618
False,351809
False,490031
False,189361
False,465129
False,76476
False,67236
False,229233
False,423222
False,9866
False,388214
False,144280
True,295472
False,484007
False,196676
False,356771
False,439003
False,458870
False,387369
False,476380
False,175383
False,86927
False,183965
False,11713
False,343325
False,225829
False,212321
False,230687
False,553378
False,1063
False,570738
False,318740
False,419051
True,7298
False,510209
False,348204
False,234515
False,455182
False,566998
False,47658
False,531137
False,92196
False,150559
False,298395
False,96311
False,254629
False,504599
False,469816
False,166525
False,6998
False,10012
False,190271
False,89221
False,191525
False,313956
False,183538
False,90718
False,349580
False,350701
False,3613
True,97661
False,181176
False,451409
False,488658
False,545950
True,180341
False,127042
False,186075
False,542681
False,145637
True,64059
False,490908
False,247065
False,196715
False,426829
True,235479
False,308883
False,41945
False,298382
False,190026
False,278627
False,304092
False,505822
False,321418
False,334011
False,14986
False,91784
False,79926
False,200401
False,480345
False,98839
False,368193
False,455865
False,387824
False,390311
False,428029
False,237202
False,79191
False,29432
False,9983
False,66347
False,489645
False,390087
True,423540
False,89109
False,505888
False,335935
False,68149
True,572907
False,418394
False,186906
False,502712
False,514693
False,37109
False,188805
False,141219
False,307020
False,296698
False,16629
False,566324
False,326689
False,365222
False,505863
True,262873
False,150942
False,536054
False,214946
False,75132
False,180878
False,290106
False,406056
False,4442
False,190915
False,171607
False,462632
False,86220
False,482528
False,431686
False,428485
True,316012
False,460095
False,551427
False,298641
False,444353
False,483796
False,325666
False,165945
False,353723
False,473144
False,373704
False,397897
True,521094
False,209919
False,115967
False,367695
False,223871
False,4843
False,157767
False,45828
False,248591
False,560580
False,387809
False,331992
False,135815
False,473634
False,117772
False,58772
False,332627
True,429039
False,184718
True,501926
False,53420
False,31749
False,138153
False,237093
False,266496
False,342085
False,330086
False,178535
False,427639
False,268161
False,356660
False,326555
True,44743
False,187287
False,360236
False,93764
False,174351
False,110780
False,378638
False,304614
False,325915
False,94501
False,404227
False,382707
False,201887
False,190829
False,18559
False,580829
False,345100
False,37709
True,476843
False,411043
False,9830
False,53939
False,535817
False,114972
False,247121
False,278134
False,179409
False,133131
True,57224
False,214391
False,274398
False,344726
False,218215
False,216378
False,331196
True,189766
False,94272
False,135326
False,349030
False,547743
False,194527
False,130122
False,369036
False,400870
False,543660
False,70983
False,420669
True,109229
False,45835
False,403789
False,566756
False,28288
False,265957
False,193880
False,559838
False,575701
False,515136
False,316852
True,333629
False,403222
True,346313
False,306031
False,572790
False,340983
False,392670
False,291478
True,573476
False,458143
False,423618
False,100909
False,551780
False,132408
False,89405
False,462449
False,318564
False,247351
False,3003
False,435090
False,425672
False,437651
False,316383
False,294035
False,334751
False,173908
True,338948
False,246007
False,409850
False,499978
False,6539
True,527270
False,504560
False,42725
False,324772
False,396793
False,394058
False,221903
False,56127
False,157551
True,439560
False,21826
False,270420
False,435081
False,64431
False,26393
False,95736
False,26007
False,240951
False,328246
False,453526
False,354994
False,544856
False,273089
False,497393
False,71347
False,427598
False,82220
False,222921
False,319228
False,163081
False,145631
False,253796
False,352000
False,43815
False,108826
False,275466
False,485724
False,214419
False,275938
False,361763
False,166021
False,349310
False,400729
False,145209
True,60125
False,275902
False,313386
False,499142
False,331201
False,289633
False,298034
False,482093
False,551063
False,568886
False,517878
False,126607
False,19863
False,11299
False,102387
True,454695
False,378118
False,472783
False,192631
False,502884
False,381560
False,246166
False,81961
False,532338
False,579906
False,439481
False,57672
False,298170
False,427729
False,165680
False,201899
False,541077
False,397648
False,495568
False,2055
False,413459
False,328091
False,359085
False,538424
False,579035
False,11726
False,264336
False,491192
True,147595
False,547513
False,482507
False,174771
False,206235
False,181742
False,449856
False,560677
False,429228
False,233102
False,55295
False,457566
False,84276
False,140130
False,366811
False,202805
False,169382
False,215023
False,456886
False,195062
False,223587
False,131882
False,389464
False,115033
False,355611
False,33499
False,554154
False,346445
False,95620
True,196525
False,378415
True,194786
False,382104
False,147896
False,225138
False,298242
False,363957
True,187015
False,424871
False,404007
False,211983
False,562196
False,50767
False,351910
False,24563
False,6765
True,167551
False,513080
False,195073
False,405747
False,93586
False,269314
False,247263
False,362175
False,187949
False,161595
False,52087
False,55294
False,331119
False,104509
False,178754
False,335380
False,387551
False,291550
False,72666
False,251690
False,160402
False,562897
False,395120
False,528541
True,463174
False,18553
False,415634
False,20515
False,417804
False,288229
False,237569
True,264572
False,229058
False,347535
False,157807
True,264241
False,438707
True,181156
False,301129
False,97363
False,451693
False,531873
False,54744
False,75902
False,418565
False,362091
False,108463
True,535871
False,447967
False,336245
False,380729
False,252576
False,68028
False,380620
False,179480
False,566261
False,343349
False,224848
False,571215
False,117064
False,72
False,127167
False,382182
False,266600
True,232845
False,364853
False,375186
False,493978
False,4741
False,455943
False,548698
False,436580
False,453711
False,94004
False,24924
False,542402
False,186245
False,536008
False,6810
False,571264
False,330909
False,461252
False,379722
False,404282
False,264347
False,425320
False,330796
False,175593
False,245232
False,1308
False,234595
False,102848
False,289995
True,80131
False,108112
False,92288
False,605
False,314108
False,109323
False,51314
False,447689
False,508516
False,378077
False,66700
False,514955
False,97201
False,137496
False,103128
False,505738
False,393254
False,365596
False,370669
False,61730
False,189244
False,542060
False,474271
False,265839
False,32809
False,471842
False,211707
True,486178
False,348203
False,277616
False,405767
False,545163
False,195079
False,135673
False,437452
False,312233
False,324443
False,414176
False,174522
False,272262
False,36244
False,215565
False,287509
False,422608
False,219869
False,195701
False,359687
False,560396
False,81660
False,446655
True,214127
False,367468
False,215723
False,463308
False,86861
False,362282
False,165253
False,188510
False,293819
False,441172
False,546511
False,177353
False,338987
False,214565
False,304079
False,358291
False,246920
False,206273
False,228316
False,539265
False,335703
False,50655
True,334723
False,211839
False,399649
False,134475
False,86476
False,572051
False,203188
False,546896
False,67987
False,97667
False,580825
False,9199
False,170774
False,176017
False,236389
False,267372
False,481042
False,24547
False,489070
False,218388
False,337833
False,59321
False,105620
False,565469
False,366782
False,441460
False,7022
False,305564
False,36773
False,391088
False,337325
False,254007
False,398901
False,172218
False,50101
False,181351
False,331607
False,369905
False,503170
False,404114
False,362677
False,201372
False,146509
False,462953
False,494190
True,71877
False,110634
False,517910
False,626
False,401094
False,382890
False,350170
False,199011
False,237600
False,576689
False,209113
False,572042
False,228915
False,489449
True,174888
False,104328
False,456519
False,29656
False,403345
False,276168
False,139561
False,65012
False,320077
False,99632
False,551685
False,443940
False,497348
False,76657
False,511285
False,318701
False,208053
False,219454
False,103902
False,339830
False,99407
False,542407
True,460997
False,501756
False,19062
False,354639
False,18270
False,190792
False,206467
False,541472
False,548844
False,390474
False,500531
False,51800
False,389586
False,180609
False,67906
False,475915
True,450570
False,341033
False,496793
False,512304
False,239499
False,377361
False,321711
False,371003
False,233348
False,301256
False,347101
False,130164
False,210065
False,494346
False,575355
False,318854
False,377097
False,27390
True,353707
False,452685
False,508100
False,181847
False,419767
False,443390
True,334549
False,379085
False,286182
False,474693
False,203459
True,93332
False,264735
False,506187
False,153980
False,36478
False,170291
False,361766
False,42578
True,86516
False,151455
False,125499
False,157019
False,509555
False,439615
True,289572
False,312326
False,10969
True,355064
False,238905
False,410375
False,141247
False,131011
False,423951
False,502148
False,404633
True,175111
False,185225
True,129758
True,474423
False,18312
False,24243
False,235967
True,212733
False,459557
False,527844
False,209531
False,78042
False,201722
False,480991
False,183015
True,93685
False,326374
False,167528
False,69599
False,266809
False,422887
False,67004
False,83914
False,291725
False,552237
False,190617
False,559958
False,412887
False,197918
False,437356
False,551349
False,31540
False,454647
False,119982
False,379713
True,14807
True,283750
False,200391
False,459190
False,382696
False,291827
False,90646
False,358265
False,359678
False,60952
False,303250
False,290511
False,480167
False,298316
False,504970
False,215320
False,341424
False,398702
False,313553
False,31825
False,236505
False,503482
False,441132
False,202827
False,45946
False,321841
False,467929
False,213247
False,530950
False,223595
False,510012
False,12302
False,442125
False,549166
False,332875
False,388123
False,399162
False,194576
False,219632
False,148780
True,449914
False,230879
False,441574
False,449307
False,503318
False,25550
False,259359
False,459733
False,147290
False,374396
False,365404
False,422268
False,483288
False,202500
False,198422
False,149810
False,131084
False,361648
False,465529
False,217306
True,180739
False,92131
False,164564
False,498615
False,281846
False,93580
False,52575
False,437967
False,512468
False,345897
False,428113
False,116431
False,32413
False,17741
False,402858
False,154245
False,456422
False,12597
False,333808
False,288202
False,58563
False,512657
False,193664
False,234244
False,239337
True,350930
False,44167
False,406061
False,508008
False,10759
False,68238
False,20608
False,510047
False,33841
False,356351
False,337246
False,560587
True,369529
False,63017
False,55668
False,18194
False,131277
False,82488
False,18525
False,551944
False,80053
False,107156
False,197561
True,357413
False,384325
False,64765
False,406391
False,66831
False,307259
False,400299
False,126657
False,128553
False,500717
False,552170
False,436968
True,165334
False,426687
False,246454
False,112739
False,578270
False,157119
False,39022
False,268418
False,263311
False,2261
False,358174
False,486936
False,279634
False,409165
False,468055
False,268342
False,378068
False,308777
False,172805
False,354132
False,121068
False,466395
False,382411
False,369601
False,351166
False,118916
False,90787
False,132139
False,209089
False,198308
False,122354
False,242789
False,527816
False,56684
False,40681
False,123310
False,192048
False,306782
False,206770
False,254856
False,552199
False,411620
False,415588
False,294608
False,310870
False,295759
True,436719
False,417540
False,329541
False,276325
False,495993
False,569867
False,136043
False,530952
False,579999
False,62347
False,467878
False,153607
False,62839
False,279997
True,82969
False,449902
False,416760
False,499627
False,251818
False,159375
False,238001
False,270165
False,554978
False,4173
False,208251
False,321610
False,10903
False,279081
False,131516
False,352440
False,238448
False,306433
False,325831
False,558090
False,109598
False,536786
False,147547
False,230837
False,529107
True,87851
False,98325
False,235233
False,379749
True,242133
False,69625
False,107384
False,193663
False,506514
False,550529
False,368645
False,85974
False,578128
False,468337
False,378482
False,412842
False,558702
False,304217
False,160089
False,472700
False,189304
False,39138
False,399835
False,380898
False,193640
False,318108
False,41802
False,110784
False,250518
False,548874
False,475236
False,447524
False,26443
False,372308
False,541991
False,108987
False,472296
False,516726
False,539716
False,458463
False,546984
False,289147
False,175251
False,566785
False,360555
False,457054
False,563652
False,325710
False,329843
False,165760
False,530069
False,234834
False,292314
False,420552
False,169653
False,374966
False,187776
False,340504
False,497010
False,156128
False,340903
False,71145
False,387887
False,275393
False,146301
False,6334
False,325366
False,561006
False,472737
False,315769
False,5088
False,132857
False,16468
False,441874
False,43776
False,223977
False,382589
False,528832
False,75405
False,493626
False,471771
False,137589
False,143401
False,510211
False,234084
False,475053
False,533942
True,407178
False,23035
False,139210
False,301225
False,426470
False,5339
False,412680
False,521570
False,30421
False,98940
False,67961
False,553867
False,119428
False,85157
False,418215
True,572296
False,292727
False,242968
False,335515
False,321879
False,149338
False,276192
False,55689
False,65564
False,380034
False,339603
False,575343
False,562488
False,90365
False,433854
False,483377
False,305343
False,227733
False,174303
False,388853
False,377850
False,145422
False,1355
True,285826
False,464339
False,251026
False,488243
False,111140
False,532876
False,79034
False,365182
False,122947
False,530903
False,393230
False,184707
False,472041
False,87429
False,6422
False,279584
False,538108
False,370369
False,397473
False,501739
False,357870
False,171309
False,101892
True,390435
False,89397
False,498427
False,83580
False,553150
False,350413
False,579312
False,444470
False,2270
False,321140
False,48396
False,238114
True,283678
False,302275
False,46169
False,340213
False,393513
True,559842
False,367718
False,16735
False,546647
False,239047
False,489014
False,502485
True,179153
False,296693
False,556542
False,461024
True,451275
False,73427
False,111549
False,446006
False,491579
False,268340
False,12192
False,40988
False,236385
False,344548
False,481820
False,239728
False,463876
False,414510
False,467182
False,107977
False,92353
False,546937
False,73139
False,401838
False,340929
False,182469
False,401398
False,140488
False,35150
False,106836
False,301238
False,274978
False,253828
False,249905
True,12147
False,502916
False,415026
False,462379
False,209570
False,204087
False,225383
False,94841
False,101531
False,166692
False,141893
False,436333
True,155131
False,377854
False,103504
False,149127
False,141779
False,506321
False,308193
False,546952
False,291724
False,22987
False,95501
False,506039
False,467314
False,573928
False,268454
False,111388
False,295896
False,68482
True,534122
False,273120
False,545160
False,145264
False,109753
False,280059
False,407355
False,143420
False,16009
False,322769
False,318190
False,470618
False,32682
False,154895
False,51100
False,193717
False,72898
False,394559
False,114978
False,537241
True,107741
False,440334
False,196540
False,567077
False,474319
False,532224
False,190603
False,513096
False,546140
False,117494
False,558878
False,126323
False,395405
False,104884
False,105728
False,120987
False,539705
False,289005
False,206487
False,66316
False,304150
False,167908
False,115465
False,457348
False,400734
False,552814
False,129510
False,418637
False,165829
False,487774
False,211735
False,252535
False,471789
False,469825
False,310912
False,169934
False,159013
False,159262
False,557447
False,41577
False,15978
False,342683
False,283059
False,282659
False,69977
False,328069
False,352841
False,155997
False,232348
False,406275
False,62850
False,68411
False,227503
False,87569
False,122116
False,49143
False,540959
False,507198
False,448253
False,426372
False,238201
False,549127
False,535563
True,160735
False,300177
False,134606
False,128837
False,212483
False,503536
False,315508
True,365851
False,165267
False,551481
False,420976
False,515213
False,106963
False,310989
True,154685
True,275448
False,375357
False,301232
False,170730
False,32522
False,61559
False,302997
False,5811
False,75884
False,12103
False,101079
False,38439
False,541258
False,230240
False,189307
False,244334
False,494415
False,479670
False,579206
False,42779
False,533988
False,576247
False,340971
False,558822
False,53958
False,72776
False,363217
False,129862
False,87235
False,108819
True,403190
False,399851
False,337890
False,133175
False,8053
False,202832
False,482912
False,485113
False,454644
False,51156
False,485605
False,496832
False,108836
False,312536
False,396580
False,333102
False,12876
False,362363
False,225893
False,65957
False,104299
False,544815
False,33727
True,208095
False,26702
False,373648
False,398175
False,37358
False,170780
False,227226
False,208244
False,511734
False,311965
False,171495
False,123220
False,505661
False,247269
False,116003
False,433334
False,91644
False,479315
False,398548
False,378867
False,60360
False,183256
False,182245
False,222782
False,498022
False,482037
False,346875
False,328065
False,147128
False,245274
False,106363
False,131522
False,46728
False,402406
False,230151
False,471191
False,170700
False,346067
True,195697
False,407602
False,74924
False,92714
False,126246
False,426482
False,451713
False,69661
False,498208
False,442723
False,77870
False,517405
False,195806
False,111772
True,524718
False,449490
False,403739
False,335565
False,319449
False,344025
False,401720
False,286171
False,55206
False,154713
False,236438
False,388148
False,136993
False,344288
False,389345
False,385517
False,470697
False,95069
False,330609
False,532555
False,268966
False,135057
False,335087
False,529500
False,397148
False,133788
False,528030
False,218513
False,39750
False,76648
True,369167
False,105280
False,490198
False,58079
False,89468
False,490875
False,319521
False,107935
False,495288
False,336843
False,115043
False,234255
False,156974
False,507444
True,418034
False,324322
False,174632
False,396404
True,570263
False,502058
False,35891
True,166297
False,29341
True,365983
False,232277
False,224244
False,346275
True,428254
False,343062
False,249689
False,90994
False,10046
True,206907
False,72023
False,143783
False,174529
False,350206
False,350310
False,205355
False,232648
False,393942
False,182503
False,566277
False,403374
False,490503
False,547612
False,219472
False,325015
False,144089
False,106180
False,494936
False,42528
False,166344
False,511204
False,52348
False,556485
False,234957
False,288847
False,542582
False,294223
False,318437
False,508612
False,193095
False,183719
False,538209
False,485422
False,209822
False,417355
False,182736
False,340102
False,117156
False,267338
False,396321
False,64015
False,269213
False,408946
False,487649
False,336563
False,112751
False,382559
False,124018
True,478157
False,241148
False,434177
False,471470
False,33764
False,145015
False,50883
False,528544
False,422816
False,395211
False,327849
False,27902
False,254400
False,170937
False,503227
False,87862
False,381808
False,204074
False,17938
False,566984
False,139344
False,453558
False,14975
False,221400
False,542350
False,91387
False,534259
False,549044
False,65584
False,81995
False,103841
False,453178
False,500130
False,80207
False,172843
False,533979
False,268213
False,6560
False,389589
False,111945
False,575017
False,335009
False,402583
False,60117
False,140375
False,349475
False,329258
False,366659
False,242216
False,439274
False,36589
False,302103
False,358814
False,18224
False,339798
False,198319
False,534513
False,102741
False,476609
False,131133
False,331096
False,11272
False,453824
False,237560
False,326207
False,373132
False,195890
True,548361
False,6842
False,61395
False,67327
False,103581
False,186777
False,71306
False,210542
False,476008
False,454996
False,448461
False,435210
False,553179
False,441884
False,14821
False,361268
False,567976
False,253335
False,467092
False,133428
False,135210
False,93070
False,204422
False,129143
False,2240
False,516345
False,562846
False,57697
False,179914
False,185819
False,243839
False,13969
False,457735
True,233471
False,305267
False,250443
False,463495
False,426877
False,240490
False,198249
False,453221
False,461794
False,23380
False,138784
False,63873
False,505643
False,80927
False,178081
False,515401
False,168626
False,481841
False,431439
False,369230
False,320160
True,68205
False,285478
False,490582
False,487941
False,71429
False,43997
False,332692
False,227198
False,157866
False,150920
False,574135
False,401735
False,286106
False,300488
False,572756
False,188639
False,152425
False,99966
False,265544
False,480728
False,410805
False,264718
False,88988
False,436199
False,241046
False,558291
False,359357
False,400919
False,35972
False,373396
False,273716
False,493416
False,312379
False,326064
False,112915
False,402847
False,450771
False,466307
False,138904
False,374266
False,352724
False,484256
False,202742
False,408922
False,296098
False,95121
False,354572
False,257211
False,215627
False,196623
False,425914
False,489501
False,339547
False,373426
False,470541
False,32039
False,358004
False,206155
False,558294
False,203611
False,461620
False,428452
False,364941
False,183204
False,418281
False,398428
False,295952
False,185025
True,304252
False,321089
False,132120
False,383838
False,311358
False,214261
False,189159
False,354493
False,532509
False,308476
False,28903
False,196777
False,423643
False,495162
False,493659
False,131611
False,6760
False,556476
False,352425
False,485887
False,311022
False,406595
False,312033
False,334048
False,568572
False,311846
True,439756
False,314379
False,172398
False,412004
True,357202
False,378809
False,210501
False,354695
False,67623
False,366421
False,367951
False,108170
False,273253
False,21469
False,364244
False,65333
True,415153
False,459214
False,270123
True,66003
False,93666
False,228380
False,463320
False,159530
True,195768
False,167746
False,359126
False,17170
False,549394
False,492246
False,264201
False,567535
False,348480
False,151859
False,268781
False,554410
False,177924
False,266336
False,209018
False,184497
False,72095
False,512918
False,106107
False,574454
False,79456
False,214216
False,8646
False,245662
True,263586
False,400945
False,514787
False,485761
False,469002
False,252121
True,13892
False,122825
False,267502
False,508749
False,488897
False,427657
False,103578
False,395703
False,447999
False,152273
False,92514
False,343552
False,527624
False,42482
False,297639
False,66014
False,281464
False,515751
False,93875
False,409135
False,371603
False,541856
False,411438
False,229889
False,223447
False,242619
False,132336
False,54943
False,53569
False,531018
False,521717
False,400836
False,57535
False,438101
False,438075
False,315423
False,112208
False,81127
False,89121
False,461378
False,225479
False,458204
False,509367
False,569645
False,196584
False,435466
False,477042
False,83086
False,221878
False,322246
False,233005
False,491018
False,84230
False,528957
False,277431
False,360575
False,252134
False,220651
False,367579
False,402720
False,159213
False,51525
False,67220
True,94033
True,28318
False,94245
False,298697
False,55072
False,360447
False,359070
False,544811
False,219735
False,204188
False,90662
False,252659
False,269172
True,360143
False,52952
False,453682
False,79567
False,25467
False,12166
False,545128
False,134169
False,301201
False,303652
False,363514
False,490998
False,304777
False,241786
True,285505
False,296707
False,230769
False,197401
False,330084
False,394210
False,189129
False,401857
False,487076
False,75723
False,555457
False,330732
False,565447
False,190581
False,379067
False,37595
False,459151
False,320926
False,119787
False,54171
False,382316
False,232598
False,109750
False,367552
True,561337
False,233517
False,84749
False,162033
True,103251
False,527783
False,186828
False,541709
False,416279
False,458349
False,206176
False,384883
False,549088
False,222961
False,146861
False,556426
False,108253
True,530987
False,75726
False,159198
False,449433
False,192878
False,80614
False,98590
False,164290
False,253148
False,538690
False,429685
False,506862
False,60052
False,139237
False,71818
False,63726
False,61717
False,34961
False,399594
False,499237
False,99597
False,228541
False,442670
False,280805
False,500467
False,173545
False,58785
False,33213
False,174071
False,296711
False,170108
False,449244
False,28287
False,168491
False,114235
False,284789
False,352316
False,340004
False,22834
False,171966
False,435783
False,511208
False,95561
False,451651
True,424536
False,510365
False,320324
False,84533
False,15254
False,479191
False,526521
False,282137
False,132838
False,361197
False,9190
False,297154
False,468100
False,392105
False,116786
False,416655
False,377723
False,12488
False,574739
False,134562
False,297615
False,11754
False,498228
True,365735
False,508923
False,382582
True,129852
False,330766
False,268711
False,147865
False,462618
False,183051
False,113756
False,464089
False,237309
False,237843
False,279693
False,345831
False,554436
False,204461
False,481284
False,90290
False,411738
False,532164
False,103366
False,455384
False,102841
False,10787
False,127495
False,207803
False,347648
False,503106
False,427462
False,393844
False,7567
False,208086
False,513266
False,529555
False,419211
False,366683
False,115365
False,498555
False,532966
False,552956
False,255453
False,298303
False,559700
True,83408
False,223741
False,223832
False,507390
False,545710
False,148517
False,69494
False,326533
True,425074
False,518083
False,250344
False,492129
False,517972
False,135626
False,120918
False,300034
False,540750
False,114694
False,348573
False,493862
False,287572
False,127854
False,80104
False,445004
False,273850
False,115700
False,13783
False,52112
False,83632
False,183154
False,99941
False,171181
False,122196
False,379343
False,312596
False,121016
False,147328
False,555074
False,338670
False,30332
False,569065
False,575624
False,459919
False,16228
False,476767
False,371038
False,114061
False,371638
False,138494
False,11635
False,136819
False,470361
False,425943
False,453626
False,172574
False,334291
False,450914
False,175494
False,514771
False,141002
False,426408
False,485239
False,23480
False,412363
False,120595
False,301963
False,458205
False,98767
False,458616
False,291402
False,269105
False,86934
False,294
False,15151
False,81474
False,488059
False,351287
False,137188
False,376407
False,385178
True,422274
True,215291
False,87334
False,562741
False,82438
False,300169
False,107964
False,117784
False,280976
False,530300
False,239943
False,101820
False,415911
False,320533
True,346352
False,244423
False,324682
False,467646
False,52256
False,73387
False,543178
False,20849
False,45625
True,117584
False,382083
True,334410
False,540538
False,100128
False,147331
False,569052
False,391456
False,157390
False,262545
False,146767
True,235316
False,465295
False,534694
False,139428
False,79024
False,346566
False,240637
False,77025
False,116712
False,11373
False,131815
False,220376
True,210214
False,493435
True,506075
False,560591
True,119157
True,95201
False,136539
False,353295
False,295560
False,225533
False,23751
False,151307
False,385181
False,355777
False,163908
False,164178
False,216962
False,159649
True,550134
False,202667
False,164121
False,119665
False,36273
False,103427
False,212023
False,549629
False,152388
False,406422
False,85403
False,407180
False,381639
False,501026
False,476035
False,271907
False,362716
True,458475
False,99238
False,504058
False,324713
False,138785
False,265453
False,357509
False,165014
False,551597
False,105252
False,499400
False,344729
False,130553
False,275034
False,442312
False,223643
False,193388
False,86777
False,396871
False,304794
False,321070
False,405840
False,503538
False,382689
False,379733
False,493110
False,191740
False,301837
False,220751
False,58465
False,309829
True,365164
False,502717
False,442468
False,130221
False,224037
False,74415
False,21095
True,279197
False,559386
False,410494
False,334208
False,159296
False,200638
False,26029
False,266029
False,433021
False,470308
False,280623
False,132587
False,179948
False,47603
False,347652
False,188421
False,346785
False,253183
False,19374
False,259535
False,112734
False,302928
False,396729
False,548964
False,391627
False,317790
False,285820
False,172246
False,318815
False,186550
False,125234
False,420673
False,458221
False,248603
False,240344
False,490869
False,323960
False,579307
False,21551
False,423209
False,305685
False,487589
False,545475
False,448286
False,268316
False,391678
False,478981
False,166392
False,571076
False,397010
False,33529
False,6640
False,155212
False,113360
False,180831
False,208535
True,387270
False,66348
False,264381
False,111245
False,539041
False,553108
False,449710
False,402359
False,84097
False,471013
False,101894
False,565767
True,356490
False,511349
False,151945
False,467038
False,551304
False,388394
False,576191
False,499700
False,98220
False,318476
False,486247
False,202438
False,551647
False,119561
False,35282
False,349560
False,140724
False,24038
False,372070
False,303685
True,562778
False,193023
False,416972
True,461644
False,240590
False,46329
False,401877
False,189152
False,207486
False,481911
False,29724
False,19306
False,481428
False,283037
False,323010
False,190664
False,123674
False,224383
False,66412
False,363214
False,221222
False,337180
False,42763
False,45404
False,467460
False,26611
False,115384
False,148771
False,185296
False,437620
False,486983
False,370165
True,380609
False,265745
False,182496
False,47328
False,5263
False,488207
False,534521
False,246728
False,329641
False,68069
False,115037
False,79701
False,226976
False,305538
False,153960
False,517967
False,208995
False,109146
False,446565
False,210671
False,30992
False,576082
False,297895
False,178337
False,346090
False,441858
False,232875
False,1261
False,25325
False,150931
False,219894
False,508761
False,122403
False,346741
False,24938
False,407487
False,187695
False,340276
False,323558
False,18150
True,289423
False,383641
False,429887
False,221736
False,105386
False,378661
False,554354
False,314554
False,100166
True,513039
False,354321
False,554238
False,275932
False,3521
False,170885
False,168580
False,130093
False,152012
False,427714
False,296139
False,394992
False,41461
False,112044
False,469457
False,94936
False,26584
False,224647
False,212629
False,236759
False,246032
False,139144
False,333687
False,543517
False,72519
False,321402
False,451121
False,244967
False,232770
False,206787
False,185716
False,159269
False,254046
True,19918
False,418325
False,250079
False,502708
False,250574
False,122147
False,448825
False,407298
False,454862
False,270644
False,172148
False,233040
False,37286
False,294744
False,476430
False,178911
False,376109
False,500100
False,466378
False,492408
False,576931
False,423585
False,526968
False,309252
False,388654
False,315350
False,102837
False,250427
False,224248
False,425112
False,210015
False,320660
False,13597
False,321969
False,162747
False,540846
False,259854
False,436691
False,25181
False,397167
False,53423
False,510571
False,177998
False,214908
False,487114
False,409209
False,237002
False,124765
False,237207
False,236206
False,529968
False,334772
False,2372
False,534857
False,23594
False,413297
False,192701
False,536109
False,336006
False,485342
False,479195
False,16040
False,402057
False,447948
False,475674
False,349725
False,359180
False,226258
False,501718
False,370413
False,202118
False,557163
False,263599
False,387434
False,460149
False,326311
False,120274
False,531020
False,466987
False,99938
False,566993
False,364738
False,463522
False,103730
False,267647
True,513998
False,118921
True,185916
False,355806
False,16314
False,125586
False,432868
False,43448
False,551118
False,410687
False,321424
False,33315
False,175270
False,290246
False,179070
False,554459
False,49517
False,77553
False,147425
False,567066
False,307990
False,161937
True,548224
False,455799
False,61382
False,93686
False,282661
False,529786
False,305690
False,165555
False,24776
False,140867
False,230070
False,65829
False,435902
False,310416
False,513966
False,500694
False,231206
False,153901
False,130292
False,413334
False,430144
False,403592
False,556969
False,221183
False,102377
True,333615
False,307263
False,427612
False,457067
False,533677
False,212525
False,58910
False,38614
False,578524
False,292739
False,491801
False,439506
False,560525
False,383084
True,142229
False,240434
False,82933
False,81443
False,491283
False,561753
False,114469
False,355182
False,253233
False,323925
False,133412
False,570543
False,447811
False,3817
False,326863
False,243955
False,380918
False,509468
False,218868
False,469134
False,210855
False,283859
False,311521
False,194685
False,185030
False,3623
False,580057
False,473171
False,119304
False,49942
False,237825
False,60970
False,289007
False,383163
False,442666
False,264767
False,22195
False,19739
False,304645
False,16432
False,5086
False,125944
False,507789
False,340877
False,207513
False,154607
False,296560
False,578344
False,238238
False,262239
False,266631
False,439881
False,477750
False,555658
False,361027
False,61949
False,44277
False,149682
False,369792
False,383930
False,474762
False,452122
True,346924
False,283312
False,182362
True,5644
False,12795
False,215815
False,275492
False,139083
False,444949
False,548725
False,170960
False,563083
True,165
False,108019
False,236556
False,68668
False,559366
False,137706
False,223684
False,58364
False,435034
False,455381
False,566512
False,254130
False,533898
False,255558
False,49845
False,140700
False,574153
False,389352
False,190659
False,312682
False,92990
False,323182
False,536400
False,339234
False,308722
False,112899
False,565918
False,62547
False,226278
False,105538
False,119308
False,147843
False,223157
False,216322
False,399984
True,357561
False,381527
False,98284
False,114684
True,456199
False,268032
False,48708
True,306800
False,491084
False,489554
False,555015
False,41781
False,203175
False,390797
False,478675
False,228133
False,457460
True,502433
False,507252
False,432909
False,531515
False,144429
False,182112
False,19123
False,424301
False,385864
False,550783
False,560392
False,453159
False,83427
False,342639
False,426474
False,516812
False,216036
False,44263
False,363639
False,62031
False,305895
False,138342
False,352485
False,465335
False,489613
False,334517
False,184590
False,341193
False,495403
False,32846
False,579865
False,486503
False,344881
False,382289
False,451798
False,244834
False,346749
False,303392
False,435109
False,195456
False,16451
True,107853
False,77649
False,125725
False,318462
False,219680
True,407644
False,355122
False,463318
False,570185
False,35446
False,209903
False,142500
False,399567
False,79459
False,227502
False,338325
False,505038
False,510423
True,411530
False,177524
False,352549
False,562885
False,36652
False,440133
False,398083
False,538609
False,466410
False,472163
False,1532
False,161772
False,378586
False,489369
False,4396
False,265412
False,11690
False,233869
False,183620
False,189701
False,389673
False,67997
False,467604
False,406500
True,106287
False,465524
False,417556
False,154023
False,485595
False,92963
False,110473
False,203926
True,182837
False,460830
False,58325
False,246411
False,465854
False,293703
True,109992
False,552253
False,470766
False,363078
False,332833
False,143921
False,432865
False,346795
False,88414
False,28367
True,491215
False,287872
False,134596
False,223959
False,109666
False,285018
False,134819
False,292620
False,317981
False,498350
False,499719
False,476947
False,427471
False,410155
False,169116
False,282883
False,63047
False,38370
False,356920
False,174026
True,492840
False,415280
False,489352
False,280184
False,68996
False,366136
True,350289
False,437119
False,8498
False,355947
False,531331
False,463588
False,302000
False,540564
False,168690
False,196442
False,403590
False,269355
False,355628
False,562650
False,9379
False,159223
False,324040
False,321935
False,212974
True,257215
False,265176
False,320362
False,61174
False,534722
False,56002
False,252759
False,479387
False,170348
True,496768
False,400507
False,381810
False,130324
False,131967
False,46997
False,359825
False,394474
False,496306
False,436695
False,532998
False,161414
False,517856
False,208849
False,489850
False,383263
False,143370
False,467674
False,393611
False,315
False,236314
False,437677
False,473779
False,512436
False,292060
False,55808
False,379279
False,341592
False,509483
False,267863
False,509292
False,154556
False,525529
False,459923
False,404005
False,115191
False,486227
False,133011
False,127937
False,291830
False,139945
False,243852
False,151005
False,388619
False,166505
False,456773
False,337915
False,315036
False,126047
False,153921
False,561776
False,255213
False,227463
False,117413
False,416467
False,116006
False,466202
False,336696
False,142599
False,77039
False,325569
False,61831
False,92815
False,525865
False,547148
False,388293
False,184902
False,298225
False,148955
False,517612
False,388829
False,479586
False,354185
False,218041
False,311933
False,580945
False,39359
False,505884
False,392027
False,69914
False,325043
False,71284
False,2296
True,575348
False,131118
False,491976
False,356002
False,577964
False,562834
False,280484
False,139815
False,458572
False,525272
False,570981
False,508567
False,216817
False,436392
False,193634
False,557848
False,206256
False,371326
False,165937
False,536615
False,148263
False,241984
False,452619
False,118703
False,268659
False,379312
False,235672
False,30595
False,512400
False,212203
False,204806
False,207317
False,206369
False,185634
False,265256
False,417720
False,174627
False,310216
False,237186
False,283170
False,528875
False,9859
True,204075
False,468960
False,26017
False,178031
False,579917
False,81862
False,176587
False,28044
False,490646
False,172989
False,535460
False,229947
False,162092
False,331690
False,304578
False,302067
False,56651
False,405756
False,476230
False,374885
False,372199
False,329638
False,189939
False,150958
False,343503
False,397192
False,97492
False,561514
False,362795
False,277390
False,107123
False,193261
False,312608
False,240289
False,231364
False,368852
False,161836
False,463739
False,508678
False,400371
False,71344
False,318571
False,170139
False,105052
False,210467
False,274022
False,278359
False,326313
False,541496
False,407532
True,301427
False,127306
False,447849
False,514622
False,64442
False,303863
False,359363
False,505389
False,173987
False,541746
False,93360
True,410272
False,163543
True,14801
False,179069
False,472282
False,130705
False,254948
False,80562
False,185519
False,372768
False,479866
False,164001
False,202413
False,369630
False,74312
False,927
False,67904
False,176312
False,304387
False,349734
False,415608
False,288290
False,322968
False,475567
False,445131
False,450434
False,283803
False,516186
False,219144
False,55903
False,5028
False,506012
False,318491
False,417201
False,73326
False,128943
False,183650
False,180549
False,148358
False,539056
False,215481
False,8786
False,264930
False,505592
False,304819
True,402328
False,25797
False,412722
False,406292
False,202402
False,187743
False,176716
True,64974
False,303708
True,171880
False,431625
False,554636
False,283286
False,524965
False,323934
False,164440
False,363171
False,214184
False,175756
False,58483
False,393794
False,146448
False,65325
False,348519
False,556980
False,112040
False,198611
False,28285
False,480797
False,195163
False,458232
False,454269
False,498091
False,157991
False,562195
False,380812
False,369820
False,54723
False,185888
False,225113
False,49738
False,284664
False,54712
False,123916
False,460344
False,49254
False,421744
True,323067
False,176328
False,78056
True,110777
False,418099
False,180402
False,580957
True,572182
False,348905
False,221505
False,52017
False,473100
False,369775
False,282343
False,41020
False,412848
False,388922
False,76261
False,175785
False,6484
False,274599
False,65400
False,121547
False,233104
False,26405
True,516318
False,418853
False,231194
True,486491
False,563605
True,508288
False,417766
True,36736
False,17761
False,199319
False,230179
False,34487
False,381403
True,211520
False,487825
False,12418
False,481552
False,32060
False,406034
False,376247
False,528972
False,84479
False,296255
False,204489
False,173833
False,499730
False,542511
False,24877
False,386043
False,65357
False,553051
False,528527
False,299560
False,67726
False,309003
False,271183
False,120826
False,395718
False,392818
False,377920
False,202966
False,442979
False,389391
False,557306
False,125452
False,337585
False,201186
False,65938
False,471871
False,210726
False,193363
False,345047
False,227185
False,415976
False,337748
False,114274
False,49199
False,497625
True,559145
False,406001
False,89694
False,249941
False,344488
False,446391
False,226518
False,172463
False,353561
False,341534
False,296907
False,40275
False,227003
False,304552
False,408253
False,207811
False,536741
False,340138
False,78868
False,337019
False,196379
False,188443
False,131128
False,193579
False,78320
False,46078
False,569957
False,57313
False,228504
False,185291
False,210480
False,108627
False,507939
False,17476
False,476681
False,543000
False,154359
False,169023
False,204962
False,308688
False,209229
False,96280
False,22962
False,179770
False,27319
False,369878
True,371497
False,344924
False,68414
False,560566
False,555405
False,254645
False,448243
False,136680
False,312398
True,409303
False,41842
False,429587
False,76674
False,247124
False,435267
False,24551
False,289180
True,332261
True,150773
False,121255
False,271422
False,575957
False,338319
False,462364
False,129492
False,301457
False,134074
False,472211
False,165835
False,284507
False,194559
False,395557
False,227451
False,244424
False,250758
False,212229
False,175469
False,541838
True,549849
False,153462
False,612
False,276590
False,393907
False,82486
False,355054
False,434502
False,384594
True,180524
False,561180
False,315338
False,268845
False,122535
False,103936
False,202168
False,217554
False,318598
True,549242
False,395406
False,151979
False,217454
False,189353
False,34938
False,365372
False,413489
False,134815
False,333754
False,471210
False,473352
False,120858
False,356347
False,352505
False,522464
False,273094
False,402199
False,186641
False,540735
False,348669
False,282032
False,211336
False,18412
False,7601
False,61527
False,166313
False,447865
False,213725
True,325530
False,30148
False,344197
False,274939
False,562308
False,376972
False,61803
False,309165
False,563292
False,66046
False,156754
False,503022
False,485267
False,77721
False,38616
False,17696
True,170779
False,294131
False,361103
False,28420
False,236941
False,231378
False,335065
False,232025
True,298139
False,573827
False,6906
False,14575
False,205700
False,485333
False,307243
False,362244
False,480490
True,443681
False,181566
False,81372
False,575978
False,357758
False,420963
False,453104
False,524311
False,302243
False,437516
False,207969
False,160142
False,487098
False,120490
True,457169
False,83738
False,203994
False,536034
False,202448
False,480990
False,203472
False,134657
False,117034
False,279388
False,350003
False,46372
False,330880
False,470937
False,554296
False,272034
False,73342
False,46195
False,578308
False,507293
False,78060
False,367268
False,311744
True,346577
False,293705
False,399946
False,477169
False,47928
False,131465
False,432851
False,247893
False,120246
False,221708
False,197759
False,333688
False,65029
False,53123
False,350522
False,344876
False,509054
False,206889
False,195650
False,99265
False,66493
False,404101
True,525155
False,462750
False,108908
False,37852
False,369712
True,188545
False,139551
False,371353
False,507958
False,240111
False,352334
False,144193
False,230014
False,213349
False,260525
False,528108
False,164924
False,327191
False,334975
False,179930
False,317349
False,403580
False,96473
False,59918
False,574760
False,515066
False,30290
False,166645
False,231102
False,550845
False,167510
False,379567
False,197886
False,316524
False,248730
False,100371
False,525340
False,335479
True,107781
False,422783
False,181135
False,548619
False,217135
False,291770
False,535050
False,420861
False,66755
False,449847
False,162627
True,494128
False,20692
False,139173
False,565652
False,4785
False,116074
False,304187
False,6914
False,465375
False,249882
False,85529
True,91318
False,18775
False,175418
False,218554
False,51500
False,51571
False,330067
False,101522
False,568630
False,579696
False,350107
False,20182
False,164
False,26981
False,125703
False,8027
False,346583
False,44763
False,111432
False,531928
False,269612
False,581309
False,114246
False,137778
False,174901
False,311056
False,107886
False,40455
False,400333
False,178637
False,286042
True,444927
False,108503
False,552235
False,264209
False,398571
True,361384
False,500814
False,241622
False,560421
False,138915
False,125979
False,149791
False,326428
False,482454
False,216551
False,571031
False,378588
False,34333
True,57614
False,159823
True,559948
False,303537
False,159771
False,205631
False,451123
False,265974
False,293802
False,216006
False,102311
False,465346
False,211069
False,339543
False,485580
True,578849
False,340684
True,444913
False,520525
False,219816
False,255965
True,42339
False,56837
False,412824
False,246759
False,263582
False,446497
False,448609
True,120655
False,545066
False,428612
False,116043
False,496747
True,401369
False,26784
False,314993
False,60992
False,189767
False,62552
True,25759
False,337151
False,413295
False,91005
False,515729
False,196192
False,381971
False,400199
False,89549
False,150309
False,346334
False,510334
False,24287
False,486162
False,438154
False,149085
True,316143
False,318219
False,328805
False,138435
False,343218
False,291614
False,318469
False,409652
False,272269
True,517869
True,467223
False,571313
True,554742
False,516725
False,1810
False,576011
False,18519
False,308803
False,9843
False,558794
False,248712
False,428447
False,392363
False,80943
False,451621
False,34207
False,429902
False,230268
False,537887
False,314026
False,494089
False,361551
False,213434
True,260024
False,133490
False,271002
False,483955
False,386936
False,166565
False,463803
False,320951
False,86011
False,122135
False,549287
False,454750
False,137371
False,7048
False,565459
False,482858
False,328673
False,362127
False,289791
False,277778
False,575842
False,57068
False,329341
False,496252
False,527363
False,465601
False,233453
False,383107
False,121443
False,57147
False,281766
False,462505
False,566491
False,499307
False,383786
False,89912
False,307751
False,175333
False,197068
False,355830
False,98739
True,151259
False,428736
False,571279
False,405515
False,570412
False,355168
False,72998
False,219063
False,82180
False,173799
False,167443
False,73997
False,369201
False,199815
False,395046
False,563712
False,50256
False,547229
False,417597
False,426172
False,22696
False,246976
False,75852
False,238839
False,532128
False,373346
False,68300
False,118739
True,136661
False,43545
False,290192
False,229456
False,541505
False,38685
False,108840
False,577926
False,129415
False,497759
False,511070
False,50658
False,173302
False,577246
False,342442
False,31345
False,438915
False,144251
False,496239
False,153235
False,547645
False,384964
False,149257
False,459887
False,264642
False,254491
False,440154
False,41649
False,272852
False,63890
False,576709
True,153300
False,215170
False,420425
False,69266
False,296528
False,561950
False,86750
False,537297
False,348751
False,581829
False,226583
False,324253
False,313983
False,278673
False,108802
False,479734
False,348585
False,469445
False,578169
False,568658
False,557824
False,498114
False,248152
False,509415
False,479198
False,151163
False,395775
False,204643
False,137140
False,448696
False,502470
False,554710
False,580234
False,330726
False,437530
False,91195
False,469648
False,158020
False,528386
False,157342
False,312486
False,281317
False,7274
True,409058
False,281014
False,542304
False,273147
False,578385
False,503799
False,359656
False,202573
False,538947
False,281625
False,251144
False,508440
False,309983
False,454637
False,377910
False,224759
False,193342
False,460289
True,39988
False,15595
False,128885
False,36797
False,355622
False,409725
False,468626
False,474012
False,224281
False,432468
False,542231
False,330986
False,214821
False,75923
False,487525
True,3375
False,142047
False,555108
False,134640
False,182799
False,562519
False,382979
False,497335
False,351191
False,412407
False,532684
False,238915
False,296997
False,313979
False,11004
False,229753
False,238603
False,88859
False,456975
False,240128
False,225565
False,73172
True,338544
False,368752
False,373109
False,541952
False,524392
False,160822
False,57201
False,80045
False,323303
False,508454
False,219750
False,19380
False,304534
True,304008
False,463670
False,38323
False,121783
False,229569
False,205911
False,403723
False,224396
False,300439
False,504006
False,430155
False,309100
False,152844
False,194210
False,71927
False,166711
False,405279
False,369433
False,549377
False,568117
False,80041
False,267942
False,287415
False,350717
False,98973
False,344194
False,312263
False,224263
False,34691
False,27874
False,121994
False,361233
False,191881
False,248779
False,197324
False,100409
False,230600
False,349678
True,123269
False,4988
False,208845
True,455665
False,391976
True,357176
False,246453
True,534687
False,530494
False,202748
False,247131
False,464150
False,103585
False,96202
False,225360
False,285450
False,274474
False,41340
False,379340
False,112805
False,236381
True,51793
False,393115
False,57526
False,316640
False,535019
False,358650
False,38840
False,192576
False,566064
False,272463
False,477852
False,418288
False,562895
False,216029
False,177277
True,555606
False,175655
False,51454
False,346754
False,267552
False,64802
False,108566
False,154686
False,32286
False,247378
True,397286
False,566341
False,38022
False,119550
False,424912
False,203003
False,465537
False,60172
False,526966
False,34
False,193222
False,164491
False,156784
False,224241
False,406226
False,497441
False,113058
False,207549
False,415585
False,40685
False,98950
True,139011
False,476188
False,509009
False,148839
False,556374
False,437664
False,543028
False,163250
False,353858
True,119979
False,343458
False,179322
False,46809
False,322558
False,25855
False,546569
False,460228
False,382148
False,65001
False,267516
False,226762
False,395039
False,16243
False,486501
False,365003
False,231837
False,244999
False,287970
False,24815
False,454830
False,452772
False,1625
True,335274
False,433657
False,462057
False,355276
False,466939
False,553760
False,88848
False,328228
True,356622
True,417700
False,389516
False,53606
False,272837
False,430167
False,387379
False,151662
False,366830
False,303436
False,459475
False,122964
False,546765
False,281977
False,294487
False,264594
False,10881
False,349363
False,51302
False,95809
False,499349
False,87377
False,186991
False,30210
True,41077
False,386912
False,1527
False,402087
False,180830
False,323571
False,411685
False,289199
False,475890
False,129735
False,253049
False,96757
False,207770
False,273246
False,128768
False,369349
False,375341
False,543402
False,47172
False,500900
False,387759
False,316746
False,557329
False,69878
False,378658
False,164043
False,557501
False,299443
False,317781
True,302168
False,121745
False,492723
False,543840
False,143387
False,85865
False,177829
False,571671
False,37719
False,241458
False,99363
False,490893
False,167347
False,162178
True,96304
False,352192
False,354095
False,75866
